tag_id,species,date,level,field_name,prop_use,confidence
07075555,BOBO,2023-06-25,95,alfalfa,0.00516127361203961,0
07075555,BOBO,2023-06-25,95,blue_silo,0.1024295817631374,0
07075555,BOBO,2023-06-25,95,swale,0.7218899377650589,0.6754779108165737
07075555,BOBO,2023-06-25,50,swale,0.9249422276835142,0.6754779108165737
07075555,BOBO,2023-06-25,95,pond,0.09769702154359532,0.23595886372933175
07075555,BOBO,2023-06-25,50,pond,0.04372704076647729,0.23595886372933175
07075555,BOBO,2023-06-25,95,back_woods,0.02553111565971944,0
07075555,BOBO,2023-06-25,95,off_field,0.04525075247345534,NA
07075555,BOBO,2023-06-25,50,off_field,0.03133073155000855,NA
07075555,BOBO,2023-06-28,95,blue_silo,0.05987171338993138,0
07075555,BOBO,2023-06-28,95,swale,0.8099612680570764,0.62205054261037
07075555,BOBO,2023-06-28,50,swale,0.9567782771789556,0.62205054261037
07075555,BOBO,2023-06-28,95,pond,0.06946373123882756,0.02617054730811114
07075555,BOBO,2023-06-28,95,back_woods,0.00761187238624362,0
07075555,BOBO,2023-06-28,95,off_field,0.05309141492792111,NA
07075555,BOBO,2023-06-28,50,off_field,0.03976955186442059,NA
07075555,BOBO,2023-06-29,95,blue_silo,0.1165261151758773,0.18124058965837295
07075555,BOBO,2023-06-29,50,blue_silo,0.04010539715439901,0.18124058965837295
07075555,BOBO,2023-06-29,95,swale,0.8326559094571189,0.5868896314412915
07075555,BOBO,2023-06-29,50,swale,0.9279959750926012,0.5868896314412915
07075555,BOBO,2023-06-29,95,off_field,0.05081797536700379,NA
07075555,BOBO,2023-06-29,50,off_field,0.03189862775299974,NA
07075555,BOBO,2023-07-04,95,blue_silo,0.6542411217894704,0.762449607057979
07075555,BOBO,2023-07-04,50,blue_silo,0.94674879330014,0.762449607057979
07075555,BOBO,2023-07-04,95,swale,0.1692749551507997,0
07075555,BOBO,2023-07-04,95,off_field,0.17312048702648647,NA
07075555,BOBO,2023-07-04,50,off_field,0.05325120669986007,NA
07075555,BOBO,2023-06-19,95,blue_silo,0.5963824593300333,0.5853828744196159
07075555,BOBO,2023-06-19,50,blue_silo,0.6627996048715494,0.5853828744196159
07075555,BOBO,2023-06-19,95,swale,0.32608690196818757,0.391293094315025
07075555,BOBO,2023-06-19,50,swale,0.2422439305149897,0.391293094315025
07075555,BOBO,2023-06-19,95,off_field,0.07548210560158301,NA
07075555,BOBO,2023-06-19,50,off_field,0.09495646461346084,NA
07075555,BOBO,2023-06-24,95,alfalfa,0.01664603864251218,0
07075555,BOBO,2023-06-24,95,swale,0.9588086094629767,0.549161923666577
07075555,BOBO,2023-06-24,50,swale,1.0000000129822777,0.549161923666577
07075555,BOBO,2023-06-24,95,pond,0.01033805396488865,0
07075555,BOBO,2023-06-24,95,off_field,0.01207359685284665,NA
07075555,BOBO,2023-06-24,50,off_field,0,NA
07075555,BOBO,2023-07-09,95,alfalfa,0.02982136876553861,0
07075555,BOBO,2023-07-09,95,blue_silo,0.1731349733818643,0.5824677999032163
07075555,BOBO,2023-07-09,50,blue_silo,0.19150487667125743,0.5824677999032163
07075555,BOBO,2023-07-09,95,swale,0.3684571146443534,0.4830032666146935
07075555,BOBO,2023-07-09,50,swale,0.3379559729305173,0.4830032666146935
07075555,BOBO,2023-07-09,95,gi,0.01163313931630187,0
07075555,BOBO,2023-07-09,95,wish_well,0.0148293095562386,0
07075555,BOBO,2023-07-09,95,off_field,0.39727987715041696,NA
07075555,BOBO,2023-07-09,50,off_field,0.4705391503982253,NA
07075555,BOBO,2023-06-21,95,blue_silo,0.25658398892092726,0.19355823945542489
07075555,BOBO,2023-06-21,50,blue_silo,0.09432755677783115,0.19355823945542489
07075555,BOBO,2023-06-21,95,swale,0.6649899938244109,0.6532486346235482
07075555,BOBO,2023-06-21,50,swale,0.8250703702574623,0.6532486346235482
07075555,BOBO,2023-06-21,95,off_field,0.07842601725466179,NA
07075555,BOBO,2023-06-21,50,off_field,0.08060207296470649,NA
07075555,BOBO,2023-06-23,95,swale,0.9999999564409024,0.5265117853401452
07075555,BOBO,2023-06-23,50,swale,0.9999999813920252,0.5265117853401452
07075555,BOBO,2023-06-23,95,off_field,4.355909753539508e-8,NA
07075555,BOBO,2023-06-23,50,off_field,1.86079747909984e-8,NA
07075555,BOBO,2023-06-27,95,alfalfa,0.0079328858474004,0
07075555,BOBO,2023-06-27,95,blue_silo,0.03387000521656499,0
07075555,BOBO,2023-06-27,95,swale,0.9264310031850406,0.569080040093118
07075555,BOBO,2023-06-27,50,swale,0.9999999967751416,0.569080040093118
07075555,BOBO,2023-06-27,95,pond,0.01272943065497859,0
07075555,BOBO,2023-06-27,95,off_field,0.01820207048938573,NA
07075555,BOBO,2023-06-27,50,off_field,3.224858463203326e-9,NA
07075555,BOBO,2023-07-01,95,alfalfa,0.0061977844658857,0
07075555,BOBO,2023-07-01,95,blue_silo,0.20382349357922325,0.5384692913099821
07075555,BOBO,2023-07-01,50,blue_silo,0.2083324773269557,0.5384692913099821
07075555,BOBO,2023-07-01,95,swale,0.478360787570994,0.6033071432232013
07075555,BOBO,2023-07-01,50,swale,0.5478174171064983,0.6033071432232013
07075555,BOBO,2023-07-01,95,pond,0.13622432723145206,0.6364945465219156
07075555,BOBO,2023-07-01,50,pond,0.16458534227314914,0.6364945465219156
07075555,BOBO,2023-07-01,95,back_woods,0.02452927218133533,0
07075555,BOBO,2023-07-01,95,off_field,0.15086433497110965,NA
07075555,BOBO,2023-07-01,50,off_field,0.07926476329339678,NA
07075555,BOBO,2023-07-02,95,blue_silo,0.731844778140476,0.7202513181821278
07075555,BOBO,2023-07-02,50,blue_silo,0.9999999893618744,0.7202513181821278
07075555,BOBO,2023-07-02,95,swale,0.1726257607514899,0
07075555,BOBO,2023-07-02,95,off_field,0.09218977058899604,NA
07075555,BOBO,2023-07-02,50,off_field,1.0638125452509812e-8,NA
07075555,BOBO,2023-07-06,95,alfalfa,0.01275291347188294,0
07075555,BOBO,2023-07-06,95,blue_silo,0.2437146358537005,0.7752106661947159
07075555,BOBO,2023-07-06,50,blue_silo,0.3587067022167011,0.7752106661947159
07075555,BOBO,2023-07-06,95,swale,0.4414325901936608,0.4230335379370782
07075555,BOBO,2023-07-06,50,swale,0.35454987254531717,0.4230335379370782
07075555,BOBO,2023-07-06,95,pond,0.03566554369813651,0.00423358477751687
07075555,BOBO,2023-07-06,95,off_field,0.25842720039634953,NA
07075555,BOBO,2023-07-06,50,off_field,0.2864567466538854,NA
07075555,BOBO,2023-06-17,95,alfalfa,0.1581844967697939,0.45729483054833553
07075555,BOBO,2023-06-17,50,alfalfa,0.13733264486003344,0.45729483054833553
07075555,BOBO,2023-06-17,95,blue_silo,0.10193183832741584,0
07075555,BOBO,2023-06-17,95,bobolink,0.01768536857869629,0
07075555,BOBO,2023-06-17,95,swale,0.6346714204284544,0.7162676941392941
07075555,BOBO,2023-06-17,50,swale,0.8630538232430496,0.7162676941392941
07075555,BOBO,2023-06-17,95,quarter,0.00671157450946115,0
07075555,BOBO,2023-06-17,95,front_hay,0.00555854996893356,0
07075555,BOBO,2023-06-17,95,pond,0.01033032040361582,0
07075555,BOBO,2023-06-17,95,cat_barn,0.00513378641805559,0
07075555,BOBO,2023-06-17,95,gi,0.01996809405461885,0
07075555,BOBO,2023-06-17,95,off_field,0.02995529298474058,NA
07075555,BOBO,2023-06-17,50,off_field,0,NA
07075555,BOBO,2023-07-07,95,alfalfa,0.01539692399589799,0.0399091706057984
07075555,BOBO,2023-07-07,95,blue_silo,0.3697497657439148,0.807306632286843
07075555,BOBO,2023-07-07,50,blue_silo,0.5668805122160012,0.807306632286843
07075555,BOBO,2023-07-07,95,bobolink,0.02806339997379474,0.43309174145222296
07075555,BOBO,2023-07-07,50,bobolink,0.02308156691184465,0.43309174145222296
07075555,BOBO,2023-07-07,95,swale,0.3960455016650804,0.3931446902181963
07075555,BOBO,2023-07-07,50,swale,0.2956940589985851,0.3931446902181963
07075555,BOBO,2023-07-07,95,pond,0.03168622995813008,0
07075555,BOBO,2023-07-07,95,off_field,0.15905194042490753,NA
07075555,BOBO,2023-07-07,50,off_field,0.11317691316470813,NA
07075555,BOBO,2023-06-15,95,alfalfa,0.01450293504018713,0
07075555,BOBO,2023-06-15,95,blue_silo,0.01298949110867762,0
07075555,BOBO,2023-06-15,95,bobolink,0.08179351112556142,0.13043229255189007
07075555,BOBO,2023-06-15,50,bobolink,0.02026611294019558,0.13043229255189007
07075555,BOBO,2023-06-15,95,swale,0.2596468384818136,0.6496233347966907
07075555,BOBO,2023-06-15,50,swale,0.32041374268958867,0.6496233347966907
07075555,BOBO,2023-06-15,95,pond,0.25420449158525915,0.6889927173131289
07075555,BOBO,2023-06-15,50,pond,0.3327088328090173,0.6889927173131289
07075555,BOBO,2023-06-15,95,back_woods,0.15931914465190958,0.05781080717876858
07075555,BOBO,2023-06-15,50,back_woods,0.01749618969655157,0.05781080717876858
07075555,BOBO,2023-06-15,95,off_field,0.21751735062339553,NA
07075555,BOBO,2023-06-15,50,off_field,0.30911512186464685,NA
07075555,BOBO,2023-06-18,95,alfalfa,0.00806597110723864,0
07075555,BOBO,2023-06-18,95,blue_silo,0.2675031814990488,0.20546687154146528
07075555,BOBO,2023-06-18,50,blue_silo,0.10417120168834317,0.20546687154146528
07075555,BOBO,2023-06-18,95,bobolink,0.02323652173227046,0
07075555,BOBO,2023-06-18,95,swale,0.623296870521856,0.6828598666006046
07075555,BOBO,2023-06-18,50,swale,0.8066840116530716,0.6828598666006046
07075555,BOBO,2023-06-18,95,off_field,0.07261168748699319,NA
07075555,BOBO,2023-06-18,50,off_field,0.0891447866585853,NA
07075555,BOBO,2023-06-26,95,blue_silo,0.04935019156111348,0
07075555,BOBO,2023-06-26,95,swale,0.9138382680348964,0.5792225692385298
07075555,BOBO,2023-06-26,50,swale,0.9999999870350812,0.5792225692385298
07075555,BOBO,2023-06-26,95,pond,0.01640908795123862,0
07075555,BOBO,2023-06-26,95,off_field,0.02040245245275135,NA
07075555,BOBO,2023-06-26,50,off_field,1.2964918664574302e-8,NA
07075555,BOBO,2023-07-11,95,alfalfa,0.00511232262947818,0
07075555,BOBO,2023-07-11,95,blue_silo,0.01128395120837946,0
07075555,BOBO,2023-07-11,95,frog,0.03289062459156027,0
07075555,BOBO,2023-07-11,95,horse,0.07460260725287465,0
07075555,BOBO,2023-07-11,95,swale,0.09904358704824802,0
07075555,BOBO,2023-07-11,95,quarter,0.02561611431965414,0
07075555,BOBO,2023-07-11,95,native_ws,0.4451009264386392,0.8478027772109339
07075555,BOBO,2023-07-11,50,native_ws,0.7168642103668099,0.8478027772109339
07075555,BOBO,2023-07-11,95,cattle,0.04392063419261388,0
07075555,BOBO,2023-07-11,95,wish_well,0.20246596134658176,0.5146980762253431
07075555,BOBO,2023-07-11,50,wish_well,0.19796487065117707,0.5146980762253431
07075555,BOBO,2023-07-11,95,off_field,0.05493800873140783,NA
07075555,BOBO,2023-07-11,50,off_field,0.08517091898201305,NA
07075555,BOBO,2023-06-30,95,alfalfa,0.04329189729585742,0.6300371714075238
07075555,BOBO,2023-06-30,50,alfalfa,0.05180007393396407,0.6300371714075238
07075555,BOBO,2023-06-30,95,blue_silo,0.08376212268973701,0
07075555,BOBO,2023-06-30,95,swale,0.848779318782616,0.5886652196052298
07075555,BOBO,2023-06-30,50,swale,0.9489006696223472,0.5886652196052298
07075555,BOBO,2023-06-30,95,off_field,0.02416666123178952,NA
07075555,BOBO,2023-06-30,50,off_field,0,NA
07075555,BOBO,2023-07-10,95,blue_silo,0.5255700427621663,0.6658747828355306
07075555,BOBO,2023-07-10,50,blue_silo,0.6642515813564668,0.6658747828355306
07075555,BOBO,2023-07-10,95,swale,0.3144886584358086,0.4449183454996204
07075555,BOBO,2023-07-10,50,swale,0.26557960925511975,0.4449183454996204
07075555,BOBO,2023-07-10,95,retired,0.00877823215986081,0
07075555,BOBO,2023-07-10,95,off_field,0.14316537886360012,NA
07075555,BOBO,2023-07-10,50,off_field,0.07016880938841345,NA
07075555,BOBO,2023-07-03,95,alfalfa,0.00766091677061098,0
07075555,BOBO,2023-07-03,95,blue_silo,0.5311264502382121,0.7356010187090424
07075555,BOBO,2023-07-03,50,blue_silo,0.7403701605017776,0.7356010187090424
07075555,BOBO,2023-07-03,95,swale,0.40429241824312384,0.32313245120805567
07075555,BOBO,2023-07-03,50,swale,0.2475624813367459,0.32313245120805567
07075555,BOBO,2023-07-03,95,off_field,0.05692021474805301,NA
07075555,BOBO,2023-07-03,50,off_field,0.01206735816147649,NA
07075555,BOBO,2023-07-05,95,blue_silo,0.18100222907154773,0.6155469622984048
07075555,BOBO,2023-07-05,50,blue_silo,0.2115896654663509,0.6155469622984048
07075555,BOBO,2023-07-05,95,swale,0.5811955462017708,0.5926731987518097
07075555,BOBO,2023-07-05,50,swale,0.6541643945056892,0.5926731987518097
07075555,BOBO,2023-07-05,95,pond,0.07587642572403935,0.13864312052552694
07075555,BOBO,2023-07-05,50,pond,0.01997811577270613,0.13864312052552694
07075555,BOBO,2023-07-05,95,off_field,0.16192579900264217,NA
07075555,BOBO,2023-07-05,50,off_field,0.1142678242552538,NA
07075555,BOBO,2023-06-14,95,alfalfa,0.02468001076540879,0
07075555,BOBO,2023-06-14,95,blue_silo,0.07399913459707731,0
07075555,BOBO,2023-06-14,95,bobolink,0.07510307460711661,0
07075555,BOBO,2023-06-14,95,retired,0.00542084825438497,0
07075555,BOBO,2023-06-14,95,front_hay,0.0194209963139144,0
07075555,BOBO,2023-06-14,95,clydesdale,0.00983756441946562,0
07075555,BOBO,2023-06-14,95,pond,0.5714542826126653,0.733635699305365
07075555,BOBO,2023-06-14,50,pond,0.7961574075539903,0.733635699305365
07075555,BOBO,2023-06-14,95,back_woods,0.01645032249949294,0
07075555,BOBO,2023-06-14,95,off_field,0.20020988117466973,NA
07075555,BOBO,2023-06-14,50,off_field,0.20384259244600972,NA
07075555,BOBO,2023-06-22,95,blue_silo,0.07655351738838044,0
07075555,BOBO,2023-06-22,95,swale,0.8779679313700851,0.5905886555325901
07075555,BOBO,2023-06-22,50,swale,0.9850462661035788,0.5905886555325901
07075555,BOBO,2023-06-22,95,off_field,0.04025835506403528,NA
07075555,BOBO,2023-06-22,50,off_field,0.01495373389642111,NA
07075555,BOBO,2023-06-16,95,alfalfa,0.168527605182106,0.3825771029040423
07075555,BOBO,2023-06-16,50,alfalfa,0.12237777846116732,0.3825771029040423
07075555,BOBO,2023-06-16,95,blue_silo,0.08486796638115755,0.02006528216210276
07075555,BOBO,2023-06-16,95,bobolink,0.0188398569141872,0
07075555,BOBO,2023-06-16,95,horse,0.01028390688857,0
07075555,BOBO,2023-06-16,95,swale,0.6231923486823506,0.7305796255400744
07075555,BOBO,2023-06-16,50,swale,0.8641760194277096,0.7305796255400744
07075555,BOBO,2023-06-16,95,back_woods,0.02128734617345303,0
07075555,BOBO,2023-06-16,95,piano,0.00516391079721665,0
07075555,BOBO,2023-06-16,95,off_field,0.05921212470218148,NA
07075555,BOBO,2023-06-16,50,off_field,0.01021397693617625,NA
07075555,BOBO,2023-06-20,95,blue_silo,0.5587353852303134,0.4354407736479851
07075555,BOBO,2023-06-20,50,blue_silo,0.46185843666305704,0.4354407736479851
07075555,BOBO,2023-06-20,95,swale,0.3811945478624181,0.6418200492981697
07075555,BOBO,2023-06-20,50,swale,0.46444422988888256,0.6418200492981697
07075555,BOBO,2023-06-20,95,off_field,0.06007006690726851,NA
07075555,BOBO,2023-06-20,50,off_field,0.07369733344806037,NA
07075555,BOBO,2023-07-08,95,alfalfa,0.06972539071836623,0.22611757512361455
07075555,BOBO,2023-07-08,50,alfalfa,0.02994368564315501,0.22611757512361455
07075555,BOBO,2023-07-08,95,blue_silo,0.04007500937506626,0
07075555,BOBO,2023-07-08,95,swale,0.541367208080287,0.7177322131063236
07075555,BOBO,2023-07-08,50,swale,0.7379626186746185,0.7177322131063236
07075555,BOBO,2023-07-08,95,pond,0.1774509832103763,0.6197507149005989
07075555,BOBO,2023-07-08,50,pond,0.2088696914392536,0.6197507149005989
07075555,BOBO,2023-07-08,95,back_woods,0.01073909416493196,0
07075555,BOBO,2023-07-08,95,off_field,0.1561324916407705,NA
07075555,BOBO,2023-07-08,50,off_field,0.02322400424297289,NA
072D782D,EAME,2023-06-02,95,blue_silo,0.00708124017543954,0
072D782D,EAME,2023-06-02,95,bobolink,0.9897631453042588,0.5318227596845873
072D782D,EAME,2023-06-02,50,bobolink,1.0000000365338833,0.5318227596845873
072D782D,EAME,2023-06-02,95,off_field,0.00254627878310597,NA
072D782D,EAME,2023-06-02,50,off_field,0,NA
072D782D,EAME,2023-06-03,95,blue_silo,0.23342680900864876,0.5995141435907956
072D782D,EAME,2023-06-03,50,blue_silo,0.2657193153783082,0.5995141435907956
072D782D,EAME,2023-06-03,95,bobolink,0.6059017155265778,0.42772134014771773
072D782D,EAME,2023-06-03,50,bobolink,0.4920803912829844,0.42772134014771773
072D782D,EAME,2023-06-03,95,off_field,0.1606714754647734,NA
072D782D,EAME,2023-06-03,50,off_field,0.24220029333870743,NA
072D782D,EAME,2023-05-31,95,blue_silo,0.1767203425065318,0.7078686344009694
072D782D,EAME,2023-05-31,50,blue_silo,0.23767317742183824,0.7078686344009694
072D782D,EAME,2023-05-31,95,bobolink,0.6182463765283597,0.4442270260265447
072D782D,EAME,2023-05-31,50,bobolink,0.5218041333126838,0.4442270260265447
072D782D,EAME,2023-05-31,95,swale,0.01575904856053079,0.07931149775443515
072D782D,EAME,2023-05-31,95,front_hay,0.03190449402470185,0
072D782D,EAME,2023-05-31,95,off_field,0.1548915497169161,NA
072D782D,EAME,2023-05-31,50,off_field,0.23814799828015976,NA
072D782D,EAME,2023-06-04,95,blue_silo,0.02038015273230543,0
072D782D,EAME,2023-06-04,95,bobolink,0.9342811620521382,0.5611143856610435
072D782D,EAME,2023-06-04,50,bobolink,0.9949817211039064,0.5611143856610435
072D782D,EAME,2023-06-04,95,off_field,0.04533868521555643,NA
072D782D,EAME,2023-06-04,50,off_field,0.00501827889609369,NA
072D782D,EAME,2023-06-05,95,bobolink,1.000000019424581,0.5313642116364313
072D782D,EAME,2023-06-05,50,bobolink,1.000000005027767,0.5313642116364313
072D782D,EAME,2023-06-05,95,off_field,0,NA
072D782D,EAME,2023-06-05,50,off_field,0,NA
072D782D,EAME,2023-05-30,95,blue_silo,0.1633105956603716,0.5721556869115947
072D782D,EAME,2023-05-30,50,blue_silo,0.17746285914254278,0.5721556869115947
072D782D,EAME,2023-05-30,95,bobolink,0.7045460979817066,0.49997814121986345
072D782D,EAME,2023-05-30,50,bobolink,0.6690203436494953,0.49997814121986345
072D782D,EAME,2023-05-30,95,front_hay,0.02054808071159328,0
072D782D,EAME,2023-05-30,95,off_field,0.106726224253312,NA
072D782D,EAME,2023-05-30,50,off_field,0.153516797207962,NA
072D782D,EAME,2023-06-01,95,blue_silo,0.2757799324890266,0.5432820156589897
072D782D,EAME,2023-06-01,50,blue_silo,0.2846699558177456,0.5432820156589897
072D782D,EAME,2023-06-01,95,bobolink,0.5964759985129523,0.6285886705493186
072D782D,EAME,2023-06-01,50,bobolink,0.7123823753581133,0.6285886705493186
072D782D,EAME,2023-06-01,95,retired,0.01628602873219383,0
072D782D,EAME,2023-06-01,95,front_hay,0.05386395569248872,1.028322478543962e-4
072D782D,EAME,2023-06-01,95,off_field,0.05402917566440261,NA
072D782D,EAME,2023-06-01,50,off_field,0.00293714481497186,NA
07342A07,BOBO,2023-06-19,95,frog,0.01059927594619436,0
07342A07,BOBO,2023-06-19,95,horse,0.29285107523211196,0.8504399966804596
07342A07,BOBO,2023-06-19,50,horse,0.4731151776085401,0.8504399966804596
07342A07,BOBO,2023-06-19,95,swale,0.0128089807372547,0
07342A07,BOBO,2023-06-19,95,quarter,0.11258973201280956,0.16649611740509515
07342A07,BOBO,2023-06-19,50,quarter,0.03561059878847412,0.16649611740509515
07342A07,BOBO,2023-06-19,95,cat_barn,0.07290932396615044,0.08348215015639424
07342A07,BOBO,2023-06-19,50,cat_barn,0.01156253546973236,0.08348215015639424
07342A07,BOBO,2023-06-19,95,gi,0.01161032362092538,0
07342A07,BOBO,2023-06-19,95,native_ws,0.14370814145580502,0.4160970359067687
07342A07,BOBO,2023-06-19,50,native_ws,0.11359321078791292,0.4160970359067687
07342A07,BOBO,2023-06-19,95,cattle,0.01604780272069086,0
07342A07,BOBO,2023-06-19,95,wish_well,0.21788692148212507,0.7912255839426475
07342A07,BOBO,2023-06-19,50,wish_well,0.32749740627698154,0.7912255839426475
07342A07,BOBO,2023-06-19,95,off_field,0.10480179622201416,NA
07342A07,BOBO,2023-06-19,50,off_field,0.03862107106835902,NA
07342A07,BOBO,2023-06-21,95,alfalfa,0.0418958708390963,0.19353137278966204
07342A07,BOBO,2023-06-21,50,alfalfa,0.01540488874940159,0.19353137278966204
07342A07,BOBO,2023-06-21,95,blue_silo,0.04814184956611792,0.3340457612559785
07342A07,BOBO,2023-06-21,50,blue_silo,0.03055376287734083,0.3340457612559785
07342A07,BOBO,2023-06-21,95,frog,0.03619658403035031,0
07342A07,BOBO,2023-06-21,95,horse,0.02136421873859916,0
07342A07,BOBO,2023-06-21,95,swale,0.13685059969831562,0.6205641990797135
07342A07,BOBO,2023-06-21,50,swale,0.16135015578513331,0.6205641990797135
07342A07,BOBO,2023-06-21,95,wheat,0.06106627447670561,0
07342A07,BOBO,2023-06-21,95,quarter,0.21153343342297304,0.6755709566545982
07342A07,BOBO,2023-06-21,50,quarter,0.2715100790622758,0.6755709566545982
07342A07,BOBO,2023-06-21,95,cat_barn,0.11207914014086562,0.8101032199196323
07342A07,BOBO,2023-06-21,50,cat_barn,0.17250477294390368,0.8101032199196323
07342A07,BOBO,2023-06-21,95,gi,0.04113980032336214,0.32599126196077655
07342A07,BOBO,2023-06-21,50,gi,0.02548027469479865,0.32599126196077655
07342A07,BOBO,2023-06-21,95,native_ws,0.04712011804456653,0
07342A07,BOBO,2023-06-21,95,cattle,0.00789504913415701,0
07342A07,BOBO,2023-06-21,95,wish_well,0.02040741259928302,0
07342A07,BOBO,2023-06-21,95,off_field,0.2143096489856077,NA
07342A07,BOBO,2023-06-21,50,off_field,0.3231960658871461,NA
07342A07,BOBO,2023-06-14,95,horse,0.06562286487895876,0.09259031885823564
07342A07,BOBO,2023-06-14,50,horse,0.01153750543198865,0.09259031885823564
07342A07,BOBO,2023-06-14,95,quarter,0.418828849272967,0.7200564131918714
07342A07,BOBO,2023-06-14,50,quarter,0.5726565913274282,0.7200564131918714
07342A07,BOBO,2023-06-14,95,cat_barn,0.01713955436234596,0
07342A07,BOBO,2023-06-14,95,native_ws,0.33177539781044363,0.4958690852843854
07342A07,BOBO,2023-06-14,50,native_ws,0.3123937700368933,0.4958690852843854
07342A07,BOBO,2023-06-14,95,off_field,0.16175700956315528,NA
07342A07,BOBO,2023-06-14,50,off_field,0.10341213320368992,NA
07342A07,BOBO,2023-06-15,95,horse,0.3234751695845946,0.7664524814026835
07342A07,BOBO,2023-06-15,50,horse,0.4709511194568876,0.7664524814026835
07342A07,BOBO,2023-06-15,95,quarter,0.2224573192019146,0.568742325462394
07342A07,BOBO,2023-06-15,50,quarter,0.2403321648232107,0.568742325462394
07342A07,BOBO,2023-06-15,95,cat_barn,0.02193164186680954,0
07342A07,BOBO,2023-06-15,95,native_ws,0.2416052778441301,0.4227406770920176
07342A07,BOBO,2023-06-15,50,native_ws,0.19401267586198,0.4227406770920176
07342A07,BOBO,2023-06-15,95,wish_well,0.06663684477408334,0.32029809241319035
07342A07,BOBO,2023-06-15,50,wish_well,0.0405432376556256,0.32029809241319035
07342A07,BOBO,2023-06-15,95,off_field,0.123044287059754,NA
07342A07,BOBO,2023-06-15,50,off_field,0.05416080220229606,NA
07342A07,BOBO,2023-06-16,95,horse,0.455645401343051,0.8228822062721155
07342A07,BOBO,2023-06-16,50,horse,0.7120993367732489,0.8228822062721155
07342A07,BOBO,2023-06-16,95,quarter,0.12801848320045084,0.22906520454981055
07342A07,BOBO,2023-06-16,50,quarter,0.05569391141392258,0.22906520454981055
07342A07,BOBO,2023-06-16,95,cat_barn,0.07178500022379922,0
07342A07,BOBO,2023-06-16,95,gi,0.01157338661750923,0
07342A07,BOBO,2023-06-16,95,native_ws,0.08826778233367971,0.1544777610669631
07342A07,BOBO,2023-06-16,50,native_ws,0.02589668058569424,0.1544777610669631
07342A07,BOBO,2023-06-16,95,wish_well,0.0965398463541828,0.6408425181464891
07342A07,BOBO,2023-06-16,50,wish_well,0.11749891059283442,0.6408425181464891
07342A07,BOBO,2023-06-16,95,off_field,0.14817009992732727,NA
07342A07,BOBO,2023-06-16,50,off_field,0.08881116063429985,NA
07342A07,BOBO,2023-06-20,95,swale,0.01714885597379404,0
07342A07,BOBO,2023-06-20,95,quarter,0.08803020855966473,0.03802672025942692
07342A07,BOBO,2023-06-20,50,quarter,0.00635548211595812,0.03802672025942692
07342A07,BOBO,2023-06-20,95,cat_barn,0.6027163513185043,0.7716280726807097
07342A07,BOBO,2023-06-20,50,cat_barn,0.882975988223159,0.7716280726807097
07342A07,BOBO,2023-06-20,95,gi,0.0088117878557827,0
07342A07,BOBO,2023-06-20,95,native_ws,0.08230812580376441,0
07342A07,BOBO,2023-06-20,95,off_field,0.20098467048848975,NA
07342A07,BOBO,2023-06-20,50,off_field,0.1106685296608828,NA
07342A07,BOBO,2023-06-12,95,horse,0.3913198366177813,0.3066269962119292
07342A07,BOBO,2023-06-12,50,horse,0.22768818423160184,0.3066269962119292
07342A07,BOBO,2023-06-12,95,quarter,0.01090193133821632,0
07342A07,BOBO,2023-06-12,95,native_ws,0.07893546179588419,0.01456142507156635
07342A07,BOBO,2023-06-12,95,wish_well,0.4677470081587517,0.8068495009832729
07342A07,BOBO,2023-06-12,50,wish_well,0.7161463695416012,0.8068495009832729
07342A07,BOBO,2023-06-12,95,off_field,0.05041717006912431,NA
07342A07,BOBO,2023-06-12,50,off_field,0.05398435276709452,NA
07342A07,BOBO,2023-06-17,95,horse,0.1716801738473331,0.7293925742222706
07342A07,BOBO,2023-06-17,50,horse,0.23783106641703453,0.7293925742222706
07342A07,BOBO,2023-06-17,95,quarter,0.107042427853236,0.04189857733091407
07342A07,BOBO,2023-06-17,50,quarter,0.00851809204858152,0.04189857733091407
07342A07,BOBO,2023-06-17,95,cat_barn,0.25427960908981256,0.7046046760502005
07342A07,BOBO,2023-06-17,50,cat_barn,0.34028605924656735,0.7046046760502005
07342A07,BOBO,2023-06-17,95,gi,0.05345102345360827,0.0071146346510084
07342A07,BOBO,2023-06-17,95,native_ws,0.1829822197653212,0.4000587425657728
07342A07,BOBO,2023-06-17,50,native_ws,0.1390335969520855,0.4000587425657728
07342A07,BOBO,2023-06-17,95,wish_well,0.0753300784486046,0.7092020882628153
07342A07,BOBO,2023-06-17,50,wish_well,0.10146716508766808,0.7092020882628153
07342A07,BOBO,2023-06-17,95,off_field,0.1552260209899408,NA
07342A07,BOBO,2023-06-17,50,off_field,0.17214175664550962,NA
07342A07,BOBO,2023-07-16,95,wheat,1.000000043942515,0.5292051756007393
07342A07,BOBO,2023-07-16,50,wheat,0.9999999729271808,0.5292051756007393
07342A07,BOBO,2023-07-16,95,off_field,0,NA
07342A07,BOBO,2023-07-16,50,off_field,2.7072819215814422e-8,NA
07342A07,BOBO,2023-06-11,95,frog,0.02670559052845533,0
07342A07,BOBO,2023-06-11,95,horse,0.32417722759784684,0.351412536523723
07342A07,BOBO,2023-06-11,50,horse,0.2163385128877547,0.351412536523723
07342A07,BOBO,2023-06-11,95,wheat,0.05452869745949625,0.03350809818711861
07342A07,BOBO,2023-06-11,95,quarter,0.017717903476214,0.4028801382884858
07342A07,BOBO,2023-06-11,50,quarter,0.01355571015847523,0.4028801382884858
07342A07,BOBO,2023-06-11,95,native_ws,0.26896033623990295,0.6000453507304151
07342A07,BOBO,2023-06-11,50,native_ws,0.3064830067342649,0.6000453507304151
07342A07,BOBO,2023-06-11,95,wish_well,0.2719793346166993,0.7656937525073666
07342A07,BOBO,2023-06-11,50,wish_well,0.395480519569054,0.7656937525073666
07342A07,BOBO,2023-06-11,95,off_field,0.03593091008138528,NA
07342A07,BOBO,2023-06-11,50,off_field,0.06467241433090148,NA
07342A07,BOBO,2023-06-13,95,horse,0.288873136453321,0.20337031876427936
07342A07,BOBO,2023-06-13,50,horse,0.11160052044002584,0.20337031876427936
07342A07,BOBO,2023-06-13,95,quarter,0.05083330594356695,0
07342A07,BOBO,2023-06-13,95,native_ws,0.10286037678569417,0.13111274336264256
07342A07,BOBO,2023-06-13,50,native_ws,0.02561913776618746,0.13111274336264256
07342A07,BOBO,2023-06-13,95,wish_well,0.4709994218262804,0.8801785020786729
07342A07,BOBO,2023-06-13,50,wish_well,0.7875218725464405,0.8801785020786729
07342A07,BOBO,2023-06-13,95,off_field,0.08628987503807967,NA
07342A07,BOBO,2023-06-13,50,off_field,0.07525846924734624,NA
07342A07,BOBO,2023-06-18,95,frog,0.01057033465261718,0
07342A07,BOBO,2023-06-18,95,horse,0.2991058350886015,0.7873571053489833
07342A07,BOBO,2023-06-18,50,horse,0.44745755335328713,0.7873571053489833
07342A07,BOBO,2023-06-18,95,wheat,0.00667987528840094,0
07342A07,BOBO,2023-06-18,95,quarter,0.15548971330620576,0.44198323418435786
07342A07,BOBO,2023-06-18,50,quarter,0.13057579099736294,0.44198323418435786
07342A07,BOBO,2023-06-18,95,cat_barn,0.05205344541155229,0
07342A07,BOBO,2023-06-18,95,native_ws,0.17082568012514612,0.4138716220859931
07342A07,BOBO,2023-06-18,50,native_ws,0.1343303093022591,0.4138716220859931
07342A07,BOBO,2023-06-18,95,wish_well,0.18776844518302224,0.6987677382314766
07342A07,BOBO,2023-06-18,50,wish_well,0.24929333226492773,0.6987677382314766
07342A07,BOBO,2023-06-18,95,off_field,0.10595648365107516,NA
07342A07,BOBO,2023-06-18,50,off_field,0.03834301408216314,NA
074B0707,BOBO,2024-07-02,95,blue_silo,0.9502825987063008,0.5549159415257922
074B0707,BOBO,2024-07-02,50,blue_silo,0.9999999706496014,0.5549159415257922
074B0707,BOBO,2024-07-02,95,off_field,0.04632237772054237,NA
074B0707,BOBO,2024-07-02,50,off_field,2.9350398594288807e-8,NA
074B0707,BOBO,2024-06-22,95,blue_silo,0.04994222148210459,0
074B0707,BOBO,2024-06-22,95,bobolink,0.8492647492686467,0.6207162944195176
074B0707,BOBO,2024-06-22,50,bobolink,0.9999999894486884,0.6207162944195176
074B0707,BOBO,2024-06-22,95,underhill,0.02010847192429889,0
074B0707,BOBO,2024-06-22,95,retired,0.01112722912390141,0
074B0707,BOBO,2024-06-22,95,front_hay,0.00543381481079569,0
074B0707,BOBO,2024-06-22,95,clydesdale,0.01610675735007784,0
074B0707,BOBO,2024-06-22,95,off_field,0.04504759325619587,NA
074B0707,BOBO,2024-06-22,50,off_field,1.0551311468243446e-8,NA
074B0707,BOBO,2024-06-23,95,blue_silo,0.12308108115536329,0.01723834064304558
074B0707,BOBO,2024-06-23,95,bobolink,0.8214786864110223,0.623474541091553
074B0707,BOBO,2024-06-23,50,bobolink,0.9729121300333826,0.623474541091553
074B0707,BOBO,2024-06-23,95,retired,0.0064062253924411,0
074B0707,BOBO,2024-06-23,95,off_field,0.04460643534340565,NA
074B0707,BOBO,2024-06-23,50,off_field,0.0230574959080841,NA
074B0707,BOBO,2024-06-25,95,blue_silo,0.8457260538519225,0.6050363989792412
074B0707,BOBO,2024-06-25,50,blue_silo,0.9714403007532244,0.6050363989792412
074B0707,BOBO,2024-06-25,95,bobolink,0.06493161916700507,0
074B0707,BOBO,2024-06-25,95,off_field,0.08776025638577903,NA
074B0707,BOBO,2024-06-25,50,off_field,0.02855969924677571,NA
074B0707,BOBO,2024-06-27,95,blue_silo,1.0000000358716434,0.526439976908339
074B0707,BOBO,2024-06-27,50,blue_silo,1.0000000043337225,0.526439976908339
074B0707,BOBO,2024-06-27,95,off_field,0,NA
074B0707,BOBO,2024-06-27,50,off_field,0,NA
074B0707,BOBO,2024-06-21,95,blue_silo,0.07787467199046677,0
074B0707,BOBO,2024-06-21,95,bobolink,0.7477871816507498,0.6884658379897473
074B0707,BOBO,2024-06-21,50,bobolink,0.9773514657095688,0.6884658379897473
074B0707,BOBO,2024-06-21,95,underhill,0.0175749714533356,0
074B0707,BOBO,2024-06-21,95,retired,0.05081638068071412,0.08446435884691683
074B0707,BOBO,2024-06-21,50,retired,0.00814831062690192,0.08446435884691683
074B0707,BOBO,2024-06-21,95,front_hay,0.00841829140627335,0
074B0707,BOBO,2024-06-21,95,clydesdale,0.03382213497380668,0
074B0707,BOBO,2024-06-21,95,off_field,0.06076283145486134,NA
074B0707,BOBO,2024-06-21,50,off_field,0.01450022366352932,NA
074B0707,BOBO,2024-07-03,95,blue_silo,0.6081920284293598,0.6869963419274535
074B0707,BOBO,2024-07-03,50,blue_silo,0.7855718819556697,0.6869963419274535
074B0707,BOBO,2024-07-03,95,bobolink,0.2222753393976107,0.07059828500901678
074B0707,BOBO,2024-07-03,50,bobolink,0.02950368179699287,0.07059828500901678
074B0707,BOBO,2024-07-03,95,quarter,0.00983952411870087,0
074B0707,BOBO,2024-07-03,95,off_field,0.15414702993163432,NA
074B0707,BOBO,2024-07-03,50,off_field,0.18492443624733737,NA
074B0707,BOBO,2024-06-28,95,blue_silo,0.9770970928280148,0.5394424705951262
074B0707,BOBO,2024-06-28,50,blue_silo,0.9999999957312834,0.5394424705951262
074B0707,BOBO,2024-06-28,95,off_field,0.01956977185275591,NA
074B0707,BOBO,2024-06-28,50,off_field,4.268716614483681e-9,NA
074B0707,BOBO,2024-06-24,95,blue_silo,0.22520624968898773,0.22772060185634763
074B0707,BOBO,2024-06-24,50,blue_silo,0.09738160819807636,0.22772060185634763
074B0707,BOBO,2024-06-24,95,bobolink,0.7452132902119584,0.6378659157603369
074B0707,BOBO,2024-06-24,50,bobolink,0.9026183717978028,0.6378659157603369
074B0707,BOBO,2024-06-24,95,off_field,0.02897434791541262,NA
074B0707,BOBO,2024-06-24,50,off_field,2.0004120838708857e-8,NA
074B0707,BOBO,2024-07-01,95,blue_silo,0.8870617295071522,0.5933790164528915
074B0707,BOBO,2024-07-01,50,blue_silo,0.9993863601154384,0.5933790164528915
074B0707,BOBO,2024-07-01,95,bobolink,0.02371011380611314,0
074B0707,BOBO,2024-07-01,95,off_field,0.08922815668673457,NA
074B0707,BOBO,2024-07-01,50,off_field,6.136398845616058e-4,NA
074B0707,BOBO,2024-06-26,95,blue_silo,0.9947194760414864,0.5309577529499347
074B0707,BOBO,2024-06-26,50,blue_silo,0.9999999964936368,0.5309577529499347
074B0707,BOBO,2024-06-26,95,off_field,0.00416276627800941,NA
074B0707,BOBO,2024-06-26,50,off_field,3.506363279705926e-9,NA
074B0707,BOBO,2024-07-04,95,quarter,0.3868843905970109,0.7890475383976332
074B0707,BOBO,2024-07-04,50,quarter,0.5794371281469949,0.7890475383976332
074B0707,BOBO,2024-07-04,95,cat_barn,0.23964573415186727,0
074B0707,BOBO,2024-07-04,95,off_field,0.3690397237994834,NA
074B0707,BOBO,2024-07-04,50,off_field,0.4205628718530051,NA
074C332A,EAME,2024-07-02,95,alfalfa,0.00743291278474863,0
074C332A,EAME,2024-07-02,95,bobolink,0.14683182332458347,0.5584362166517548
074C332A,EAME,2024-07-02,50,bobolink,0.15576096177114246,0.5584362166517548
074C332A,EAME,2024-07-02,95,pear_tree,0.05615513445168906,0
074C332A,EAME,2024-07-02,95,wheat,0.03449752110710836,0
074C332A,EAME,2024-07-02,95,front_hay,0.00621695784593643,0
074C332A,EAME,2024-07-02,95,clydesdale,0.11215116938457892,0.3826585622615752
074C332A,EAME,2024-07-02,50,clydesdale,0.0815229888931293,0.3826585622615752
074C332A,EAME,2024-07-02,95,pond,0.25546949567707405,0.5836442937609724
074C332A,EAME,2024-07-02,50,pond,0.2832384093120754,0.5836442937609724
074C332A,EAME,2024-07-02,95,piano,0.00862617831054671,0
074C332A,EAME,2024-07-02,95,off_field,0.3585741992251859,NA
074C332A,EAME,2024-07-02,50,off_field,0.4794776400236528,NA
074C332A,EAME,2024-07-08,95,bobolink,0.0207544367918101,0
074C332A,EAME,2024-07-08,95,swale,0.01217739987710403,0
074C332A,EAME,2024-07-08,95,pond,0.5173656120822695,0.7417801218365427
074C332A,EAME,2024-07-08,50,pond,0.7291102621844677,0.7417801218365427
074C332A,EAME,2024-07-08,95,off_field,0.4445276143434857,NA
074C332A,EAME,2024-07-08,50,off_field,0.27088973781553227,NA
074C332A,EAME,2024-07-07,95,bobolink,0.0104515340777096,0
074C332A,EAME,2024-07-07,95,clydesdale,0.14210151268960533,0.26682593281776606
074C332A,EAME,2024-07-07,50,clydesdale,0.07198104238272658,0.26682593281776606
074C332A,EAME,2024-07-07,95,pond,0.21793680055028697,0.17674076722804555
074C332A,EAME,2024-07-07,50,pond,0.07312379136932967,0.17674076722804555
074C332A,EAME,2024-07-07,95,off_field,0.6295101526823981,NA
074C332A,EAME,2024-07-07,50,off_field,0.8548951662479437,NA
074C332A,EAME,2024-07-03,95,alfalfa,0.02858452525037453,0
074C332A,EAME,2024-07-03,95,blue_silo,0.07764971454507917,0.2390335063356776
074C332A,EAME,2024-07-03,50,blue_silo,0.03526463684815621,0.2390335063356776
074C332A,EAME,2024-07-03,95,bobolink,0.05590063338017048,0.4793795643977696
074C332A,EAME,2024-07-03,50,bobolink,0.05091397621756685,0.4793795643977696
074C332A,EAME,2024-07-03,95,pear_tree,0.01557584168358939,0
074C332A,EAME,2024-07-03,95,swale,0.1018673140480727,0.703133588693671
074C332A,EAME,2024-07-03,50,swale,0.13608600663117626,0.703133588693671
074C332A,EAME,2024-07-03,95,underhill,0.00700077924957065,0
074C332A,EAME,2024-07-03,95,wheat,0.03625428079927717,0
074C332A,EAME,2024-07-03,95,quarter,0.01013849356810856,0
074C332A,EAME,2024-07-03,95,retired,0.00860203100070427,0
074C332A,EAME,2024-07-03,95,front_hay,0.02843164886267504,0.04864199361038039
074C332A,EAME,2024-07-03,95,entrance,0.02693612480804657,0.3821163740659973
074C332A,EAME,2024-07-03,50,entrance,0.01955561749651184,0.3821163740659973
074C332A,EAME,2024-07-03,95,clydesdale,0.1075315799551135,1
074C332A,EAME,2024-07-03,50,clydesdale,0.2043039659155055,1
074C332A,EAME,2024-07-03,95,pond,0.12221300916398184,0.8483037895211589
074C332A,EAME,2024-07-03,50,pond,0.19697432227423944,0.8483037895211589
074C332A,EAME,2024-07-03,95,back_woods,0.03564984050857085,0.0807075468986937
074C332A,EAME,2024-07-03,50,back_woods,0.00546653972747921,0.0807075468986937
074C332A,EAME,2024-07-03,95,piano,0.00778537726935233,0
074C332A,EAME,2024-07-03,95,off_field,0.3221768168014502,NA
074C332A,EAME,2024-07-03,50,off_field,0.3488073655624333,NA
074C332A,EAME,2024-07-01,95,alfalfa,0.06569403935271678,0.44362358007689673
074C332A,EAME,2024-07-01,50,alfalfa,0.05535326628492942,0.44362358007689673
074C332A,EAME,2024-07-01,95,blue_silo,0.02629980825993303,0
074C332A,EAME,2024-07-01,95,bobolink,0.11534724764142258,0.7654953637026273
074C332A,EAME,2024-07-01,50,bobolink,0.16770749226439335,0.7654953637026273
074C332A,EAME,2024-07-01,95,pear_tree,0.0069533925256295304,0
074C332A,EAME,2024-07-01,95,swale,0.11402538408440796,0.46603932664142106
074C332A,EAME,2024-07-01,50,swale,0.1009315108087649,0.46603932664142106
074C332A,EAME,2024-07-01,95,underhill,0.02483367698835635,0
074C332A,EAME,2024-07-01,95,front_hay,0.022920685132216,0
074C332A,EAME,2024-07-01,95,entrance,0.00771213399056765,0
074C332A,EAME,2024-07-01,95,clydesdale,0.07182483544423288,0.6741452690028856
074C332A,EAME,2024-07-01,50,clydesdale,0.0919667406150432,0.6741452690028856
074C332A,EAME,2024-07-01,95,pond,0.20440028908142505,0.8266126409340866
074C332A,EAME,2024-07-01,50,pond,0.320912188544127,0.8266126409340866
074C332A,EAME,2024-07-01,95,back_woods,0.06257924252494942,0.11945266751206998
074C332A,EAME,2024-07-01,50,back_woods,0.01419805384015959,0.11945266751206998
074C332A,EAME,2024-07-01,95,off_field,0.2712126342515017,NA
074C332A,EAME,2024-07-01,50,off_field,0.24893074764258255,NA
074C332A,EAME,2024-07-05,95,bobolink,0.9193835542613276,0.572665278055753
074C332A,EAME,2024-07-05,50,bobolink,0.9999766682523292,0.572665278055753
074C332A,EAME,2024-07-05,95,off_field,0.08061644573867235,NA
074C332A,EAME,2024-07-05,50,off_field,2.333174767064175e-5,NA
074C332A,EAME,2024-07-10,95,bobolink,0.01881895855150053,0
074C332A,EAME,2024-07-10,95,clydesdale,0.07562641608499242,0
074C332A,EAME,2024-07-10,95,pond,0.18696307532225975,0.18762029114542345
074C332A,EAME,2024-07-10,50,pond,0.06654324037061699,0.18762029114542345
074C332A,EAME,2024-07-10,95,off_field,0.7183911024674035,NA
074C332A,EAME,2024-07-10,50,off_field,0.933456759629383,NA
074C332A,EAME,2024-07-06,95,bobolink,0.882356552273369,0.596436424195878
074C332A,EAME,2024-07-06,50,bobolink,0.9985239786201404,0.596436424195878
074C332A,EAME,2024-07-06,95,front_hay,0.01475482605027953,0
074C332A,EAME,2024-07-06,95,off_field,0.1016186873195922,NA
074C332A,EAME,2024-07-06,50,off_field,0.00147602137985947,NA
074C332A,EAME,2024-06-30,95,alfalfa,0.01022711069959068,0
074C332A,EAME,2024-06-30,95,blue_silo,0.14338210869055013,0.5897731138239232
074C332A,EAME,2024-06-30,50,blue_silo,0.16059880308574412,0.5897731138239232
074C332A,EAME,2024-06-30,95,bobolink,0.23100088519575973,0.7399830644191092
074C332A,EAME,2024-06-30,50,bobolink,0.3246368346993853,0.7399830644191092
074C332A,EAME,2024-06-30,95,pear_tree,0.04039269388198763,0
074C332A,EAME,2024-06-30,95,swale,0.03257003281137206,0
074C332A,EAME,2024-06-30,95,underhill,0.1929640419655129,0.6216725919003395
074C332A,EAME,2024-06-30,50,underhill,0.22782452794089317,0.6216725919003395
074C332A,EAME,2024-06-30,95,retired,0.08453748896070307,0.8612017249507872
074C332A,EAME,2024-06-30,50,retired,0.13826638410182124,0.8612017249507872
074C332A,EAME,2024-06-30,95,front_hay,0.0854961192075745,0.3954740457510404
074C332A,EAME,2024-06-30,50,front_hay,0.06421356171068518,0.3954740457510404
074C332A,EAME,2024-06-30,95,clydesdale,0.01150197092831067,0
074C332A,EAME,2024-06-30,95,pond,0.03062411570299177,0
074C332A,EAME,2024-06-30,95,off_field,0.13411641305261926,NA
074C332A,EAME,2024-06-30,50,off_field,0.08445988846147101,NA
074C332A,EAME,2024-10-21,95,off_field,1,NA
074C332A,EAME,2024-10-21,50,off_field,1,NA
074C332A,EAME,2024-07-04,95,alfalfa,0.02685435844201865,0
074C332A,EAME,2024-07-04,95,blue_silo,0.03330789066436225,0
074C332A,EAME,2024-07-04,95,bobolink,0.23226048801941665,0.8714281759596799
074C332A,EAME,2024-07-04,50,bobolink,0.3844307335190862,0.8714281759596799
074C332A,EAME,2024-07-04,95,swale,0.06521315744028026,0
074C332A,EAME,2024-07-04,95,underhill,0.00979074244793714,0
074C332A,EAME,2024-07-04,95,wheat,0.00568623763296767,0
074C332A,EAME,2024-07-04,95,front_hay,0.08271375989661733,0.09687447826311207
074C332A,EAME,2024-07-04,50,front_hay,0.01521942719933872,0.09687447826311207
074C332A,EAME,2024-07-04,95,entrance,0.00925883054660502,0
074C332A,EAME,2024-07-04,95,clydesdale,0.03647527245807984,0.19675788661314625
074C332A,EAME,2024-07-04,50,clydesdale,0.01363144394145228,0.19675788661314625
074C332A,EAME,2024-07-04,95,pond,0.2149894414027038,0.8024508827039273
074C332A,EAME,2024-07-04,50,pond,0.32767760338165425,0.8024508827039273
074C332A,EAME,2024-07-04,95,back_woods,0.08192343655595662,0.114816600080248
074C332A,EAME,2024-07-04,50,back_woods,0.01786586354452782,0.114816600080248
074C332A,EAME,2024-07-04,95,off_field,0.19321723656824075,NA
074C332A,EAME,2024-07-04,50,off_field,0.2411749284139408,NA
074C332A,EAME,2024-07-09,95,blue_silo,0.05385136853537916,0
074C332A,EAME,2024-07-09,95,bobolink,0.11952588427703048,0.7649118026209075
074C332A,EAME,2024-07-09,50,bobolink,0.17366512315743116,0.7649118026209075
074C332A,EAME,2024-07-09,95,swale,0.02724455057174866,0
074C332A,EAME,2024-07-09,95,underhill,0.01000888846707152,0
074C332A,EAME,2024-07-09,95,retired,0.01161709452058515,0
074C332A,EAME,2024-07-09,95,front_hay,0.03305360956833667,0
074C332A,EAME,2024-07-09,95,entrance,0.04080778485651941,0.00130083782139076
074C332A,EAME,2024-07-09,95,clydesdale,0.11550139004916062,0.910824294452789
074C332A,EAME,2024-07-09,50,clydesdale,0.19983018853620635,0.910824294452789
074C332A,EAME,2024-07-09,95,pond,0.18559770738455963,0.8106963126804215
074C332A,EAME,2024-07-09,50,pond,0.28580517360903396,0.8106963126804215
074C332A,EAME,2024-07-09,95,back_woods,0.02788048317423346,0.00214741894773878
074C332A,EAME,2024-07-09,95,off_field,0.37244264560171153,NA
074C332A,EAME,2024-07-09,50,off_field,0.3404849559465096,NA
07523319,BOBO,2024-06-07,95,blue_silo,0.9272728471267504,0.5685447420093667
07523319,BOBO,2024-06-07,50,blue_silo,1.0000000519758585,0.5685447420093667
07523319,BOBO,2024-06-07,95,swale,0.02764153161030673,0
07523319,BOBO,2024-06-07,95,retired,0.00956176564905459,0
07523319,BOBO,2024-06-07,95,donkey,0.0134128241420094,0
07523319,BOBO,2024-06-07,95,off_field,0.02211103147187903,NA
07523319,BOBO,2024-06-07,50,off_field,0,NA
07523319,BOBO,2024-06-13,95,blue_silo,0.13438291654171053,0
07523319,BOBO,2024-06-13,95,swale,0.7297338044643924,0.7054759138119541
07523319,BOBO,2024-06-13,50,swale,0.9776847392260074,0.7054759138119541
07523319,BOBO,2024-06-13,95,quarter,0.0055108139893879,0
07523319,BOBO,2024-06-13,95,cat_barn,0.03201559143350215,0
07523319,BOBO,2024-06-13,95,off_field,0.09835687357100704,NA
07523319,BOBO,2024-06-13,50,off_field,0.02231526077399258,NA
07523319,BOBO,2024-06-16,95,horse,0.27990468552505,0.3852530788865662
07523319,BOBO,2024-06-16,50,horse,0.2048605542886335,0.3852530788865662
07523319,BOBO,2024-06-16,95,quarter,0.318191961669721,0.714552037042683
07523319,BOBO,2024-06-16,50,quarter,0.4319416893028251,0.714552037042683
07523319,BOBO,2024-06-16,95,native_ws,0.05367543634296681,0
07523319,BOBO,2024-06-16,95,cattle,0.04069213422348377,0.59629581599185
07523319,BOBO,2024-06-16,50,cattle,0.04609717245882736,0.59629581599185
07523319,BOBO,2024-06-16,95,wish_well,0.3105922132890095,0.5526391049845377
07523319,BOBO,2024-06-16,50,wish_well,0.3260875612732965,0.5526391049845377
07523319,BOBO,2024-06-16,95,off_field,0,NA
07523319,BOBO,2024-06-16,50,off_field,0,NA
07523319,BOBO,2024-06-09,95,blue_silo,0.2422378034115656,0.1995016634993702
07523319,BOBO,2024-06-09,50,blue_silo,0.09182077609288349,0.1995016634993702
07523319,BOBO,2024-06-09,95,swale,0.5640844533506992,0.7436979873810161
07523319,BOBO,2024-06-09,50,swale,0.7970641109076645,0.7436979873810161
07523319,BOBO,2024-06-09,95,quarter,0.03546491671455425,0.03214746394423894
07523319,BOBO,2024-06-09,95,retired,0.00659925905707783,0.00816014648957217
07523319,BOBO,2024-06-09,95,donkey,0.01470880378353448,0.7759378217925977
07523319,BOBO,2024-06-09,50,donkey,0.02168486855837597,0.7759378217925977
07523319,BOBO,2024-06-09,95,cat_barn,0.01723567954492263,0
07523319,BOBO,2024-06-09,95,off_field,0.11558935786776536,NA
07523319,BOBO,2024-06-09,50,off_field,0.08716172979793227,NA
07523319,BOBO,2024-06-12,95,blue_silo,0.3331900441976957,0.4756427921913923
07523319,BOBO,2024-06-12,50,blue_silo,0.30103726972858025,0.4756427921913923
07523319,BOBO,2024-06-12,95,swale,0.4829772137659672,0.6358222386880371
07523319,BOBO,2024-06-12,50,swale,0.5833237863036067,0.6358222386880371
07523319,BOBO,2024-06-12,95,quarter,0.00626102437712898,0
07523319,BOBO,2024-06-12,95,cat_barn,0.04162709184154109,0
07523319,BOBO,2024-06-12,95,off_field,0.13301007134862866,NA
07523319,BOBO,2024-06-12,50,off_field,0.115638943967813,NA
07523319,BOBO,2024-06-14,95,blue_silo,0.42654671463038657,0.5345121145349424
07523319,BOBO,2024-06-14,50,blue_silo,0.4328857207434399,0.5345121145349424
07523319,BOBO,2024-06-14,95,swale,0.3984736846814952,0.6339816367171901
07523319,BOBO,2024-06-14,50,swale,0.4796510844789692,0.6339816367171901
07523319,BOBO,2024-06-14,95,wheat,0.03432252524026434,0.02931310946355053
07523319,BOBO,2024-06-14,95,quarter,0.00949184870903624,0
07523319,BOBO,2024-06-14,95,retired,0.0349554171704802,0.3997201657500995
07523319,BOBO,2024-06-14,50,retired,0.02652892516349734,0.3997201657500995
07523319,BOBO,2024-06-14,95,donkey,0.01921794662221768,0.6592470330169435
07523319,BOBO,2024-06-14,50,donkey,0.02405493972219399,0.6592470330169435
07523319,BOBO,2024-06-14,95,wish_well,0.01164389177499859,0
07523319,BOBO,2024-06-14,95,off_field,0.058280300365661,NA
07523319,BOBO,2024-06-14,50,off_field,0.03496907980053964,NA
07523319,BOBO,2024-06-08,95,blue_silo,0.6681701002728757,0.6265944999118345
07523319,BOBO,2024-06-08,50,blue_silo,0.795013966691954,0.6265944999118345
07523319,BOBO,2024-06-08,95,swale,0.3145968231871983,0.342735608812305
07523319,BOBO,2024-06-08,50,swale,0.20474565927396896,0.342735608812305
07523319,BOBO,2024-06-08,95,off_field,0.01723307653992594,NA
07523319,BOBO,2024-06-08,50,off_field,2.403740340770066e-4,NA
07523319,BOBO,2024-06-11,95,blue_silo,0.04874959449126306,0
07523319,BOBO,2024-06-11,95,swale,0.5057245611514289,0.5669186312155671
07523319,BOBO,2024-06-11,50,swale,0.5444793450443314,0.5669186312155671
07523319,BOBO,2024-06-11,95,quarter,0.0954262852251172,0.6819488096767126
07523319,BOBO,2024-06-11,50,quarter,0.12358518919499796,0.6819488096767126
07523319,BOBO,2024-06-11,95,cat_barn,0.13336951791527668,0.5975554297461549
07523319,BOBO,2024-06-11,50,cat_barn,0.1513496467376177,0.5975554297461549
07523319,BOBO,2024-06-11,95,off_field,0.21673004121691417,NA
07523319,BOBO,2024-06-11,50,off_field,0.18058581902305296,NA
07523319,BOBO,2024-06-15,95,horse,0.7739391849550201,0.6803640954371373
07523319,BOBO,2024-06-15,50,horse,0.9982585998209296,0.6803640954371373
07523319,BOBO,2024-06-15,95,quarter,0.12360327734582874,0.00443923249467276
07523319,BOBO,2024-06-15,95,native_ws,0.0361020895302093,0
07523319,BOBO,2024-06-15,95,cattle,0.02286313132729265,0
07523319,BOBO,2024-06-15,95,wish_well,0.01812561110757254,0
07523319,BOBO,2024-06-15,95,off_field,0.01876554620884207,NA
07523319,BOBO,2024-06-15,50,off_field,7.01162178448026e-4,NA
07523319,BOBO,2024-06-10,95,blue_silo,0.13775439961230268,0.03615458385385368
07523319,BOBO,2024-06-10,50,blue_silo,0.00945358646041553,0.03615458385385368
07523319,BOBO,2024-06-10,95,swale,0.7096423727067018,0.7173098251309905
07523319,BOBO,2024-06-10,50,swale,0.9662156641742736,0.7173098251309905
07523319,BOBO,2024-06-10,95,quarter,0.01599842349382819,0
07523319,BOBO,2024-06-10,95,cat_barn,0.03109876001563863,0
07523319,BOBO,2024-06-10,95,off_field,0.10354859188153163,NA
07523319,BOBO,2024-06-10,50,off_field,0.02433074936531086,NA
1907192,BOBO,2023-07-12,95,blue_silo,0.4095749512099474,0.7554943915779393
1907192,BOBO,2023-07-12,50,blue_silo,0.5876759099586024,0.7554943915779393
1907192,BOBO,2023-07-12,95,bobolink,0.07445359868080062,0
1907192,BOBO,2023-07-12,95,swale,0.3292634758955225,0.34219286215980393
1907192,BOBO,2023-07-12,50,swale,0.2139871824234655,0.34219286215980393
1907192,BOBO,2023-07-12,95,clydesdale,0.04031867532408372,0
1907192,BOBO,2023-07-12,95,off_field,0.14638929888964566,NA
1907192,BOBO,2023-07-12,50,off_field,0.19833690761793207,NA
1907192,BOBO,2023-06-15,95,blue_silo,0.0533363631672595,0.7302660418742516
1907192,BOBO,2023-06-15,50,blue_silo,0.0739165350650812,0.7302660418742516
1907192,BOBO,2023-06-15,95,bobolink,0.519653320160153,0.675867927390403
1907192,BOBO,2023-06-15,50,bobolink,0.6665191621468916,0.675867927390403
1907192,BOBO,2023-06-15,95,retired,0.01671639642280368,0.1379120054927968
1907192,BOBO,2023-06-15,95,pond,0.03576827813598178,0
1907192,BOBO,2023-06-15,95,back_woods,0.11302142820211754,0.11274001236011597
1907192,BOBO,2023-06-15,50,back_woods,0.02418109506556898,0.11274001236011597
1907192,BOBO,2023-06-15,95,off_field,0.2615042139116845,NA
1907192,BOBO,2023-06-15,50,off_field,0.23100816970708452,NA
1907192,BOBO,2023-06-14,95,blue_silo,0.00957388330831261,0
1907192,BOBO,2023-06-14,95,bobolink,0.5507096129963504,0.5013850657491573
1907192,BOBO,2023-06-14,50,bobolink,0.5246157183165064,0.5013850657491573
1907192,BOBO,2023-06-14,95,pond,0.07250626967121658,0
1907192,BOBO,2023-06-14,95,off_field,0.3672102340241204,NA
1907192,BOBO,2023-06-14,50,off_field,0.4753842816834936,NA
191E4C19,EAME,2024-05-16,95,frog,0.04675411544049596,0.3026271095257157
191E4C19,EAME,2024-05-16,50,frog,0.02688341746372173,0.3026271095257157
191E4C19,EAME,2024-05-16,95,horse,0.30284523203779384,0.5567079022143719
191E4C19,EAME,2024-05-16,50,horse,0.320335394969187,0.5567079022143719
191E4C19,EAME,2024-05-16,95,wheat,0.25389386578113204,0.46806467006569624
191E4C19,EAME,2024-05-16,50,wheat,0.22579528617871591,0.46806467006569624
191E4C19,EAME,2024-05-16,95,quarter,0.3665404945043836,0.6082353132205013
191E4C19,EAME,2024-05-16,50,quarter,0.4235945793885342,0.6082353132205013
191E4C19,EAME,2024-05-16,95,wish_well,0.01527327131155206,0
191E4C19,EAME,2024-05-16,95,off_field,0.01086890615278046,NA
191E4C19,EAME,2024-05-16,50,off_field,0.00339132199984116,NA
191E4C19,EAME,2024-05-22,95,frog,0.08443181810880347,0
191E4C19,EAME,2024-05-22,95,horse,0.3827702049625476,0.5873499037890078
191E4C19,EAME,2024-05-22,50,horse,0.4268205029360756,0.5873499037890078
191E4C19,EAME,2024-05-22,95,wheat,0.09788058768903728,0
191E4C19,EAME,2024-05-22,95,quarter,0.42136502263783343,0.7122295691203443
191E4C19,EAME,2024-05-22,50,quarter,0.5697557656167873,0.7122295691203443
191E4C19,EAME,2024-05-22,95,cattle,0.00699829870980441,0
191E4C19,EAME,2024-05-22,95,wish_well,0.00584896544183937,0
191E4C19,EAME,2024-05-22,95,off_field,7.051024501344011e-4,NA
191E4C19,EAME,2024-05-22,50,off_field,0.00342373144713714,NA
191E4C19,EAME,2024-05-15,95,frog,0.08262539583268987,0.501253373149857
191E4C19,EAME,2024-05-15,50,frog,0.07863401222037807,0.501253373149857
191E4C19,EAME,2024-05-15,95,horse,0.173322432100268,0.4059180772556991
191E4C19,EAME,2024-05-15,50,horse,0.13357732486348903,0.4059180772556991
191E4C19,EAME,2024-05-15,95,wheat,0.20207589597028405,0.7430562311133346
191E4C19,EAME,2024-05-15,50,wheat,0.28508591951812834,0.7430562311133346
191E4C19,EAME,2024-05-15,95,quarter,0.31115589986856035,0.8480694835620723
191E4C19,EAME,2024-05-15,50,quarter,0.5010130643366859,0.8480694835620723
191E4C19,EAME,2024-05-15,95,cat_barn,0.04757370028821458,0
191E4C19,EAME,2024-05-15,95,gi,0.0248813482483093,0
191E4C19,EAME,2024-05-15,95,native_ws,0.0225722148941339,0
191E4C19,EAME,2024-05-15,95,cattle,0.02019759506994046,0
191E4C19,EAME,2024-05-15,95,wish_well,0.05922104069400558,0
191E4C19,EAME,2024-05-15,95,off_field,0.05637447703359384,NA
191E4C19,EAME,2024-05-15,50,off_field,0.00168967906131863,NA
191E4C19,EAME,2024-06-05,95,frog,0.00618892895261362,0
191E4C19,EAME,2024-06-05,95,horse,0.3533284656991418,0.6594885371449993
191E4C19,EAME,2024-06-05,50,horse,0.4422275985981001,0.6594885371449993
191E4C19,EAME,2024-06-05,95,quarter,0.02635301214862707,0
191E4C19,EAME,2024-06-05,95,cat_barn,0.06584783010126231,0.21206108053278144
191E4C19,EAME,2024-06-05,50,cat_barn,0.02650100852996404,0.21206108053278144
191E4C19,EAME,2024-06-05,95,native_ws,0.06213828070985083,0
191E4C19,EAME,2024-06-05,95,cattle,0.03538369844327187,0.25127996255623297
191E4C19,EAME,2024-06-05,50,cattle,0.01687411667072571,0.25127996255623297
191E4C19,EAME,2024-06-05,95,wish_well,0.34746576325709416,0.7531099209621692
191E4C19,EAME,2024-06-05,50,wish_well,0.4966270277937896,0.7531099209621692
191E4C19,EAME,2024-06-05,95,off_field,0.10329402068813832,NA
191E4C19,EAME,2024-06-05,50,off_field,0.01777024840742049,NA
191E4C19,EAME,2024-06-07,95,frog,0.04920099310913743,0.39905140402617584
191E4C19,EAME,2024-06-07,50,frog,0.03724762911714804,0.39905140402617584
191E4C19,EAME,2024-06-07,95,horse,0.2214481522407151,0.2773178380171144
191E4C19,EAME,2024-06-07,50,horse,0.11650532850979264,0.2773178380171144
191E4C19,EAME,2024-06-07,95,wheat,0.11716818280708265,0.5437346112845863
191E4C19,EAME,2024-06-07,50,wheat,0.12086278443800202,0.5437346112845863
191E4C19,EAME,2024-06-07,95,quarter,0.0803731285524427,0.1886395386548322
191E4C19,EAME,2024-06-07,50,quarter,0.02876335368031167,0.1886395386548322
191E4C19,EAME,2024-06-07,95,native_ws,0.02658837699828775,0
191E4C19,EAME,2024-06-07,95,cattle,0.00956580103948898,0
191E4C19,EAME,2024-06-07,95,wish_well,0.4818861713852631,0.76172206076584
191E4C19,EAME,2024-06-07,50,wish_well,0.6963649751462215,0.76172206076584
191E4C19,EAME,2024-06-07,95,off_field,0.0137691938675823,NA
191E4C19,EAME,2024-06-07,50,off_field,2.559291085240939e-4,NA
191E4C19,EAME,2024-05-20,95,frog,0.09049677794184244,0.2929572256261515
191E4C19,EAME,2024-05-20,50,frog,0.05033722249045765,0.2929572256261515
191E4C19,EAME,2024-05-20,95,horse,0.16670432685655323,0.321028296296046
191E4C19,EAME,2024-05-20,50,horse,0.10161132244233612,0.321028296296046
191E4C19,EAME,2024-05-20,95,wheat,0.3373333320884277,0.6148402952542441
191E4C19,EAME,2024-05-20,50,wheat,0.3937979908699872,0.6148402952542441
191E4C19,EAME,2024-05-20,95,quarter,0.3688325977171156,0.6458488130814558
191E4C19,EAME,2024-05-20,50,quarter,0.4522848916411116,0.6458488130814558
191E4C19,EAME,2024-05-20,95,off_field,0.02615299334957333,NA
191E4C19,EAME,2024-05-20,50,off_field,0.0019685725561074,NA
191E4C19,EAME,2024-05-12,95,blue_silo,0.00622422046706244,0
191E4C19,EAME,2024-05-12,95,frog,0.01840752666875896,0
191E4C19,EAME,2024-05-12,95,horse,0.43009382039444166,0.6898324821427456
191E4C19,EAME,2024-05-12,50,horse,0.5633268865730228,0.6898324821427456
191E4C19,EAME,2024-05-12,95,quarter,0.2974170966497094,0.7328329765278329
191E4C19,EAME,2024-05-12,50,quarter,0.4138324771050706,0.7328329765278329
191E4C19,EAME,2024-05-12,95,cat_barn,0.05490175639296681,0
191E4C19,EAME,2024-05-12,95,native_ws,0.0054505705671371,0
191E4C19,EAME,2024-05-12,95,cattle,0.04268080350651348,0
191E4C19,EAME,2024-05-12,95,wish_well,0.03132012750441573,0
191E4C19,EAME,2024-05-12,95,off_field,0.10601074506318003,NA
191E4C19,EAME,2024-05-12,50,off_field,0.02284063632190664,NA
191E4C19,EAME,2024-05-14,95,frog,0.3504795567199561,0.718368037692805
191E4C19,EAME,2024-05-14,50,frog,0.47821364242320413,0.718368037692805
191E4C19,EAME,2024-05-14,95,horse,0.272415886543802,0.6009088679405943
191E4C19,EAME,2024-05-14,50,horse,0.3109233322741308,0.6009088679405943
191E4C19,EAME,2024-05-14,95,wheat,0.0628721274707806,0.4175946986372646
191E4C19,EAME,2024-05-14,50,wheat,0.04986839634005378,0.4175946986372646
191E4C19,EAME,2024-05-14,95,quarter,0.17032957856641037,0.4945234217553795
191E4C19,EAME,2024-05-14,50,quarter,0.1599886622309676,0.4945234217553795
191E4C19,EAME,2024-05-14,95,cat_barn,0.03555241490814487,0
191E4C19,EAME,2024-05-14,95,gi,0.01500575029439753,0
191E4C19,EAME,2024-05-14,95,cattle,0.05589614687276497,0
191E4C19,EAME,2024-05-14,95,off_field,0.03373991597348538,NA
191E4C19,EAME,2024-05-14,50,off_field,0.00100596673164368,NA
191E4C19,EAME,2024-06-16,95,blue_silo,0.05743548884014739,0
191E4C19,EAME,2024-06-16,95,frog,0.0189712799894983,0
191E4C19,EAME,2024-06-16,95,horse,0.27662809790152176,0.9042917188355444
191E4C19,EAME,2024-06-16,50,horse,0.4748537116891186,0.9042917188355444
191E4C19,EAME,2024-06-16,95,swale,0.04011729936287819,0
191E4C19,EAME,2024-06-16,95,wheat,0.04532972366505475,0
191E4C19,EAME,2024-06-16,95,quarter,0.08463120775509439,0.06393095472267964
191E4C19,EAME,2024-06-16,50,quarter,0.01027062142572328,0.06393095472267964
191E4C19,EAME,2024-06-16,95,retired,0.0067777221700821904,0
191E4C19,EAME,2024-06-16,95,cat_barn,0.01155978983041668,0
191E4C19,EAME,2024-06-16,95,native_ws,0.05826421986628279,2.3720752449155391e-4
191E4C19,EAME,2024-06-16,95,cattle,0.03500657485064634,0.4426476287862057
191E4C19,EAME,2024-06-16,50,cattle,0.02941458699882981,0.4426476287862057
191E4C19,EAME,2024-06-16,95,wish_well,0.32641215139864016,0.7932198257240205
191E4C19,EAME,2024-06-16,50,wish_well,0.4914902094756528,0.7932198257240205
191E4C19,EAME,2024-06-16,95,off_field,0.03361994314438565,NA
191E4C19,EAME,2024-06-16,50,off_field,0,NA
191E4C19,EAME,2024-05-11,95,frog,0.01440848981659288,0
191E4C19,EAME,2024-05-11,95,horse,0.5419718066866064,0.6229616477156178
191E4C19,EAME,2024-05-11,50,horse,0.6414278379199059,0.6229616477156178
191E4C19,EAME,2024-05-11,95,quarter,0.3384805454077274,0.5505672726137385
191E4C19,EAME,2024-05-11,50,quarter,0.35404128059299167,0.5505672726137385
191E4C19,EAME,2024-05-11,95,cattle,0.09240170114015818,0.00307494210978596
191E4C19,EAME,2024-05-11,95,wish_well,0.00920753616127624,0
191E4C19,EAME,2024-05-11,95,off_field,0.00342163471113661,NA
191E4C19,EAME,2024-05-11,50,off_field,0.00399108915681864,NA
191E4C19,EAME,2024-06-14,95,frog,0.157493770665819,0.4926920439866392
191E4C19,EAME,2024-06-14,50,frog,0.14741649796967954,0.4926920439866392
191E4C19,EAME,2024-06-14,95,horse,0.1269588928042675,0.3212940543506907
191E4C19,EAME,2024-06-14,50,horse,0.07749487371474718,0.3212940543506907
191E4C19,EAME,2024-06-14,95,pear_tree,0.0065289992589919,0
191E4C19,EAME,2024-06-14,95,wheat,0.4951260731249125,0.7177865795486155
191E4C19,EAME,2024-06-14,50,wheat,0.6751780119026785,0.7177865795486155
191E4C19,EAME,2024-06-14,95,quarter,0.01143211349170361,0
191E4C19,EAME,2024-06-14,95,native_ws,0.03344977955837332,0
191E4C19,EAME,2024-06-14,95,cattle,0.02292718713355123,7.735035859588133e-4
191E4C19,EAME,2024-06-14,95,wish_well,0.12206647362895216,0.4732745671311506
191E4C19,EAME,2024-06-14,50,wish_well,0.10975308211964936,0.4732745671311506
191E4C19,EAME,2024-06-14,95,off_field,0.02401671033342874,NA
191E4C19,EAME,2024-06-14,50,off_field,0,NA
191E4C19,EAME,2024-05-21,95,frog,0.14880300824505105,0.3711475666353715
191E4C19,EAME,2024-05-21,50,frog,0.10490512028237264,0.3711475666353715
191E4C19,EAME,2024-05-21,95,horse,0.24385545653054536,0.5081317435417697
191E4C19,EAME,2024-05-21,50,horse,0.2353678617233922,0.5081317435417697
191E4C19,EAME,2024-05-21,95,wheat,0.17702468183691622,0.4150443787975802
191E4C19,EAME,2024-05-21,50,wheat,0.13956184952459047,0.4150443787975802
191E4C19,EAME,2024-05-21,95,quarter,0.4109694892383883,0.662571459431102
191E4C19,EAME,2024-05-21,50,quarter,0.5172263747108357,0.662571459431102
191E4C19,EAME,2024-05-21,95,cattle,0.01153925427531964,0
191E4C19,EAME,2024-05-21,95,off_field,0.00662937762845147,NA
191E4C19,EAME,2024-05-21,50,off_field,0.00293879375880904,NA
191E4C19,EAME,2024-06-01,95,frog,0.1872052127299368,0.4763251342671345
191E4C19,EAME,2024-06-01,50,frog,0.1693280842324772,0.4763251342671345
191E4C19,EAME,2024-06-01,95,horse,0.18045793306048752,0.5248060251325477
191E4C19,EAME,2024-06-01,50,horse,0.17983836680453824,0.5248060251325477
191E4C19,EAME,2024-06-01,95,wheat,0.1816884418112961,0.5470478486952525
191E4C19,EAME,2024-06-01,50,wheat,0.18873835851429951,0.5470478486952525
191E4C19,EAME,2024-06-01,95,quarter,0.2161152028137855,0.5818491013520737
191E4C19,EAME,2024-06-01,50,quarter,0.23878291269527271,0.5818491013520737
191E4C19,EAME,2024-06-01,95,cattle,0.23382814950699035,0.5085796347624929
191E4C19,EAME,2024-06-01,50,cattle,0.2258204752479364,0.5085796347624929
191E4C19,EAME,2024-06-01,95,off_field,0,NA
191E4C19,EAME,2024-06-01,50,off_field,0,NA
191E4C19,EAME,2024-05-23,95,frog,0.1808820448651671,0.3796246578749712
191E4C19,EAME,2024-05-23,50,frog,0.13043926304782316,0.3796246578749712
191E4C19,EAME,2024-05-23,95,horse,0.20109339745845176,0.3655088588274584
191E4C19,EAME,2024-05-23,50,horse,0.13962210549096307,0.3655088588274584
191E4C19,EAME,2024-05-23,95,wheat,0.124198200327565,0.5206208876582267
191E4C19,EAME,2024-05-23,50,wheat,0.12282742720276218,0.5206208876582267
191E4C19,EAME,2024-05-23,95,quarter,0.42148541463881617,0.7546600077720805
191E4C19,EAME,2024-05-23,50,quarter,0.6042161791430192,0.7546600077720805
191E4C19,EAME,2024-05-23,95,cattle,0.06424943658129405,0
191E4C19,EAME,2024-05-23,95,off_field,0.00413375091652604,NA
191E4C19,EAME,2024-05-23,50,off_field,0.00289502511543242,NA
191E4C19,EAME,2024-06-02,95,frog,0.21775902041617207,0.8492319805798715
191E4C19,EAME,2024-06-02,50,frog,0.35118377197818007,0.8492319805798715
191E4C19,EAME,2024-06-02,95,horse,0.18973400579438104,0.6504592879681766
191E4C19,EAME,2024-06-02,50,horse,0.23436742030161065,0.6504592879681766
191E4C19,EAME,2024-06-02,95,wheat,0.17502315760662834,0.5665384752066841
191E4C19,EAME,2024-06-02,50,wheat,0.18830283927971897,0.5665384752066841
191E4C19,EAME,2024-06-02,95,quarter,0.1792631416331125,0.2137726549452108
191E4C19,EAME,2024-06-02,50,quarter,0.0727738076705899,0.2137726549452108
191E4C19,EAME,2024-06-02,95,cattle,0.19579498621610808,0.4224940076671548
191E4C19,EAME,2024-06-02,50,cattle,0.15709199841537522,0.4224940076671548
191E4C19,EAME,2024-06-02,95,wish_well,0.04108132646750054,0
191E4C19,EAME,2024-06-02,95,off_field,0.0012877691808648,NA
191E4C19,EAME,2024-06-02,50,off_field,0,NA
191E4C19,EAME,2024-06-09,95,blue_silo,0.09724948916182094,0.2660620505362337
191E4C19,EAME,2024-06-09,50,blue_silo,0.04916179491595129,0.2660620505362337
191E4C19,EAME,2024-06-09,95,bobolink,0.06535782515852932,0.5024097385245845
191E4C19,EAME,2024-06-09,50,bobolink,0.0623897304674136,0.5024097385245845
191E4C19,EAME,2024-06-09,95,frog,0.01789444332573225,1.1956834261636764e-4
191E4C19,EAME,2024-06-09,95,horse,0.2051618878814677,0.7841775995223916
191E4C19,EAME,2024-06-09,50,horse,0.3056810997964395,0.7841775995223916
191E4C19,EAME,2024-06-09,95,wheat,0.04170314811419622,6.64697190379386e-4
191E4C19,EAME,2024-06-09,95,quarter,0.0573993334978575,0.03530473189735748
191E4C19,EAME,2024-06-09,95,retired,0.04951430521090654,9.968468422956074e-4
191E4C19,EAME,2024-06-09,95,front_hay,0.0672797212467137,0.5334789943624113
191E4C19,EAME,2024-06-09,50,front_hay,0.06819601151817622,0.5334789943624113
191E4C19,EAME,2024-06-09,95,native_ws,0.02738720906484813,0.11037601045331769
191E4C19,EAME,2024-06-09,50,native_ws,0.00574354380459647,0.11037601045331769
191E4C19,EAME,2024-06-09,95,cattle,0.01361504128296891,0.35635123207178615
191E4C19,EAME,2024-06-09,50,cattle,0.00921838188417254,0.35635123207178615
191E4C19,EAME,2024-06-09,95,wish_well,0.29259464337931,0.8339692392734244
191E4C19,EAME,2024-06-09,50,wish_well,0.4636324995540498,0.8339692392734244
191E4C19,EAME,2024-06-09,95,off_field,0.06035600329182251,NA
191E4C19,EAME,2024-06-09,50,off_field,0.03197609935000143,NA
191E4C19,EAME,2024-06-12,95,frog,0.01736356129955972,0
191E4C19,EAME,2024-06-12,95,horse,0.19962213919126576,0.35011056082584824
191E4C19,EAME,2024-06-12,50,horse,0.1321771451991201,0.35011056082584824
191E4C19,EAME,2024-06-12,95,wheat,0.06971588187408272,0
191E4C19,EAME,2024-06-12,95,quarter,0.03566010681959323,0
191E4C19,EAME,2024-06-12,95,gi,0.02094175448112504,0
191E4C19,EAME,2024-06-12,95,native_ws,0.04864123624611478,0
191E4C19,EAME,2024-06-12,95,wish_well,0.6037415109691618,0.7780860586589587
191E4C19,EAME,2024-06-12,50,wish_well,0.8884257190482667,0.7780860586589587
191E4C19,EAME,2024-06-12,95,off_field,0,NA
191E4C19,EAME,2024-06-12,50,off_field,0,NA
191E4C19,EAME,2024-05-18,95,frog,0.0745267530972114,0.3825126166996176
191E4C19,EAME,2024-05-18,50,frog,0.05415087128171635,0.3825126166996176
191E4C19,EAME,2024-05-18,95,horse,0.2839761116639515,0.9239489512999632
191E4C19,EAME,2024-05-18,50,horse,0.4983991222718972,0.9239489512999632
191E4C19,EAME,2024-05-18,95,wheat,0.11699562334666004,0.2847612656635729
191E4C19,EAME,2024-05-18,50,wheat,0.06328459627241033,0.2847612656635729
191E4C19,EAME,2024-05-18,95,quarter,0.1775240842235505,0.7762886890079751
191E4C19,EAME,2024-05-18,50,quarter,0.261774912366363,0.7762886890079751
191E4C19,EAME,2024-05-18,95,cat_barn,0.00794864856175362,0
191E4C19,EAME,2024-05-18,95,native_ws,0.04002979875221917,0
191E4C19,EAME,2024-05-18,95,cattle,0.04560975799015518,0.10556484730769763
191E4C19,EAME,2024-05-18,50,cattle,0.00914586055131391,0.10556484730769763
191E4C19,EAME,2024-05-18,95,wish_well,0.2176408533831337,0.27751308099204675
191E4C19,EAME,2024-05-18,50,wish_well,0.11472851249762156,0.27751308099204675
191E4C19,EAME,2024-05-18,95,off_field,0.03574836898136491,NA
191E4C19,EAME,2024-05-18,50,off_field,0,NA
191E4C19,EAME,2024-05-19,95,frog,0.200479606858033,0.7102342346609486
191E4C19,EAME,2024-05-19,50,frog,0.2704146721141885,0.7102342346609486
191E4C19,EAME,2024-05-19,95,horse,0.1842405659471621,0.6515636938590824
191E4C19,EAME,2024-05-19,50,horse,0.2279820126049796,0.6515636938590824
191E4C19,EAME,2024-05-19,95,wheat,0.2228321079751655,0.5641274044198522
191E4C19,EAME,2024-05-19,50,wheat,0.23873352672007045,0.5641274044198522
191E4C19,EAME,2024-05-19,95,quarter,0.210538894624532,0.6592341407933843
191E4C19,EAME,2024-05-19,50,quarter,0.263590938701687,0.6592341407933843
191E4C19,EAME,2024-05-19,95,cat_barn,0.01638060672909304,0
191E4C19,EAME,2024-05-19,95,native_ws,0.00978747326974659,0
191E4C19,EAME,2024-05-19,95,cattle,0.08018943441040467,0
191E4C19,EAME,2024-05-19,95,wish_well,0.02897793726932846,0
191E4C19,EAME,2024-05-19,95,off_field,0.04122730639666092,NA
191E4C19,EAME,2024-05-19,50,off_field,0,NA
191E4C19,EAME,2024-05-26,95,frog,0.0742100242780891,0
191E4C19,EAME,2024-05-26,95,horse,0.30068413859126303,0.5091641582804859
191E4C19,EAME,2024-05-26,50,horse,0.29073710989813306,0.5091641582804859
191E4C19,EAME,2024-05-26,95,wheat,0.18065086519505277,0.4025645261279035
191E4C19,EAME,2024-05-26,50,wheat,0.13810445021941745,0.4025645261279035
191E4C19,EAME,2024-05-26,95,quarter,0.4405017584537129,0.6798073630132878
191E4C19,EAME,2024-05-26,50,quarter,0.5686769633217293,0.6798073630132878
191E4C19,EAME,2024-05-26,95,off_field,0.00133180327396113,NA
191E4C19,EAME,2024-05-26,50,off_field,0.00248147656072018,NA
191E4C19,EAME,2024-06-03,95,frog,0.01016592608848892,0
191E4C19,EAME,2024-06-03,95,horse,0.409732340984894,0.6382567444795137
191E4C19,EAME,2024-06-03,50,horse,0.4958401781638069,0.6382567444795137
191E4C19,EAME,2024-06-03,95,quarter,0.02965115485300795,0
191E4C19,EAME,2024-06-03,95,native_ws,0.06671184630750442,0
191E4C19,EAME,2024-06-03,95,cattle,0.05901977135666531,0.5440033060242843
191E4C19,EAME,2024-06-03,50,cattle,0.06087586130783864,0.5440033060242843
191E4C19,EAME,2024-06-03,95,wish_well,0.4033294671453538,0.5922560183409558
191E4C19,EAME,2024-06-03,50,wish_well,0.45291373622868,0.5922560183409558
191E4C19,EAME,2024-06-03,95,off_field,0.02088152606980189,NA
191E4C19,EAME,2024-06-03,50,off_field,0,NA
191E4C19,EAME,2024-06-13,95,horse,0.3743794739767292,0.4332430715051786
191E4C19,EAME,2024-06-13,50,horse,0.30706140402440857,0.4332430715051786
191E4C19,EAME,2024-06-13,95,swale,0.01612399743858929,0
191E4C19,EAME,2024-06-13,95,cat_barn,0.00989921507720605,0
191E4C19,EAME,2024-06-13,95,gi,0.00688878699246961,0
191E4C19,EAME,2024-06-13,95,wish_well,0.5892420450440456,0.638714615642851
191E4C19,EAME,2024-06-13,50,wish_well,0.7124955525831019,0.638714615642851
191E4C19,EAME,2024-06-13,95,off_field,0,NA
191E4C19,EAME,2024-06-13,50,off_field,0,NA
191E4C19,EAME,2024-05-24,95,frog,0.28578516434782736,0.5120873684928113
191E4C19,EAME,2024-05-24,50,frog,0.27796077065854724,0.5120873684928113
191E4C19,EAME,2024-05-24,95,horse,0.1646947734447822,0.3930608480545249
191E4C19,EAME,2024-05-24,50,horse,0.12295306736458604,0.3930608480545249
191E4C19,EAME,2024-05-24,95,wheat,0.29733051619076123,0.5430602149817912
191E4C19,EAME,2024-05-24,50,wheat,0.3066812578217833,0.5430602149817912
191E4C19,EAME,2024-05-24,95,quarter,0.2337922310509003,0.6814703914903665
191E4C19,EAME,2024-05-24,50,quarter,0.30260550924131163,0.6814703914903665
191E4C19,EAME,2024-05-24,95,cattle,0.01407771966116787,0
191E4C19,EAME,2024-05-24,95,off_field,0,NA
191E4C19,EAME,2024-05-24,50,off_field,0,NA
191E4C19,EAME,2024-06-19,95,blue_silo,0.24386443153858603,0.7132747796057444
191E4C19,EAME,2024-06-19,50,blue_silo,0.33039458126392157,0.7132747796057444
191E4C19,EAME,2024-06-19,95,frog,0.05035322207060763,0.44417495981352806
191E4C19,EAME,2024-06-19,50,frog,0.04248238826373053,0.44417495981352806
191E4C19,EAME,2024-06-19,95,horse,0.12320917435558652,0.7420770674458936
191E4C19,EAME,2024-06-19,50,horse,0.17366793650428694,0.7420770674458936
191E4C19,EAME,2024-06-19,95,pear_tree,0.06075624337007398,0
191E4C19,EAME,2024-06-19,95,wheat,0.137770143386248,0.4795691279118023
191E4C19,EAME,2024-06-19,50,wheat,0.1254971647444232,0.4795691279118023
191E4C19,EAME,2024-06-19,95,quarter,0.18071546090299093,0.7708620713591806
191E4C19,EAME,2024-06-19,50,quarter,0.26460593039807484,0.7708620713591806
191E4C19,EAME,2024-06-19,95,retired,0.02807057297230189,0.13188153225261232
191E4C19,EAME,2024-06-19,50,retired,0.00703174070645736,0.13188153225261232
191E4C19,EAME,2024-06-19,95,donkey,0.00501917989628779,0.23500106541956503
191E4C19,EAME,2024-06-19,95,cattle,0.03907252996960462,0.08637800426843825
191E4C19,EAME,2024-06-19,50,cattle,0.00641065322015156,0.08637800426843825
191E4C19,EAME,2024-06-19,95,wish_well,0.04873585886715468,0.00674734635619607
191E4C19,EAME,2024-06-19,95,off_field,0.0773633652279218,NA
191E4C19,EAME,2024-06-19,50,off_field,0.04704457068627459,NA
191E4C19,EAME,2024-05-17,95,frog,0.1510790596211879,0.4147988174341197
191E4C19,EAME,2024-05-17,50,frog,0.11903343734322774,0.4147988174341197
191E4C19,EAME,2024-05-17,95,horse,0.16986509308992565,0.5721381291188556
191E4C19,EAME,2024-05-17,50,horse,0.1846002247377187,0.5721381291188556
191E4C19,EAME,2024-05-17,95,wheat,0.0253018216618968,0.02848158463189352
191E4C19,EAME,2024-05-17,95,quarter,0.31823693490573546,0.6957520360684089
191E4C19,EAME,2024-05-17,50,quarter,0.4205641613965655,0.6957520360684089
191E4C19,EAME,2024-05-17,95,cattle,0.2277013185224454,0.4246225947310072
191E4C19,EAME,2024-05-17,50,cattle,0.18365207420263563,0.4246225947310072
191E4C19,EAME,2024-05-17,95,wish_well,0.0910653044780098,0.5394974321356933
191E4C19,EAME,2024-05-17,50,wish_well,0.09331888011461333,0.5394974321356933
191E4C19,EAME,2024-05-17,95,off_field,0.0128361779986711,NA
191E4C19,EAME,2024-05-17,50,off_field,0,NA
191E4C19,EAME,2024-05-27,95,frog,0.10860115521674396,0.1821650708638631
191E4C19,EAME,2024-05-27,50,frog,0.03755771013122793,0.1821650708638631
191E4C19,EAME,2024-05-27,95,horse,0.2098410415989585,0.3031345118954662
191E4C19,EAME,2024-05-27,50,horse,0.12076063017674216,0.3031345118954662
191E4C19,EAME,2024-05-27,95,wheat,0.2515515566274576,0.5444455017007065
191E4C19,EAME,2024-05-27,50,wheat,0.26000456719545406,0.5444455017007065
191E4C19,EAME,2024-05-27,95,quarter,0.4273372196202333,0.7133169294102225
191E4C19,EAME,2024-05-27,50,quarter,0.5786990976176877,0.7133169294102225
191E4C19,EAME,2024-05-27,95,off_field,0.0013219555290338,NA
191E4C19,EAME,2024-05-27,50,off_field,0.00297799487888814,NA
191E4C19,EAME,2024-05-25,95,frog,0.105213195422817,0.04753586274613162
191E4C19,EAME,2024-05-25,50,frog,0.00949978852806695,0.04753586274613162
191E4C19,EAME,2024-05-25,95,horse,0.19079734859785896,0.45395870628042334
191E4C19,EAME,2024-05-25,50,horse,0.16451709468231387,0.45395870628042334
191E4C19,EAME,2024-05-25,95,wheat,0.06312455709827629,0
191E4C19,EAME,2024-05-25,95,quarter,0.401318965519716,0.7756402130885475
191E4C19,EAME,2024-05-25,50,quarter,0.5912516252814048,0.7756402130885475
191E4C19,EAME,2024-05-25,95,cattle,0.2215151507817752,0.5544798283887636
191E4C19,EAME,2024-05-25,50,cattle,0.23329827816881915,0.5544798283887636
191E4C19,EAME,2024-05-25,95,wish_well,0.01950883931972821,0
191E4C19,EAME,2024-05-25,95,off_field,0,NA
191E4C19,EAME,2024-05-25,50,off_field,0.00143321333939512,NA
191E4C19,EAME,2024-05-28,95,frog,0.12949593633293963,0.4128329868971584
191E4C19,EAME,2024-05-28,50,frog,0.10134716270333272,0.4128329868971584
191E4C19,EAME,2024-05-28,95,horse,0.2399930555526589,0.38296770646961426
191E4C19,EAME,2024-05-28,50,horse,0.1742376046094279,0.38296770646961426
191E4C19,EAME,2024-05-28,95,wheat,0.2294352596167372,0.6414135718139911
191E4C19,EAME,2024-05-28,50,wheat,0.2789840463483079,0.6414135718139911
191E4C19,EAME,2024-05-28,95,quarter,0.3974242968404004,0.5874723548769596
191E4C19,EAME,2024-05-28,50,quarter,0.44261172238171925,0.5874723548769596
191E4C19,EAME,2024-05-28,95,off_field,0.00103592012958359,NA
191E4C19,EAME,2024-05-28,50,off_field,0.00281946395721221,NA
191E4C19,EAME,2024-05-29,95,frog,0.08627809004118953,0.45813102159191393
191E4C19,EAME,2024-05-29,50,frog,0.07508742530997944,0.45813102159191393
191E4C19,EAME,2024-05-29,95,horse,0.15608765912615002,0.16210502573299418
191E4C19,EAME,2024-05-29,50,horse,0.04806644879477632,0.16210502573299418
191E4C19,EAME,2024-05-29,95,wheat,0.2827122527229546,0.5908748094924787
191E4C19,EAME,2024-05-29,50,wheat,0.31733435848555547,0.5908748094924787
191E4C19,EAME,2024-05-29,95,quarter,0.4726911701040198,0.6192368016206395
191E4C19,EAME,2024-05-29,50,quarter,0.5560466629889071,0.6192368016206395
191E4C19,EAME,2024-05-29,95,off_field,0.00223082800568603,NA
191E4C19,EAME,2024-05-29,50,off_field,0.00346510442078155,NA
191E4C19,EAME,2024-05-30,95,frog,0.19317977605526152,0.42630027198166065
191E4C19,EAME,2024-05-30,50,frog,0.15643754235877327,0.42630027198166065
191E4C19,EAME,2024-05-30,95,horse,0.1600280615172013,0.4825091957314286
191E4C19,EAME,2024-05-30,50,horse,0.14667816078133197,0.4825091957314286
191E4C19,EAME,2024-05-30,95,wheat,0.180448892025139,0.5935966533434662
191E4C19,EAME,2024-05-30,50,wheat,0.20347421426665208,0.5935966533434662
191E4C19,EAME,2024-05-30,95,quarter,0.21062384234277504,0.6518505866603572
191E4C19,EAME,2024-05-30,50,quarter,0.2608070389658613,0.6518505866603572
191E4C19,EAME,2024-05-30,95,cattle,0.23864810038849732,0.517917671650903
191E4C19,EAME,2024-05-30,50,cattle,0.23479153113419624,0.517917671650903
191E4C19,EAME,2024-05-30,95,wish_well,0.02081311294334724,0
191E4C19,EAME,2024-05-30,95,off_field,0,NA
191E4C19,EAME,2024-05-30,50,off_field,0,NA
191E4C19,EAME,2024-06-06,95,frog,0.04293063551053763,0
191E4C19,EAME,2024-06-06,95,horse,0.41022091633754487,0.6581163646201654
191E4C19,EAME,2024-06-06,50,horse,0.5122459680786529,0.6581163646201654
191E4C19,EAME,2024-06-06,95,wheat,0.02950485730545657,0
191E4C19,EAME,2024-06-06,95,quarter,0.05345651190508455,0
191E4C19,EAME,2024-06-06,95,cat_barn,0.01259593871663424,0
191E4C19,EAME,2024-06-06,95,native_ws,0.02575547955237992,0
191E4C19,EAME,2024-06-06,95,cattle,0.04778892498756549,0.2565422658176722
191E4C19,EAME,2024-06-06,50,cattle,0.02326184971662061,0.2565422658176722
191E4C19,EAME,2024-06-06,95,wish_well,0.35776760974971394,0.7110723538955059
191E4C19,EAME,2024-06-06,50,wish_well,0.4826950793402159,0.7110723538955059
191E4C19,EAME,2024-06-06,95,off_field,0.01983020100788315,NA
191E4C19,EAME,2024-06-06,50,off_field,0,NA
191E4C19,EAME,2024-05-31,95,frog,0.20043674101453693,0.4460634016931924
191E4C19,EAME,2024-05-31,50,frog,0.1696735033507783,0.4460634016931924
191E4C19,EAME,2024-05-31,95,horse,0.1776158372141881,0.3688947367503416
191E4C19,EAME,2024-05-31,50,horse,0.12434383236914882,0.3688947367503416
191E4C19,EAME,2024-05-31,95,wheat,0.27335438500542864,0.6990231167783142
191E4C19,EAME,2024-05-31,50,wheat,0.36262495296142366,0.6990231167783142
191E4C19,EAME,2024-05-31,95,quarter,0.29949324972184993,0.6015327705807312
191E4C19,EAME,2024-05-31,50,quarter,0.34189002706390703,0.6015327705807312
191E4C19,EAME,2024-05-31,95,cattle,0.04403308803639538,0
191E4C19,EAME,2024-05-31,95,wish_well,0.00564675020181851,0
191E4C19,EAME,2024-05-31,95,off_field,0,NA
191E4C19,EAME,2024-05-31,50,off_field,0.00146768425474218,NA
191E4C19,EAME,2024-06-04,95,horse,0.4308948544368884,0.5530509464637805
191E4C19,EAME,2024-06-04,50,horse,0.4521091714979388,0.5530509464637805
191E4C19,EAME,2024-06-04,95,cattle,0.01780227635855302,0
191E4C19,EAME,2024-06-04,95,wish_well,0.5495361283721795,0.5480194348586556
191E4C19,EAME,2024-06-04,50,wish_well,0.5713458531067882,0.5480194348586556
191E4C19,EAME,2024-06-04,95,off_field,0,NA
191E4C19,EAME,2024-06-04,50,off_field,0,NA
191E4C19,EAME,2024-06-08,95,horse,0.2950224545997827,0.4188586390538716
191E4C19,EAME,2024-06-08,50,horse,0.23444796132034185,0.4188586390538716
191E4C19,EAME,2024-06-08,95,quarter,0.01605130476268222,0
191E4C19,EAME,2024-06-08,95,native_ws,0.05408567519338791,0
191E4C19,EAME,2024-06-08,95,cattle,0.02702815385760821,0.00559588701329898
191E4C19,EAME,2024-06-08,95,wish_well,0.5893362350647956,0.698787589112618
191E4C19,EAME,2024-06-08,50,wish_well,0.7813259319565715,0.698787589112618
191E4C19,EAME,2024-06-08,95,off_field,0.01847617652174337,NA
191E4C19,EAME,2024-06-08,50,off_field,0,NA
191E4C19,EAME,2024-06-11,95,bobolink,0.00867314820258603,0
191E4C19,EAME,2024-06-11,95,horse,0.2544274560557449,0.45654810062423906
191E4C19,EAME,2024-06-11,50,horse,0.22003369981045573,0.45654810062423906
191E4C19,EAME,2024-06-11,95,pear_tree,0.024596007261612,0
191E4C19,EAME,2024-06-11,95,underhill,0.00746802067987325,0
191E4C19,EAME,2024-06-11,95,wheat,0.06904272683278065,0
191E4C19,EAME,2024-06-11,95,quarter,0.01534613409185638,0
191E4C19,EAME,2024-06-11,95,front_hay,0.02365739045846348,0
191E4C19,EAME,2024-06-11,95,native_ws,0.00511403892845128,0
191E4C19,EAME,2024-06-11,95,cattle,0.00798198304423569,0
191E4C19,EAME,2024-06-11,95,wish_well,0.5729088738067373,0.7331110577416876
191E4C19,EAME,2024-06-11,50,wish_well,0.795598589927228,0.7331110577416876
191E4C19,EAME,2024-06-11,95,off_field,0.00445694218717449,NA
191E4C19,EAME,2024-06-11,50,off_field,0,NA
191E4C19,EAME,2024-06-18,95,horse,0.38005715206908863,0.6832114781897191
191E4C19,EAME,2024-06-18,50,horse,0.4927751953265906,0.6832114781897191
191E4C19,EAME,2024-06-18,95,wheat,0.01233524628361701,0
191E4C19,EAME,2024-06-18,95,quarter,0.05507395189096242,0
191E4C19,EAME,2024-06-18,95,native_ws,0.18233332089432364,0.05847971443854668
191E4C19,EAME,2024-06-18,50,native_ws,0.02023559879915354,0.05847971443854668
191E4C19,EAME,2024-06-18,95,wish_well,0.32048618687488206,0.7648359174579806
191E4C19,EAME,2024-06-18,50,wish_well,0.4651814259532872,0.7648359174579806
191E4C19,EAME,2024-06-18,95,off_field,0.0435155729144646,NA
191E4C19,EAME,2024-06-18,50,off_field,0.0218077799209687,NA
191E4C19,EAME,2024-06-10,95,frog,0.03495677691317273,0
191E4C19,EAME,2024-06-10,95,horse,0.26530299986764994,0.4630403262143819
191E4C19,EAME,2024-06-10,50,horse,0.2332889441739588,0.4630403262143819
191E4C19,EAME,2024-06-10,95,quarter,0.01406169972478615,0
191E4C19,EAME,2024-06-10,95,native_ws,0.0518331001290366,0
191E4C19,EAME,2024-06-10,95,cattle,0.03118011354130541,0
191E4C19,EAME,2024-06-10,95,wish_well,0.5926626507255314,0.7002303059619837
191E4C19,EAME,2024-06-10,50,wish_well,0.7881005737045377,0.7002303059619837
191E4C19,EAME,2024-06-10,95,off_field,0.01000265909851777,NA
191E4C19,EAME,2024-06-10,50,off_field,0,NA
191E4C19,EAME,2024-06-17,95,horse,0.510613295569814,0.6230996991017796
191E4C19,EAME,2024-06-17,50,horse,0.6034744381498588,0.6230996991017796
191E4C19,EAME,2024-06-17,95,quarter,0.02440049423327097,0
191E4C19,EAME,2024-06-17,95,native_ws,0.08520109362456821,0
191E4C19,EAME,2024-06-17,95,cattle,0.00694076781941092,0
191E4C19,EAME,2024-06-17,95,wish_well,0.3505509909063918,0.625334460103484
191E4C19,EAME,2024-06-17,50,wish_well,0.4157887931442867,0.625334460103484
191E4C19,EAME,2024-06-17,95,off_field,0.02229335784654404,NA
191E4C19,EAME,2024-06-17,50,off_field,0,NA
192D2D4B,EAME,2023-06-15,95,blue_silo,0.2679100385740919,0.7156853754841357
192D2D4B,EAME,2023-06-15,50,blue_silo,0.3640143206087198,0.7156853754841357
192D2D4B,EAME,2023-06-15,95,bobolink,0.32599537824590513,0.634077017596094
192D2D4B,EAME,2023-06-15,50,bobolink,0.3924287300911644,0.634077017596094
192D2D4B,EAME,2023-06-15,95,horse,0.01433349476245494,0
192D2D4B,EAME,2023-06-15,95,swale,0.03665476678675314,0
192D2D4B,EAME,2023-06-15,95,underhill,0.01675113633831116,0.0505761520357282
192D2D4B,EAME,2023-06-15,95,retired,0.0830528502911052,0.7049056530990924
192D2D4B,EAME,2023-06-15,50,retired,0.11114575359903985,0.7049056530990924
192D2D4B,EAME,2023-06-15,95,front_hay,0.07397704916949163,0.364013238783431
192D2D4B,EAME,2023-06-15,50,front_hay,0.05112361110408194,0.364013238783431
192D2D4B,EAME,2023-06-15,95,clydesdale,0.00546301955841638,0
192D2D4B,EAME,2023-06-15,95,pond,0.0625488103026214,0
192D2D4B,EAME,2023-06-15,95,off_field,0.1066751681735998,NA
192D2D4B,EAME,2023-06-15,50,off_field,0.07967917225424444,NA
192D2D4B,EAME,2023-05-26,95,blue_silo,0.0831765551992969,0.3786022819999859
192D2D4B,EAME,2023-05-26,50,blue_silo,0.05979579193872801,0.3786022819999859
192D2D4B,EAME,2023-05-26,95,bobolink,0.4068934304878113,0.8451851051647511
192D2D4B,EAME,2023-05-26,50,bobolink,0.6530087154853446,0.8451851051647511
192D2D4B,EAME,2023-05-26,95,swale,0.036384170459025623,0.2908744766506494
192D2D4B,EAME,2023-05-26,50,swale,0.02009576564897996,0.2908744766506494
192D2D4B,EAME,2023-05-26,95,underhill,0.00508515101750786,0
192D2D4B,EAME,2023-05-26,95,retired,0.0074922440569572,0
192D2D4B,EAME,2023-05-26,95,front_hay,0.11201148314153862,0.1833229700745249
192D2D4B,EAME,2023-05-26,50,front_hay,0.03899113680425044,0.1833229700745249
192D2D4B,EAME,2023-05-26,95,entrance,0.01439792848934941,0
192D2D4B,EAME,2023-05-26,95,clydesdale,0.04188937354303299,0
192D2D4B,EAME,2023-05-26,95,pond,0.08764136612122331,0.03737670289405732
192D2D4B,EAME,2023-05-26,50,pond,0.00622008889981605,0.03737670289405732
192D2D4B,EAME,2023-05-26,95,off_field,0.2001053316551943,NA
192D2D4B,EAME,2023-05-26,50,off_field,0.221888501222881,NA
192D2D4B,EAME,2023-06-02,95,alfalfa,0.0115299971872823,0
192D2D4B,EAME,2023-06-02,95,blue_silo,0.13315868336317185,0.795809813823134
192D2D4B,EAME,2023-06-02,50,blue_silo,0.2012877623320161,0.795809813823134
192D2D4B,EAME,2023-06-02,95,bobolink,0.19216665778456304,0.7844254993647034
192D2D4B,EAME,2023-06-02,50,bobolink,0.2863309728279142,0.7844254993647034
192D2D4B,EAME,2023-06-02,95,swale,0.07171944285404559,0.05614414259028391
192D2D4B,EAME,2023-06-02,50,swale,0.00764856479367003,0.05614414259028391
192D2D4B,EAME,2023-06-02,95,underhill,0.13247794639546356,0.6585096775884541
192D2D4B,EAME,2023-06-02,50,underhill,0.16570832911623706,0.6585096775884541
192D2D4B,EAME,2023-06-02,95,retired,0.04501486421307423,0.8177839426531536
192D2D4B,EAME,2023-06-02,50,retired,0.06992510261933077,0.8177839426531536
192D2D4B,EAME,2023-06-02,95,front_hay,0.16734619966017306,0.5100813284342893
192D2D4B,EAME,2023-06-02,50,front_hay,0.1621413817755314,0.5100813284342893
192D2D4B,EAME,2023-06-02,95,clydesdale,0.00677202085254224,0
192D2D4B,EAME,2023-06-02,95,pond,0.06967586846024676,0.06738164074354594
192D2D4B,EAME,2023-06-02,50,pond,0.00891789924911842,0.06738164074354594
192D2D4B,EAME,2023-06-02,95,back_woods,0.0253600387336206,0
192D2D4B,EAME,2023-06-02,95,off_field,0.14158449779888865,NA
192D2D4B,EAME,2023-06-02,50,off_field,0.09803998728618206,NA
192D2D4B,EAME,2023-06-17,95,blue_silo,0.2480815783917706,0.47865937096968103
192D2D4B,EAME,2023-06-17,50,blue_silo,0.225579012263991,0.47865937096968103
192D2D4B,EAME,2023-06-17,95,bobolink,0.3990703523282006,0.6690124555421773
192D2D4B,EAME,2023-06-17,50,bobolink,0.5071790156352266,0.6690124555421773
192D2D4B,EAME,2023-06-17,95,underhill,0.0228338942273312,0.00164893735400611
192D2D4B,EAME,2023-06-17,95,retired,0.09377448301975594,0.6745167911226511
192D2D4B,EAME,2023-06-17,50,retired,0.12015865333818763,0.6745167911226511
192D2D4B,EAME,2023-06-17,95,front_hay,0.15189571772698787,0.16258693349717607
192D2D4B,EAME,2023-06-17,50,front_hay,0.04691468221703464,0.16258693349717607
192D2D4B,EAME,2023-06-17,95,off_field,0.0793590060956312,NA
192D2D4B,EAME,2023-06-17,50,off_field,0.1000971109059922,NA
192D2D4B,EAME,2023-05-25,95,blue_silo,0.08731338586963673,2.2521136802745287e-7
192D2D4B,EAME,2023-05-25,95,bobolink,0.4527763891065952,0.9479071172909572
192D2D4B,EAME,2023-05-25,50,bobolink,0.8151478688028513,0.9479071172909572
192D2D4B,EAME,2023-05-25,95,pear_tree,0.00636478277674707,0
192D2D4B,EAME,2023-05-25,95,swale,0.00805629793655324,0
192D2D4B,EAME,2023-05-25,95,underhill,0.01228064358778667,0
192D2D4B,EAME,2023-05-25,95,wheat,0.00752252352225491,0
192D2D4B,EAME,2023-05-25,95,quarter,0.01356830408710453,0
192D2D4B,EAME,2023-05-25,95,retired,0.01925199494889603,0
192D2D4B,EAME,2023-05-25,95,front_hay,0.1432200818669892,0.4347768141656769
192D2D4B,EAME,2023-05-25,50,front_hay,0.11826524482855907,0.4347768141656769
192D2D4B,EAME,2023-05-25,95,entrance,0.02548241248448957,0
192D2D4B,EAME,2023-05-25,95,clydesdale,0.05283215489260966,8.335251415745901e-5
192D2D4B,EAME,2023-05-25,95,pond,0.00765647914670669,0
192D2D4B,EAME,2023-05-25,95,cat_barn,0.0066395354218774,0
192D2D4B,EAME,2023-05-25,95,off_field,0.15450503873488156,NA
192D2D4B,EAME,2023-05-25,50,off_field,0.06657848521694165,NA
192D2D4B,EAME,2023-05-28,95,bobolink,0.33648051182391,0.4801787631857514
192D2D4B,EAME,2023-05-28,50,bobolink,0.30687404325059664,0.4801787631857514
192D2D4B,EAME,2023-05-28,95,swale,0.02371692756342263,0
192D2D4B,EAME,2023-05-28,95,pond,0.3637422170436804,0.5357048041181354
192D2D4B,EAME,2023-05-28,50,pond,0.3700978323610904,0.5357048041181354
192D2D4B,EAME,2023-05-28,95,back_woods,0.02173551570169608,0
192D2D4B,EAME,2023-05-28,95,off_field,0.24671634969820644,NA
192D2D4B,EAME,2023-05-28,50,off_field,0.32302812438831296,NA
192D2D4B,EAME,2023-05-31,95,alfalfa,0.03789715293674733,0
192D2D4B,EAME,2023-05-31,95,blue_silo,0.01849400497247183,0
192D2D4B,EAME,2023-05-31,95,bobolink,0.14643263121317873,0.30721203294086824
192D2D4B,EAME,2023-05-31,50,bobolink,0.08539075384275466,0.30721203294086824
192D2D4B,EAME,2023-05-31,95,swale,0.07978683612003433,0.00699771419158199
192D2D4B,EAME,2023-05-31,95,front_hay,0.0556851483903057,0
192D2D4B,EAME,2023-05-31,95,entrance,0.00661737868130506,0
192D2D4B,EAME,2023-05-31,95,pond,0.37293278500285437,0.8641240690190777
192D2D4B,EAME,2023-05-31,50,pond,0.6117041481810251,0.8641240690190777
192D2D4B,EAME,2023-05-31,95,back_woods,0.05358240101809476,0.03697844814110126
192D2D4B,EAME,2023-05-31,95,off_field,0.22577843303015172,NA
192D2D4B,EAME,2023-05-31,50,off_field,0.2980842824298258,NA
192D2D4B,EAME,2023-06-24,95,alfalfa,0.00791778369860111,0
192D2D4B,EAME,2023-06-24,95,blue_silo,0.2055322103139768,0.372118188358953
192D2D4B,EAME,2023-06-24,50,blue_silo,0.14515447638811205,0.372118188358953
192D2D4B,EAME,2023-06-24,95,bobolink,0.05112743679393518,0
192D2D4B,EAME,2023-06-24,95,pear_tree,0.25250480921824847,0.7141449160290998
192D2D4B,EAME,2023-06-24,50,pear_tree,0.3422359641302945,0.7141449160290998
192D2D4B,EAME,2023-06-24,95,swale,0.02331644294777404,0
192D2D4B,EAME,2023-06-24,95,underhill,0.2030933381052965,0.6538505804202168
192D2D4B,EAME,2023-06-24,50,underhill,0.252025122367405,0.6538505804202168
192D2D4B,EAME,2023-06-24,95,wheat,0.0075758885824858,0
192D2D4B,EAME,2023-06-24,95,quarter,0.00888025293900686,0
192D2D4B,EAME,2023-06-24,95,retired,0.15330419726213068,0.5954242582771269
192D2D4B,EAME,2023-06-24,50,retired,0.17324081276940775,0.5954242582771269
192D2D4B,EAME,2023-06-24,95,off_field,0.0792464281524858,NA
192D2D4B,EAME,2023-06-24,50,off_field,0.08734362434478074,NA
192D2D4B,EAME,2023-06-10,95,blue_silo,0.4636756988648085,0.6627047558795516
192D2D4B,EAME,2023-06-10,50,blue_silo,0.5836654176951178,0.6627047558795516
192D2D4B,EAME,2023-06-10,95,bobolink,0.07751414460961668,0.02785482445193809
192D2D4B,EAME,2023-06-10,95,swale,0.22047998944674488,0.5622076208087944
192D2D4B,EAME,2023-06-10,50,swale,0.23544823934384215,0.5622076208087944
192D2D4B,EAME,2023-06-10,95,retired,0.01347971596785053,0
192D2D4B,EAME,2023-06-10,95,pond,0.0936802631806792,0.22544168650341523
192D2D4B,EAME,2023-06-10,50,pond,0.04011546829135858,0.22544168650341523
192D2D4B,EAME,2023-06-10,95,off_field,0.13117018793030014,NA
192D2D4B,EAME,2023-06-10,50,off_field,0.13666967490189524,NA
192D2D4B,EAME,2023-06-07,95,alfalfa,0.06428856944348132,0
192D2D4B,EAME,2023-06-07,95,blue_silo,0.3463964850161045,0.8579716232823738
192D2D4B,EAME,2023-06-07,50,blue_silo,0.5644539255239813,0.8579716232823738
192D2D4B,EAME,2023-06-07,95,bobolink,0.08175443001640448,0.00866562550785468
192D2D4B,EAME,2023-06-07,95,swale,0.31055379179945797,0.6320014078456522
192D2D4B,EAME,2023-06-07,50,swale,0.37276658847756594,0.6320014078456522
192D2D4B,EAME,2023-06-07,95,underhill,0.0120972262770393,0
192D2D4B,EAME,2023-06-07,95,retired,0.03430673049956535,0.20009594997209795
192D2D4B,EAME,2023-06-07,50,retired,0.01303766225821402,0.20009594997209795
192D2D4B,EAME,2023-06-07,95,front_hay,0.04585501078235588,0
192D2D4B,EAME,2023-06-07,95,pond,0.00571922257077263,0
192D2D4B,EAME,2023-06-07,95,cat_barn,0.00605467767740409,0
192D2D4B,EAME,2023-06-07,95,gi,0.00851099498680154,0
192D2D4B,EAME,2023-06-07,95,off_field,0.08116951302476755,NA
192D2D4B,EAME,2023-06-07,50,off_field,0.04839629397699175,NA
192D2D4B,EAME,2023-05-29,95,blue_silo,0.03430130790868848,0
192D2D4B,EAME,2023-05-29,95,bobolink,0.18157526272544952,0.3464899932351875
192D2D4B,EAME,2023-05-29,50,bobolink,0.11948287146400093,0.3464899932351875
192D2D4B,EAME,2023-05-29,95,swale,0.19911621318422124,0.4430422421071408
192D2D4B,EAME,2023-05-29,50,swale,0.16753672973995476,0.4430422421071408
192D2D4B,EAME,2023-05-29,95,pond,0.29053100009770644,0.5393523514809838
192D2D4B,EAME,2023-05-29,50,pond,0.29759342316814996,0.5393523514809838
192D2D4B,EAME,2023-05-29,95,off_field,0.2941729785373946,NA
192D2D4B,EAME,2023-05-29,50,off_field,0.41538697562789434,NA
192D2D4B,EAME,2023-06-18,95,blue_silo,0.6732320025723957,0.7574634259983377
192D2D4B,EAME,2023-06-18,50,blue_silo,0.9675536483854212,0.7574634259983377
192D2D4B,EAME,2023-06-18,95,bobolink,0.14129124271930169,0.02422567109875154
192D2D4B,EAME,2023-06-18,50,bobolink,0.00649440990591679,0.02422567109875154
192D2D4B,EAME,2023-06-18,95,swale,0.04048164981953403,0
192D2D4B,EAME,2023-06-18,95,retired,0.00698715074629816,0
192D2D4B,EAME,2023-06-18,95,clydesdale,0.0090908409434146,0
192D2D4B,EAME,2023-06-18,95,pond,0.03056920541550573,0
192D2D4B,EAME,2023-06-18,95,off_field,0.09834790778355008,NA
192D2D4B,EAME,2023-06-18,50,off_field,0.02595194170866187,NA
192D2D4B,EAME,2023-06-26,95,frog,0.05175628708245516,0
192D2D4B,EAME,2023-06-26,95,pear_tree,0.4182570091672999,0.5932535146741624
192D2D4B,EAME,2023-06-26,50,pear_tree,0.47064168533276907,0.5932535146741624
192D2D4B,EAME,2023-06-26,95,wheat,0.146855807409526,0.30553152846962794
192D2D4B,EAME,2023-06-26,50,wheat,0.08510478936367027,0.30553152846962794
192D2D4B,EAME,2023-06-26,95,quarter,0.00616457929387733,0
192D2D4B,EAME,2023-06-26,95,cattle,0.00726166130228708,0
192D2D4B,EAME,2023-06-26,95,off_field,0.36945182905041046,NA
192D2D4B,EAME,2023-06-26,50,off_field,0.44425352530356066,NA
192D2D4B,EAME,2023-06-12,95,blue_silo,0.11927892350944662,0.4273120541163957
192D2D4B,EAME,2023-06-12,50,blue_silo,0.09681638073781464,0.4273120541163957
192D2D4B,EAME,2023-06-12,95,bobolink,0.12364337037506612,0.1666486650496806
192D2D4B,EAME,2023-06-12,50,bobolink,0.03913926470200972,0.1666486650496806
192D2D4B,EAME,2023-06-12,95,swale,0.24333544418729053,0.6114100239452589
192D2D4B,EAME,2023-06-12,50,swale,0.28260374703496366,0.6114100239452589
192D2D4B,EAME,2023-06-12,95,underhill,0.00716783768367359,0
192D2D4B,EAME,2023-06-12,95,retired,0.01339644421878392,0
192D2D4B,EAME,2023-06-12,95,front_hay,0.02093676600135738,0
192D2D4B,EAME,2023-06-12,95,pond,0.15579526166966554,0.461814829376754
192D2D4B,EAME,2023-06-12,50,pond,0.13666651118163783,0.461814829376754
192D2D4B,EAME,2023-06-12,95,off_field,0.3164459523547163,NA
192D2D4B,EAME,2023-06-12,50,off_field,0.4447740963435741,NA
192D2D4B,EAME,2023-06-25,95,bobolink,0.1944170158785626,0.7154309336436538
192D2D4B,EAME,2023-06-25,50,bobolink,0.2640656956872866,0.7154309336436538
192D2D4B,EAME,2023-06-25,95,frog,0.02444264966395733,0
192D2D4B,EAME,2023-06-25,95,pear_tree,0.20299976587192856,0.619054638090406
192D2D4B,EAME,2023-06-25,50,pear_tree,0.2385802658912063,0.619054638090406
192D2D4B,EAME,2023-06-25,95,underhill,0.2341408423964318,0.6700877907472723
192D2D4B,EAME,2023-06-25,50,underhill,0.2978645923525426,0.6700877907472723
192D2D4B,EAME,2023-06-25,95,wheat,0.04373539721192836,0
192D2D4B,EAME,2023-06-25,95,retired,0.02619041758688442,0
192D2D4B,EAME,2023-06-25,95,front_hay,0.0752430248973794,0.25448718581436086
192D2D4B,EAME,2023-06-25,50,front_hay,0.03635315977981402,0.25448718581436086
192D2D4B,EAME,2023-06-25,95,entrance,0.02298051509637344,0.1168086548898166
192D2D4B,EAME,2023-06-25,50,entrance,0.00509618025958713,0.1168086548898166
192D2D4B,EAME,2023-06-25,95,clydesdale,0.11613050232685886,0.5895265474431193
192D2D4B,EAME,2023-06-25,50,clydesdale,0.1299749535788502,0.5895265474431193
192D2D4B,EAME,2023-06-25,95,off_field,0.04937729452984735,NA
192D2D4B,EAME,2023-06-25,50,off_field,0.02806515245071313,NA
192D2D4B,EAME,2023-05-24,95,blue_silo,0.03170586264933127,0.00325604444125152
192D2D4B,EAME,2023-05-24,95,bobolink,0.2951118114350957,0.6612545576514027
192D2D4B,EAME,2023-05-24,50,bobolink,0.3706282784742197,0.6612545576514027
192D2D4B,EAME,2023-05-24,95,swale,0.013663627670327,0
192D2D4B,EAME,2023-05-24,95,underhill,0.02465851166765413,0
192D2D4B,EAME,2023-05-24,95,retired,0.00684656181101796,0
192D2D4B,EAME,2023-05-24,95,front_hay,0.04227777619891777,0
192D2D4B,EAME,2023-05-24,95,entrance,0.02136420908400181,0
192D2D4B,EAME,2023-05-24,95,clydesdale,0.12318016626989672,0.649796184147523
192D2D4B,EAME,2023-05-24,50,clydesdale,0.15202017381103955,0.649796184147523
192D2D4B,EAME,2023-05-24,95,pond,0.013764269589105,0
192D2D4B,EAME,2023-05-24,95,cat_barn,0.01667143844568229,0
192D2D4B,EAME,2023-05-24,95,off_field,0.4052790284091485,NA
192D2D4B,EAME,2023-05-24,50,off_field,0.4771554767977821,NA
192D2D4B,EAME,2023-06-01,95,blue_silo,0.3305182354224201,0.8169756677110447
192D2D4B,EAME,2023-06-01,50,blue_silo,0.5128978489733621,0.8169756677110447
192D2D4B,EAME,2023-06-01,95,bobolink,0.202174129229318,0.6154974135563837
192D2D4B,EAME,2023-06-01,50,bobolink,0.236362265400462,0.6154974135563837
192D2D4B,EAME,2023-06-01,95,swale,0.12036060748891328,0.00689212388027585
192D2D4B,EAME,2023-06-01,95,underhill,0.07758864732289597,0.10906398164973367
192D2D4B,EAME,2023-06-01,50,underhill,0.01607332992936813,0.10906398164973367
192D2D4B,EAME,2023-06-01,95,retired,0.08420090808714774,0.8276741965832439
192D2D4B,EAME,2023-06-01,50,retired,0.13237394792604035,0.8276741965832439
192D2D4B,EAME,2023-06-01,95,front_hay,0.06677435343992605,0.04393837868062321
192D2D4B,EAME,2023-06-01,50,front_hay,0.00557288459028226,0.04393837868062321
192D2D4B,EAME,2023-06-01,95,pond,0.01904768323604037,0
192D2D4B,EAME,2023-06-01,95,off_field,0.09410545978454038,NA
192D2D4B,EAME,2023-06-01,50,off_field,0.09514405858667892,NA
192D2D4B,EAME,2023-06-09,95,blue_silo,0.681822498652825,0.7395907626527376
192D2D4B,EAME,2023-06-09,50,blue_silo,0.9566895392717264,0.7395907626527376
192D2D4B,EAME,2023-06-09,95,bobolink,0.07148351904110262,0.0159321465590547
192D2D4B,EAME,2023-06-09,95,swale,0.11834168188038229,2.558094726875495e-4
192D2D4B,EAME,2023-06-09,95,retired,0.02178268860665518,0
192D2D4B,EAME,2023-06-09,95,pond,0.02331367063282886,0
192D2D4B,EAME,2023-06-09,95,off_field,0.08325594118620608,NA
192D2D4B,EAME,2023-06-09,50,off_field,0.04109235761540918,NA
192D2D4B,EAME,2023-06-21,95,blue_silo,0.1600506138627923,0.45951704465918086
192D2D4B,EAME,2023-06-21,50,blue_silo,0.13968109141919113,0.45951704465918086
192D2D4B,EAME,2023-06-21,95,bobolink,0.35980289106851243,0.4778037443959319
192D2D4B,EAME,2023-06-21,50,bobolink,0.32650726420537385,0.4778037443959319
192D2D4B,EAME,2023-06-21,95,retired,0.05464646065635312,0.266146125499312
192D2D4B,EAME,2023-06-21,50,retired,0.02762236358660099,0.266146125499312
192D2D4B,EAME,2023-06-21,95,front_hay,0.3456647223633892,0.6412160467217988
192D2D4B,EAME,2023-06-21,50,front_hay,0.4209573449495576,0.6412160467217988
192D2D4B,EAME,2023-06-21,95,off_field,0.0763347882292358,NA
192D2D4B,EAME,2023-06-21,50,off_field,0.08523193583927641,NA
192D2D4B,EAME,2023-06-23,95,blue_silo,0.13342986696604728,0.688233031908787
192D2D4B,EAME,2023-06-23,50,blue_silo,0.17414373873613292,0.688233031908787
192D2D4B,EAME,2023-06-23,95,bobolink,0.34232793637607706,0.6371871453020493
192D2D4B,EAME,2023-06-23,50,bobolink,0.41364582579799214,0.6371871453020493
192D2D4B,EAME,2023-06-23,95,swale,0.01903560560235406,0
192D2D4B,EAME,2023-06-23,95,underhill,0.00662561918522077,0
192D2D4B,EAME,2023-06-23,95,retired,0.04500465558876097,0.5175336664072704
192D2D4B,EAME,2023-06-23,50,retired,0.04416877428317075,0.5175336664072704
192D2D4B,EAME,2023-06-23,95,front_hay,0.181710514639301,0.3442877224881731
192D2D4B,EAME,2023-06-23,50,front_hay,0.1186372011733815,0.3442877224881731
192D2D4B,EAME,2023-06-23,95,entrance,0.03748179958396094,0.08244201195307212
192D2D4B,EAME,2023-06-23,50,entrance,0.00585987449382258,0.08244201195307212
192D2D4B,EAME,2023-06-23,95,clydesdale,0.1597012829835471,0.5074132728937927
192D2D4B,EAME,2023-06-23,50,clydesdale,0.1536701540854871,0.5074132728937927
192D2D4B,EAME,2023-06-23,95,off_field,0.07468222193687292,NA
192D2D4B,EAME,2023-06-23,50,off_field,0.08987443143001304,NA
192D2D4B,EAME,2023-06-27,95,pear_tree,0.2875721451930456,0.29427405631822084
192D2D4B,EAME,2023-06-27,50,pear_tree,0.1607502532093565,0.29427405631822084
192D2D4B,EAME,2023-06-27,95,wheat,0.08650275807463023,0.20911978168434064
192D2D4B,EAME,2023-06-27,50,wheat,0.03436196131490365,0.20911978168434064
192D2D4B,EAME,2023-06-27,95,off_field,0.6259250967323242,NA
192D2D4B,EAME,2023-06-27,50,off_field,0.8048877854757399,NA
192D2D4B,EAME,2023-06-04,95,bobolink,0.271812608434735,0.5267139569699337
192D2D4B,EAME,2023-06-04,50,bobolink,0.2719670451701481,0.5267139569699337
192D2D4B,EAME,2023-06-04,95,swale,0.1269547868614774,0.13823886905972052
192D2D4B,EAME,2023-06-04,50,swale,0.03333888806226146,0.13823886905972052
192D2D4B,EAME,2023-06-04,95,pond,0.26124958966277645,0.48641993062906586
192D2D4B,EAME,2023-06-04,50,pond,0.2414008730788113,0.48641993062906586
192D2D4B,EAME,2023-06-04,95,off_field,0.33757213704647643,NA
192D2D4B,EAME,2023-06-04,50,off_field,0.45329319368877913,NA
192D2D4B,EAME,2023-06-05,95,blue_silo,0.04131106558267673,0
192D2D4B,EAME,2023-06-05,95,bobolink,0.20105543948637764,0.40845219842333846
192D2D4B,EAME,2023-06-05,50,bobolink,0.15597617574744202,0.40845219842333846
192D2D4B,EAME,2023-06-05,95,swale,0.20897881896142836,0.4835347004930838
192D2D4B,EAME,2023-06-05,50,swale,0.19192481011866763,0.4835347004930838
192D2D4B,EAME,2023-06-05,95,pond,0.25070846453010043,0.5731820602725134
192D2D4B,EAME,2023-06-05,50,pond,0.27293723591001834,0.5731820602725134
192D2D4B,EAME,2023-06-05,95,off_field,0.29794621143941685,NA
192D2D4B,EAME,2023-06-05,50,off_field,0.379161778223872,NA
192D2D4B,EAME,2023-06-06,95,blue_silo,0.5326041662729468,0.7944291712393211
192D2D4B,EAME,2023-06-06,50,blue_silo,0.803715560361849,0.7944291712393211
192D2D4B,EAME,2023-06-06,95,bobolink,0.15341248235333213,0.14439212203904686
192D2D4B,EAME,2023-06-06,50,bobolink,0.04207719983074003,0.14439212203904686
192D2D4B,EAME,2023-06-06,95,swale,0.10375371394859186,0.30526968931465037
192D2D4B,EAME,2023-06-06,50,swale,0.06016306739668534,0.30526968931465037
192D2D4B,EAME,2023-06-06,95,retired,0.01543751924174216,0
192D2D4B,EAME,2023-06-06,95,front_hay,0.00716377359526807,0
192D2D4B,EAME,2023-06-06,95,pond,0.06472928568805186,0
192D2D4B,EAME,2023-06-06,95,off_field,0.12268284081557976,NA
192D2D4B,EAME,2023-06-06,50,off_field,0.09404417241072568,NA
192D2D4B,EAME,2023-06-08,95,alfalfa,0.03404823550713375,0
192D2D4B,EAME,2023-06-08,95,blue_silo,0.4127790954085966,0.9261165692992414
192D2D4B,EAME,2023-06-08,50,blue_silo,0.725830424689562,0.9261165692992414
192D2D4B,EAME,2023-06-08,95,bobolink,0.10794259927981316,0.3433455609542556
192D2D4B,EAME,2023-06-08,50,bobolink,0.07036814910884417,0.3433455609542556
192D2D4B,EAME,2023-06-08,95,swale,0.1660330074182541,0.32456456604473355
192D2D4B,EAME,2023-06-08,50,swale,0.10231689644858524,0.32456456604473355
192D2D4B,EAME,2023-06-08,95,underhill,0.03069799161033059,0
192D2D4B,EAME,2023-06-08,95,retired,0.04949807684530676,0.5119374207398004
192D2D4B,EAME,2023-06-08,50,retired,0.04811239994404166,0.5119374207398004
192D2D4B,EAME,2023-06-08,95,front_hay,0.06391386634954918,0
192D2D4B,EAME,2023-06-08,95,entrance,0.0240298039203873,0
192D2D4B,EAME,2023-06-08,95,pond,0.00746059941915794,0
192D2D4B,EAME,2023-06-08,95,off_field,0.09414353013833116,NA
192D2D4B,EAME,2023-06-08,50,off_field,0.05337212980896689,NA
192D2D4B,EAME,2023-06-11,95,alfalfa,0.00584497003857823,0
192D2D4B,EAME,2023-06-11,95,blue_silo,0.30622134366657744,0.6158140259543327
192D2D4B,EAME,2023-06-11,50,blue_silo,0.3580040164065181,0.6158140259543327
192D2D4B,EAME,2023-06-11,95,bobolink,0.1394270065899682,0
192D2D4B,EAME,2023-06-11,95,swale,0.2041008019178438,0.5259289054040621
192D2D4B,EAME,2023-06-11,50,swale,0.20378612747503885,0.5259289054040621
192D2D4B,EAME,2023-06-11,95,front_hay,0.00603318776920471,0
192D2D4B,EAME,2023-06-11,95,pond,0.15966842883155644,0.7563227394047124
192D2D4B,EAME,2023-06-11,50,pond,0.22926041521611204,0.7563227394047124
192D2D4B,EAME,2023-06-11,95,off_field,0.17394380937558318,NA
192D2D4B,EAME,2023-06-11,50,off_field,0.20894944090233103,NA
192D2D4B,EAME,2023-06-13,95,blue_silo,0.24809900992464876,0.7190646204647928
192D2D4B,EAME,2023-06-13,50,blue_silo,0.33885357925465254,0.7190646204647928
192D2D4B,EAME,2023-06-13,95,bobolink,0.3949150289416252,0.5647021494034924
192D2D4B,EAME,2023-06-13,50,bobolink,0.423586614296833,0.5647021494034924
192D2D4B,EAME,2023-06-13,95,swale,0.03729368389008439,0
192D2D4B,EAME,2023-06-13,95,retired,0.08689123292424249,0.7588194952082339
192D2D4B,EAME,2023-06-13,50,retired,0.12523726214851602,0.7588194952082339
192D2D4B,EAME,2023-06-13,95,front_hay,0.01270733111103904,0
192D2D4B,EAME,2023-06-13,95,clydesdale,0.01305529456828106,0
192D2D4B,EAME,2023-06-13,95,pond,0.05804406835629625,0
192D2D4B,EAME,2023-06-13,95,off_field,0.1470354035329191,NA
192D2D4B,EAME,2023-06-13,50,off_field,0.1123225442999985,NA
192D2D4B,EAME,2023-06-22,95,blue_silo,0.16047708951069653,0.4452826547719477
192D2D4B,EAME,2023-06-22,50,blue_silo,0.1357493889878591,0.4452826547719477
192D2D4B,EAME,2023-06-22,95,bobolink,0.3862759418475628,0.5650115611446768
192D2D4B,EAME,2023-06-22,50,bobolink,0.41461409355511647,0.5650115611446768
192D2D4B,EAME,2023-06-22,95,underhill,0.0087333124371745,0
192D2D4B,EAME,2023-06-22,95,retired,0.06384794970909027,0.48821163150120367
192D2D4B,EAME,2023-06-22,50,retired,0.05921669213981443,0.48821163150120367
192D2D4B,EAME,2023-06-22,95,front_hay,0.26917930915377236,0.5911202979893562
192D2D4B,EAME,2023-06-22,50,front_hay,0.30227805056074875,0.5911202979893562
192D2D4B,EAME,2023-06-22,95,clydesdale,0.0266415685676157,0
192D2D4B,EAME,2023-06-22,95,off_field,0.07886816631989642,NA
192D2D4B,EAME,2023-06-22,50,off_field,0.08814177475646129,NA
192D2D4B,EAME,2023-05-30,95,blue_silo,0.01943938429283411,0
192D2D4B,EAME,2023-05-30,95,bobolink,0.13815932524501973,0.287408067539338
192D2D4B,EAME,2023-05-30,50,bobolink,0.07542956927583401,0.287408067539338
192D2D4B,EAME,2023-05-30,95,swale,0.17640201074823744,0.05630154527153828
192D2D4B,EAME,2023-05-30,50,swale,0.01886628173870509,0.05630154527153828
192D2D4B,EAME,2023-05-30,95,pond,0.26429160017644937,0.6450193836251834
192D2D4B,EAME,2023-05-30,50,pond,0.3238311305137355,0.6450193836251834
192D2D4B,EAME,2023-05-30,95,off_field,0.40170767953745934,NA
192D2D4B,EAME,2023-05-30,50,off_field,0.5818730184717253,NA
192D2D4B,EAME,2023-06-16,95,blue_silo,0.37350162258501096,0.539926757331758
192D2D4B,EAME,2023-06-16,50,blue_silo,0.382984748199913,0.539926757331758
192D2D4B,EAME,2023-06-16,95,bobolink,0.29820694304791195,0.681048689893609
192D2D4B,EAME,2023-06-16,50,bobolink,0.3857003637560073,0.681048689893609
192D2D4B,EAME,2023-06-16,95,underhill,0.01768534547789665,0
192D2D4B,EAME,2023-06-16,95,retired,0.11033297440210148,0.6261066127520509
192D2D4B,EAME,2023-06-16,50,retired,0.1311921208085426,0.6261066127520509
192D2D4B,EAME,2023-06-16,95,front_hay,0.07763638139736198,0.05337256148656775
192D2D4B,EAME,2023-06-16,50,front_hay,0.00786932472974316,0.05337256148656775
192D2D4B,EAME,2023-06-16,95,pond,0.01996914712804229,0
192D2D4B,EAME,2023-06-16,95,off_field,0.0972375563736037,NA
192D2D4B,EAME,2023-06-16,50,off_field,0.09225344250579398,NA
192D2D4B,EAME,2023-06-20,95,blue_silo,0.25722961608769535,0.6242509354453022
192D2D4B,EAME,2023-06-20,50,blue_silo,0.3048062307530666,0.6242509354453022
192D2D4B,EAME,2023-06-20,95,bobolink,0.30170287814145674,0.6515508573923321
192D2D4B,EAME,2023-06-20,50,bobolink,0.3731396870312486,0.6515508573923321
192D2D4B,EAME,2023-06-20,95,swale,0.01491649194700597,0
192D2D4B,EAME,2023-06-20,95,underhill,0.00748920539098899,0
192D2D4B,EAME,2023-06-20,95,retired,0.07780925989099889,0.690340672490567
192D2D4B,EAME,2023-06-20,50,retired,0.1019620162321274,0.690340672490567
192D2D4B,EAME,2023-06-20,95,front_hay,0.195983314315898,0.3377396826726888
192D2D4B,EAME,2023-06-20,50,front_hay,0.12564489795156228,0.3377396826726888
192D2D4B,EAME,2023-06-20,95,pond,0.04165483985240558,0
192D2D4B,EAME,2023-06-20,95,off_field,0.10008473977149482,NA
192D2D4B,EAME,2023-06-20,50,off_field,0.09444716803199504,NA
192D2D4B,EAME,2023-06-14,95,blue_silo,0.24374450536069872,0.7282752547739568
192D2D4B,EAME,2023-06-14,50,blue_silo,0.33692342538099534,0.7282752547739568
192D2D4B,EAME,2023-06-14,95,bobolink,0.3790722887935626,0.5528033958619213
192D2D4B,EAME,2023-06-14,50,bobolink,0.3977347702104882,0.5528033958619213
192D2D4B,EAME,2023-06-14,95,swale,0.01431628534956282,0.00434537696577255
192D2D4B,EAME,2023-06-14,95,retired,0.05941666283899085,0.7358090582504273
192D2D4B,EAME,2023-06-14,50,retired,0.08298014798033665,0.7358090582504273
192D2D4B,EAME,2023-06-14,95,front_hay,0.02520373925760201,0.00973711135269729
192D2D4B,EAME,2023-06-14,95,clydesdale,0.00969551959951681,0
192D2D4B,EAME,2023-06-14,95,pond,0.05311008750128786,0
192D2D4B,EAME,2023-06-14,95,off_field,0.21086568123498656,NA
192D2D4B,EAME,2023-06-14,50,off_field,0.18177778505424624,NA
192D2D4B,EAME,2023-05-27,95,alfalfa,0.04978109032694872,0.29358357865011386
192D2D4B,EAME,2023-05-27,50,alfalfa,0.02776296702202688,0.29358357865011386
192D2D4B,EAME,2023-05-27,95,blue_silo,0.05988275517858652,0.11274441642360672
192D2D4B,EAME,2023-05-27,50,blue_silo,0.01282527037798761,0.11274441642360672
192D2D4B,EAME,2023-05-27,95,bobolink,0.19129898192047992,0.9928429517180672
192D2D4B,EAME,2023-05-27,50,bobolink,0.3607970089356344,0.9928429517180672
192D2D4B,EAME,2023-05-27,95,swale,0.14816649147918864,0.559475043023391
192D2D4B,EAME,2023-05-27,50,swale,0.15747094297267486,0.559475043023391
192D2D4B,EAME,2023-05-27,95,underhill,0.0064060097744045,0
192D2D4B,EAME,2023-05-27,95,quarter,0.02517091277396364,0.0668977500407548
192D2D4B,EAME,2023-05-27,95,retired,0.00635626406532977,0
192D2D4B,EAME,2023-05-27,95,front_hay,0.05689843417780418,0.3562404658016407
192D2D4B,EAME,2023-05-27,50,front_hay,0.03850465864877467,0.3562404658016407
192D2D4B,EAME,2023-05-27,95,entrance,0.01966916436599474,0.0646239259766616
192D2D4B,EAME,2023-05-27,95,clydesdale,0.06174970434208696,0.5677602672324622
192D2D4B,EAME,2023-05-27,50,clydesdale,0.06659928886417535,0.5677602672324622
192D2D4B,EAME,2023-05-27,95,pond,0.09996383759680752,0.5847048041336461
192D2D4B,EAME,2023-05-27,50,pond,0.11103228950759172,0.5847048041336461
192D2D4B,EAME,2023-05-27,95,back_woods,0.04909051964600432,0.15909808691027658
192D2D4B,EAME,2023-05-27,50,back_woods,0.01483652864802819,0.15909808691027658
192D2D4B,EAME,2023-05-27,95,cat_barn,0.03058843296127834,0.329245235981244
192D2D4B,EAME,2023-05-27,50,cat_barn,0.01913138630223789,0.329245235981244
192D2D4B,EAME,2023-05-27,95,gi,0.00637719718348754,0
192D2D4B,EAME,2023-05-27,95,native_ws,0.00570815404468403,0
192D2D4B,EAME,2023-05-27,95,off_field,0.1771377491337881,NA
192D2D4B,EAME,2023-05-27,50,off_field,0.18542628860237056,NA
192D2D4B,EAME,2023-06-03,95,bobolink,0.06412714698345345,0
192D2D4B,EAME,2023-06-03,95,swale,0.2697305290575933,0.5773506044858316
192D2D4B,EAME,2023-06-03,50,swale,0.29584095936519106,0.5773506044858316
192D2D4B,EAME,2023-06-03,95,pond,0.4253400543706676,0.6323416357516108
192D2D4B,EAME,2023-06-03,50,pond,0.5109479178059305,0.6323416357516108
192D2D4B,EAME,2023-06-03,95,off_field,0.2408022695882856,NA
192D2D4B,EAME,2023-06-03,50,off_field,0.1932111228288784,NA
192D2D4B,EAME,2023-06-19,95,blue_silo,0.3424433896525724,0.6514877101449947
192D2D4B,EAME,2023-06-19,50,blue_silo,0.4235093956602292,0.6514877101449947
192D2D4B,EAME,2023-06-19,95,bobolink,0.08149312247020915,0.1436373103950022
192D2D4B,EAME,2023-06-19,50,bobolink,0.02222062436730471,0.1436373103950022
192D2D4B,EAME,2023-06-19,95,swale,0.3774449516359338,0.612254353399841
192D2D4B,EAME,2023-06-19,50,swale,0.43868576067962417,0.612254353399841
192D2D4B,EAME,2023-06-19,95,pond,0.06771828016806085,0
192D2D4B,EAME,2023-06-19,95,off_field,0.12195979091582264,NA
192D2D4B,EAME,2023-06-19,50,off_field,0.11558421929284192,NA
19335519,BOBO,2024-06-14,95,blue_silo,0.11079517419009936,0.5738255452204323
19335519,BOBO,2024-06-14,50,blue_silo,0.12072271835979016,0.5738255452204323
19335519,BOBO,2024-06-14,95,bobolink,0.4291005766081308,0.5871901144309126
19335519,BOBO,2024-06-14,50,bobolink,0.4784384965883912,0.5871901144309126
19335519,BOBO,2024-06-14,95,swale,0.14555369624063638,0.4570798887213797
19335519,BOBO,2024-06-14,50,swale,0.12632916772501526,0.4570798887213797
19335519,BOBO,2024-06-14,95,front_hay,0.00666275820100011,0
19335519,BOBO,2024-06-14,95,clydesdale,0.00852579277655344,0
19335519,BOBO,2024-06-14,95,pond,0.04939756848948736,0
19335519,BOBO,2024-06-14,95,off_field,0.24835813956194452,NA
19335519,BOBO,2024-06-14,50,off_field,0.27450961732680346,NA
19335519,BOBO,2024-06-18,95,blue_silo,0.4595961740589797,0.45372184063720267
19335519,BOBO,2024-06-18,50,blue_silo,0.3961533886974167,0.45372184063720267
19335519,BOBO,2024-06-18,95,bobolink,0.3478682685931078,0.532985929866393
19335519,BOBO,2024-06-18,50,bobolink,0.35223121859622036,0.532985929866393
19335519,BOBO,2024-06-18,95,retired,0.02452604834895765,0
19335519,BOBO,2024-06-18,95,off_field,0.163881816657007,NA
19335519,BOBO,2024-06-18,50,off_field,0.2516153927063629,NA
19335519,BOBO,2024-06-16,95,blue_silo,0.00888509214306549,0
19335519,BOBO,2024-06-16,95,bobolink,0.984047206123068,0.5357554337151991
19335519,BOBO,2024-06-16,50,bobolink,0.9999999676907512,0.5357554337151991
19335519,BOBO,2024-06-16,95,off_field,0.00706770173386644,NA
19335519,BOBO,2024-06-16,50,off_field,3.230924878196068e-8,NA
19335519,BOBO,2024-06-24,95,bobolink,0.8959340817713737,0.5889712516448827
19335519,BOBO,2024-06-24,50,bobolink,0.9963299913219464,0.5889712516448827
19335519,BOBO,2024-06-24,95,swale,0.00895130670504247,0
19335519,BOBO,2024-06-24,95,pond,0.01135104389858769,0
19335519,BOBO,2024-06-24,95,off_field,0.07589538436854032,NA
19335519,BOBO,2024-06-24,50,off_field,0.00367000867805364,NA
19335519,BOBO,2024-06-15,95,blue_silo,0.10833511587341892,0.11164316924093436
19335519,BOBO,2024-06-15,50,blue_silo,0.02295988786603391,0.11164316924093436
19335519,BOBO,2024-06-15,95,bobolink,0.76792133973056,0.633529491538057
19335519,BOBO,2024-06-15,50,bobolink,0.9235319550908482,0.633529491538057
19335519,BOBO,2024-06-15,95,retired,0.00864191395543384,0
19335519,BOBO,2024-06-15,95,front_hay,0.00563779038811029,0
19335519,BOBO,2024-06-15,95,clydesdale,0.00975479391853229,0
19335519,BOBO,2024-06-15,95,off_field,0.0995037929632664,NA
19335519,BOBO,2024-06-15,50,off_field,0.05350815704311788,NA
19335519,BOBO,2024-06-17,95,blue_silo,0.4958884527636344,0.5631716600411005
19335519,BOBO,2024-06-17,50,blue_silo,0.5301887719391525,0.5631716600411005
19335519,BOBO,2024-06-17,95,bobolink,0.31540655874119405,0.49032518717972656
19335519,BOBO,2024-06-17,50,bobolink,0.2936031167574694,0.49032518717972656
19335519,BOBO,2024-06-17,95,underhill,0.00598563798305145,0
19335519,BOBO,2024-06-17,95,retired,0.01372495193970151,0
19335519,BOBO,2024-06-17,95,pond,0.01294586887597532,0
19335519,BOBO,2024-06-17,95,off_field,0.1539800743166855,NA
19335519,BOBO,2024-06-17,50,off_field,0.17620811130337805,NA
19335519,BOBO,2024-06-19,95,blue_silo,0.09661394290123544,0.07055566109135114
19335519,BOBO,2024-06-19,50,blue_silo,0.01293726773502921,0.07055566109135114
19335519,BOBO,2024-06-19,95,bobolink,0.8129062973208738,0.5541902451707421
19335519,BOBO,2024-06-19,50,bobolink,0.8550081589427222,0.5541902451707421
19335519,BOBO,2024-06-19,95,off_field,0.08607883675288991,NA
19335519,BOBO,2024-06-19,50,off_field,0.13205457332224857,NA
19335519,BOBO,2024-06-21,95,bobolink,0.7926725373557161,0.660754841666163
19335519,BOBO,2024-06-21,50,bobolink,0.993789324551316,0.660754841666163
19335519,BOBO,2024-06-21,95,clydesdale,0.05067304503575572,0
19335519,BOBO,2024-06-21,95,pond,0.01571106343006105,0
19335519,BOBO,2024-06-21,95,off_field,0.14094335417846715,NA
19335519,BOBO,2024-06-21,50,off_field,0.00621067544868401,NA
19335519,BOBO,2024-06-20,95,bobolink,0.907816498848207,0.5802165506254146
19335519,BOBO,2024-06-20,50,bobolink,1.0000000484798413,0.5802165506254146
19335519,BOBO,2024-06-20,95,off_field,0.0921390436720727,NA
19335519,BOBO,2024-06-20,50,off_field,0,NA
19335519,BOBO,2024-06-22,95,bobolink,0.8534000875602743,0.5978972298302614
19335519,BOBO,2024-06-22,50,bobolink,0.9673594428711736,0.5978972298302614
19335519,BOBO,2024-06-22,95,clydesdale,0.00955381601382626,0
19335519,BOBO,2024-06-22,95,pond,0.01570301750883259,0
19335519,BOBO,2024-06-22,95,off_field,0.12134307891706687,NA
19335519,BOBO,2024-06-22,50,off_field,0.0326405571288264,NA
19335519,BOBO,2024-06-23,95,bobolink,0.8598335391680094,0.5957536394480131
19335519,BOBO,2024-06-23,50,bobolink,0.9732856168590672,0.5957536394480131
19335519,BOBO,2024-06-23,95,pond,0.01961686563033378,0
19335519,BOBO,2024-06-23,95,off_field,0.1205495952016568,NA
19335519,BOBO,2024-06-23,50,off_field,0.02671438314093293,NA
194B2A2A,BOBO,2023-06-18,95,bobolink,0.7150687805537725,0.5012252981089269
194B2A2A,BOBO,2023-06-18,50,bobolink,0.6805554657445455,0.5012252981089269
194B2A2A,BOBO,2023-06-18,95,front_hay,0.01708642097024011,0
194B2A2A,BOBO,2023-06-18,95,clydesdale,0.00620672767125304,0
194B2A2A,BOBO,2023-06-18,95,off_field,0.25753384364700865,NA
194B2A2A,BOBO,2023-06-18,50,off_field,0.31944453425545455,NA
194B2A2A,BOBO,2023-06-20,95,blue_silo,0.2896355681174713,0.4962990743622299
194B2A2A,BOBO,2023-06-20,50,blue_silo,0.2730539639766943,0.4962990743622299
194B2A2A,BOBO,2023-06-20,95,bobolink,0.163079518873668,0.4883717824877028
194B2A2A,BOBO,2023-06-20,50,bobolink,0.15128752271025928,0.4883717824877028
194B2A2A,BOBO,2023-06-20,95,swale,0.10188464281575804,0.4281968404977838
194B2A2A,BOBO,2023-06-20,50,swale,0.08287152154976354,0.4281968404977838
194B2A2A,BOBO,2023-06-20,95,front_hay,0.2916455420833864,0.6578827612987899
194B2A2A,BOBO,2023-06-20,50,front_hay,0.36446596273234666,0.6578827612987899
194B2A2A,BOBO,2023-06-20,95,pond,0.01197701764425185,0
194B2A2A,BOBO,2023-06-20,95,off_field,0.13597601300349482,NA
194B2A2A,BOBO,2023-06-20,50,off_field,0.12832102903093628,NA
194B2A2A,BOBO,2023-06-19,95,blue_silo,0.05133881386002337,0.5689385138883262
194B2A2A,BOBO,2023-06-19,50,blue_silo,0.05547636180234096,0.5689385138883262
194B2A2A,BOBO,2023-06-19,95,bobolink,0.2503001141228261,0.35426604525388533
194B2A2A,BOBO,2023-06-19,50,bobolink,0.16841756509846148,0.35426604525388533
194B2A2A,BOBO,2023-06-19,95,swale,0.0666049657958267,0.6391303439217332
194B2A2A,BOBO,2023-06-19,50,swale,0.0808523884720413,0.6391303439217332
194B2A2A,BOBO,2023-06-19,95,front_hay,0.26537352597426683,0.6798094169093916
194B2A2A,BOBO,2023-06-19,50,front_hay,0.3426427748811181,0.6798094169093916
194B2A2A,BOBO,2023-06-19,95,pond,0.01118963014914413,0
194B2A2A,BOBO,2023-06-19,95,off_field,0.35519295009791285,NA
194B2A2A,BOBO,2023-06-19,50,off_field,0.35261090974603815,NA
194B2A2A,BOBO,2023-07-03,95,blue_silo,0.27913443931432935,0.5017540676961392
194B2A2A,BOBO,2023-07-03,50,blue_silo,0.2660755779863074,0.5017540676961392
194B2A2A,BOBO,2023-07-03,95,bobolink,0.03064983527297891,0
194B2A2A,BOBO,2023-07-03,95,pear_tree,0.20732678384943365,0.7060639497752015
194B2A2A,BOBO,2023-07-03,50,pear_tree,0.2780994553187247,0.7060639497752015
194B2A2A,BOBO,2023-07-03,95,underhill,0.2552840284699699,0.7082414949167616
194B2A2A,BOBO,2023-07-03,50,underhill,0.3434833596324398,0.7082414949167616
194B2A2A,BOBO,2023-07-03,95,retired,0.092088021005674,0.3039234556537491
194B2A2A,BOBO,2023-07-03,50,retired,0.05317016991651713,0.3039234556537491
194B2A2A,BOBO,2023-07-03,95,front_hay,0.00677070048082443,0
194B2A2A,BOBO,2023-07-03,95,clydesdale,0.03831398378159215,0
194B2A2A,BOBO,2023-07-03,95,off_field,0.08422475237010588,NA
194B2A2A,BOBO,2023-07-03,50,off_field,0.05917143714601097,NA
194B2A2A,BOBO,2023-07-05,95,blue_silo,0.3504725855884376,0.6360213742182381
194B2A2A,BOBO,2023-07-05,50,blue_silo,0.4234948139156056,0.6360213742182381
194B2A2A,BOBO,2023-07-05,95,bobolink,0.1524303584719778,0.5519708091934035
194B2A2A,BOBO,2023-07-05,50,bobolink,0.15984899669029065,0.5519708091934035
194B2A2A,BOBO,2023-07-05,95,pear_tree,0.14572949763086734,0.5528001121159682
194B2A2A,BOBO,2023-07-05,50,pear_tree,0.15305161730379083,0.5528001121159682
194B2A2A,BOBO,2023-07-05,95,underhill,0.07436546238913909,0.09740061957555708
194B2A2A,BOBO,2023-07-05,50,underhill,0.01376116921036333,0.09740061957555708
194B2A2A,BOBO,2023-07-05,95,retired,0.10285738005329637,0.7034581784576672
194B2A2A,BOBO,2023-07-05,50,retired,0.13746624635804702,0.7034581784576672
194B2A2A,BOBO,2023-07-05,95,donkey,0.00786334869047983,0.01800088749809726
194B2A2A,BOBO,2023-07-05,95,clydesdale,0.01808231296985148,0.04588699054499368
194B2A2A,BOBO,2023-07-05,95,off_field,0.14819905420595053,NA
194B2A2A,BOBO,2023-07-05,50,off_field,0.11053183804364056,NA
194B2A2A,BOBO,2023-07-04,95,blue_silo,0.25973556770205813,0.4522483569639883
194B2A2A,BOBO,2023-07-04,50,blue_silo,0.22310700417357388,0.4522483569639883
194B2A2A,BOBO,2023-07-04,95,bobolink,0.1346754090096714,0.4420325393323977
194B2A2A,BOBO,2023-07-04,50,bobolink,0.1130699825529528,0.4420325393323977
194B2A2A,BOBO,2023-07-04,95,pear_tree,0.2006880980154908,0.6852780677063203
194B2A2A,BOBO,2023-07-04,50,pear_tree,0.2612120642521347,0.6852780677063203
194B2A2A,BOBO,2023-07-04,95,underhill,0.10538993787037136,0.5767064157155467
194B2A2A,BOBO,2023-07-04,50,underhill,0.11544063661827168,0.5767064157155467
194B2A2A,BOBO,2023-07-04,95,retired,0.11036624519900266,0.6996543793182453
194B2A2A,BOBO,2023-07-04,50,retired,0.14666436495992738,0.6996543793182453
194B2A2A,BOBO,2023-07-04,95,donkey,0.00655392459940481,0
194B2A2A,BOBO,2023-07-04,95,clydesdale,0.03532885456494316,0.1969103004685948
194B2A2A,BOBO,2023-07-04,50,clydesdale,0.01321304072461966,0.1969103004685948
194B2A2A,BOBO,2023-07-04,95,off_field,0.14726194917745605,NA
194B2A2A,BOBO,2023-07-04,50,off_field,0.12729290671851992,NA
194B2A2A,BOBO,2023-07-06,95,blue_silo,0.07052894719281758,0
194B2A2A,BOBO,2023-07-06,95,bobolink,0.10417936714383846,0.02200607387293908
194B2A2A,BOBO,2023-07-06,95,pear_tree,0.352853514131569,0.8148693049675713
194B2A2A,BOBO,2023-07-06,50,pear_tree,0.5461090180825621,0.8148693049675713
194B2A2A,BOBO,2023-07-06,95,underhill,0.02306790815968555,0.26447917854083336
194B2A2A,BOBO,2023-07-06,50,underhill,0.01158768400251947,0.26447917854083336
194B2A2A,BOBO,2023-07-06,95,wheat,0.01323194198362757,0
194B2A2A,BOBO,2023-07-06,95,retired,0.14015962766066065,0.7319951662168904
194B2A2A,BOBO,2023-07-06,50,retired,0.19486241952240296,0.7319951662168904
194B2A2A,BOBO,2023-07-06,95,clydesdale,0.06130588006095892,0.11219849459710518
194B2A2A,BOBO,2023-07-06,50,clydesdale,0.01306429876145245,0.11219849459710518
194B2A2A,BOBO,2023-07-06,95,off_field,0.2335063179233742,NA
194B2A2A,BOBO,2023-07-06,50,off_field,0.23002225079233368,NA
19611933,EAME,2022-07-27,95,quarter,0.7874352971155526,0.5532312413401334
19611933,EAME,2022-07-27,50,quarter,0.816693587223553,0.5532312413401334
19611933,EAME,2022-07-27,95,off_field,0.20807782840663697,NA
19611933,EAME,2022-07-27,50,off_field,0.18330641277644696,NA
19611933,EAME,2022-07-26,95,quarter,0.9252025938065894,0.5718874293180457
19611933,EAME,2022-07-26,50,quarter,0.9999999677174872,0.5718874293180457
19611933,EAME,2022-07-26,95,wish_well,0.0172282901688313,0
19611933,EAME,2022-07-26,95,off_field,0.0564082539947023,NA
19611933,EAME,2022-07-26,50,off_field,3.2282512751157356e-8,NA
19611933,EAME,2022-08-10,95,horse,0.11411195950859712,0.7606902389857155
19611933,EAME,2022-08-10,50,horse,0.16487806900586444,0.7606902389857155
19611933,EAME,2022-08-10,95,wheat,0.07634144244444915,0
19611933,EAME,2022-08-10,95,quarter,0.2286045120874951,0.6207724963369674
19611933,EAME,2022-08-10,50,quarter,0.2695511263953844,0.6207724963369674
19611933,EAME,2022-08-10,95,cat_barn,0.06072867879314692,0.6746855741254598
19611933,EAME,2022-08-10,50,cat_barn,0.07782500244823706,0.6746855741254598
19611933,EAME,2022-08-10,95,gi,0.10740598582048812,0.3615347804407548
19611933,EAME,2022-08-10,50,gi,0.07375686607021592,0.3615347804407548
19611933,EAME,2022-08-10,95,native_ws,0.04813103502643075,0.6095078509590081
19611933,EAME,2022-08-10,50,native_ws,0.05572221748292837,0.6095078509590081
19611933,EAME,2022-08-10,95,cattle,0.12200096029574452,0.19744611889268615
19611933,EAME,2022-08-10,50,cattle,0.04575470256138009,0.19744611889268615
19611933,EAME,2022-08-10,95,wish_well,0.03147574934340796,0
19611933,EAME,2022-08-10,95,off_field,0.20965570006311623,NA
19611933,EAME,2022-08-10,50,off_field,0.31251201603598966,NA
19611933,EAME,2022-08-14,95,blue_silo,0.08678223822154199,0.45632932125301306
19611933,EAME,2022-08-14,50,blue_silo,0.07518838128942051,0.45632932125301306
19611933,EAME,2022-08-14,95,frog,0.07462777957647299,0.34023874740261584
19611933,EAME,2022-08-14,50,frog,0.04820874258600961,0.34023874740261584
19611933,EAME,2022-08-14,95,horse,0.09963878788341202,0.5354672273355927
19611933,EAME,2022-08-14,50,horse,0.10129846028810494,0.5354672273355927
19611933,EAME,2022-08-14,95,pear_tree,0.00597927992290792,0
19611933,EAME,2022-08-14,95,swale,0.01869601251154354,0
19611933,EAME,2022-08-14,95,wheat,0.1229654496700604,0.2903946812531288
19611933,EAME,2022-08-14,50,wheat,0.06779743652189522,0.2903946812531288
19611933,EAME,2022-08-14,95,quarter,0.2257442161175876,0.9986530972925252
19611933,EAME,2022-08-14,50,quarter,0.428028609499251,0.9986530972925252
19611933,EAME,2022-08-14,95,cat_barn,0.08103257458710394,0.418277229880862
19611933,EAME,2022-08-14,50,cat_barn,0.06435249268466937,0.418277229880862
19611933,EAME,2022-08-14,95,gi,0.03184800723370405,0
19611933,EAME,2022-08-14,95,native_ws,0.00916115653253777,0
19611933,EAME,2022-08-14,95,cattle,0.06253477030788526,0
19611933,EAME,2022-08-14,95,wish_well,0.01005589071380652,0
19611933,EAME,2022-08-14,95,off_field,0.16907608314959643,NA
19611933,EAME,2022-08-14,50,off_field,0.21512587713064937,NA
1961612A,EAME,2024-05-25,95,blue_silo,0.13469876403125422,0.866690092542001
1961612A,EAME,2024-05-25,50,blue_silo,0.22159378108404615,0.866690092542001
1961612A,EAME,2024-05-25,95,frog,0.09832767022017244,0.512378659616759
1961612A,EAME,2024-05-25,50,frog,0.09563060593410123,0.512378659616759
1961612A,EAME,2024-05-25,95,pear_tree,0.01849029744687386,0
1961612A,EAME,2024-05-25,95,wheat,0.2864835380339174,0.3808271451819566
1961612A,EAME,2024-05-25,50,wheat,0.20708931609288744,0.3808271451819566
1961612A,EAME,2024-05-25,95,quarter,0.08190601493067776,0.35868131825655014
1961612A,EAME,2024-05-25,50,quarter,0.05576409760451423,0.35868131825655014
1961612A,EAME,2024-05-25,95,cat_barn,0.0308437251597105,0.1669011909794927
1961612A,EAME,2024-05-25,50,cat_barn,0.00977139085884393,0.1669011909794927
1961612A,EAME,2024-05-25,95,cattle,0.04055175783901026,0.0706384981007743
1961612A,EAME,2024-05-25,50,cattle,0.0054372745994373,0.0706384981007743
1961612A,EAME,2024-05-25,95,off_field,0.30332336295351503,NA
1961612A,EAME,2024-05-25,50,off_field,0.4047135338261697,NA
1961612A,EAME,2024-05-28,95,frog,0.2645110166070093,0.766183598709308
1961612A,EAME,2024-05-28,50,frog,0.38486425516308687,0.766183598709308
1961612A,EAME,2024-05-28,95,pear_tree,0.03450952778899736,0
1961612A,EAME,2024-05-28,95,wheat,0.3663260624541058,0.60931276300126
1961612A,EAME,2024-05-28,50,wheat,0.4238762217742849,0.60931276300126
1961612A,EAME,2024-05-28,95,cattle,0.25988822544981893,0.40942572743395794
1961612A,EAME,2024-05-28,50,cattle,0.20206574414335107,0.40942572743395794
1961612A,EAME,2024-05-28,95,off_field,0.06752995924721698,NA
1961612A,EAME,2024-05-28,50,off_field,0,NA
1961612A,EAME,2024-07-03,95,alfalfa,0.02557458640566856,7.742868712485037e-4
1961612A,EAME,2024-07-03,95,blue_silo,0.0875388031248492,1
1961612A,EAME,2024-07-03,50,blue_silo,0.1662965650528467,1
1961612A,EAME,2024-07-03,95,bobolink,0.04374110367203195,0.7543822035364158
1961612A,EAME,2024-07-03,50,bobolink,0.06268503110874217,0.7543822035364158
1961612A,EAME,2024-07-03,95,frog,0.02763632261241806,0.7159370877982444
1961612A,EAME,2024-07-03,50,frog,0.0375870108132422,0.7159370877982444
1961612A,EAME,2024-07-03,95,horse,0.02509297788492458,0.9633875194737354
1961612A,EAME,2024-07-03,50,horse,0.04592359666054051,0.9633875194737354
1961612A,EAME,2024-07-03,95,pear_tree,0.02450552950783579,0.13633290059148814
1961612A,EAME,2024-07-03,50,pear_tree,0.00634669225232012,0.13633290059148814
1961612A,EAME,2024-07-03,95,swale,0.07524589508644838,0.860698872667602
1961612A,EAME,2024-07-03,50,swale,0.12303161393347133,0.860698872667602
1961612A,EAME,2024-07-03,95,underhill,0.0193258259859775,0.05788859226225718
1961612A,EAME,2024-07-03,95,wheat,0.04938114945179727,0.5985108854068526
1961612A,EAME,2024-07-03,50,wheat,0.05614562526118466,0.5985108854068526
1961612A,EAME,2024-07-03,95,quarter,0.03422368488232763,1
1961612A,EAME,2024-07-03,50,quarter,0.06501438260773487,1
1961612A,EAME,2024-07-03,95,retired,0.01472417769572409,0.9919517171495864
1961612A,EAME,2024-07-03,50,retired,0.02774624762392601,0.9919517171495864
1961612A,EAME,2024-07-03,95,front_hay,0.01516343515215045,0
1961612A,EAME,2024-07-03,95,clydesdale,0.01518916738058909,0.01294344599225982
1961612A,EAME,2024-07-03,95,pond,0.05416670378604357,0.6519687101279655
1961612A,EAME,2024-07-03,50,pond,0.06708753512608423,0.6519687101279655
1961612A,EAME,2024-07-03,95,back_woods,0.02440185962687645,0.01349769351046225
1961612A,EAME,2024-07-03,95,piano,0.00613004814838539,0
1961612A,EAME,2024-07-03,95,cat_barn,0.01291135480370518,0.2936405007231672
1961612A,EAME,2024-07-03,50,cat_barn,0.00720228737504283,0.2936405007231672
1961612A,EAME,2024-07-03,95,gi,0.01545817754052729,0
1961612A,EAME,2024-07-03,95,native_ws,0.01891360249119139,0
1961612A,EAME,2024-07-03,95,cattle,0.11541662055891176,0.7939951159580019
1961612A,EAME,2024-07-03,50,cattle,0.17408800930056678,0.7939951159580019
1961612A,EAME,2024-07-03,95,wish_well,0.04410283680458245,0.40539195063325095
1961612A,EAME,2024-07-03,50,wish_well,0.03396442923518046,0.40539195063325095
1961612A,EAME,2024-07-03,95,off_field,0.2409963139024035,NA
1961612A,EAME,2024-07-03,50,off_field,0.12161842748753111,NA
1961612A,EAME,2024-10-05,95,alfalfa,0.11433010839449508,0.5750065335859358
1961612A,EAME,2024-10-05,50,alfalfa,0.12488411561095748,0.5750065335859358
1961612A,EAME,2024-10-05,95,blue_silo,0.09525719615039296,0.497762712067688
1961612A,EAME,2024-10-05,50,blue_silo,0.09007286195066264,0.497762712067688
1961612A,EAME,2024-10-05,95,bobolink,0.1023325017541152,0.7568827304105311
1961612A,EAME,2024-10-05,50,bobolink,0.14713500072482982,0.7568827304105311
1961612A,EAME,2024-10-05,95,swale,0.1950100339650069,0.8861027398444669
1961612A,EAME,2024-10-05,50,swale,0.3282576418880581,0.8861027398444669
1961612A,EAME,2024-10-05,95,underhill,0.01447237588300866,0
1961612A,EAME,2024-10-05,95,retired,0.01305286716907169,0
1961612A,EAME,2024-10-05,95,front_hay,0.03719942161877946,0
1961612A,EAME,2024-10-05,95,entrance,0.02068182890874496,0
1961612A,EAME,2024-10-05,95,clydesdale,0.02636273377387598,0
1961612A,EAME,2024-10-05,95,pond,0.10065492368521732,0.7572657790516285
1961612A,EAME,2024-10-05,50,pond,0.14479619961123677,0.7572657790516285
1961612A,EAME,2024-10-05,95,back_woods,0.07658872949823722,0.38308138606066994
1961612A,EAME,2024-10-05,50,back_woods,0.05573522046031511,0.38308138606066994
1961612A,EAME,2024-10-05,95,piano,0.02769190514190469,0
1961612A,EAME,2024-10-05,95,cat_barn,0.00736648487030256,0
1961612A,EAME,2024-10-05,95,gi,0.02653869345027737,0
1961612A,EAME,2024-10-05,95,appendix,0.00572858249291707,0
1961612A,EAME,2024-10-05,95,off_field,0.1335852445660243,NA
1961612A,EAME,2024-10-05,50,off_field,0.10911895975394008,NA
1961612A,EAME,2024-05-20,95,frog,0.17245794201839856,0.45127537710889215
1961612A,EAME,2024-05-20,50,frog,0.14786005532656452,0.45127537710889215
1961612A,EAME,2024-05-20,95,horse,0.09050185960910938,0.670271822245639
1961612A,EAME,2024-05-20,50,horse,0.11524829065524304,0.670271822245639
1961612A,EAME,2024-05-20,95,pear_tree,0.05430833904788133,0.0532308000352942
1961612A,EAME,2024-05-20,50,pear_tree,0.00549231631672664,0.0532308000352942
1961612A,EAME,2024-05-20,95,wheat,0.5488727573234752,0.602418716510732
1961612A,EAME,2024-05-20,50,wheat,0.6281974358515167,0.602418716510732
1961612A,EAME,2024-05-20,95,quarter,0.0669102492831201,0.5755397455456842
1961612A,EAME,2024-05-20,50,quarter,0.07316341956742642,0.5755397455456842
1961612A,EAME,2024-05-20,95,cattle,0.03160229827420526,0
1961612A,EAME,2024-05-20,95,off_field,0.0348499576730713,NA
1961612A,EAME,2024-05-20,50,off_field,0.03003848228252274,NA
1961612A,EAME,2024-06-21,95,horse,0.14816017566234335,0.5685313754628971
1961612A,EAME,2024-06-21,50,horse,0.15996649625672546,0.5685313754628971
1961612A,EAME,2024-06-21,95,quarter,0.06791784124242216,0
1961612A,EAME,2024-06-21,95,cat_barn,0.15116138581200708,0.5143688078628249
1961612A,EAME,2024-06-21,50,cat_barn,0.14765855037741013,0.5143688078628249
1961612A,EAME,2024-06-21,95,gi,0.03803520180060167,5.065983475072677e-5
1961612A,EAME,2024-06-21,95,native_ws,0.2634336217315566,0.7614866537646259
1961612A,EAME,2024-06-21,50,native_ws,0.3809575718906936,0.7614866537646259
1961612A,EAME,2024-06-21,95,cattle,0.01683327952418941,0
1961612A,EAME,2024-06-21,95,wish_well,0.12157051906089318,0.3579220310945582
1961612A,EAME,2024-06-21,50,wish_well,0.08263419744175564,0.3579220310945582
1961612A,EAME,2024-06-21,95,off_field,0.18992097553368756,NA
1961612A,EAME,2024-06-21,50,off_field,0.2287795247790052,NA
1961612A,EAME,2024-05-31,95,frog,0.2784827371513955,0.7807521729145698
1961612A,EAME,2024-05-31,50,frog,0.4130376053047488,0.7807521729145698
1961612A,EAME,2024-05-31,95,horse,0.02312519089225757,0
1961612A,EAME,2024-05-31,95,pear_tree,0.00638314719016799,0
1961612A,EAME,2024-05-31,95,wheat,0.4568583963063731,0.6716018538370431
1961612A,EAME,2024-05-31,50,wheat,0.5828698763000056,0.6716018538370431
1961612A,EAME,2024-05-31,95,quarter,0.01728139533994168,0
1961612A,EAME,2024-05-31,95,cattle,0.1756264173807147,0.04060184357614122
1961612A,EAME,2024-05-31,50,cattle,0.01354608228966582,0.04060184357614122
1961612A,EAME,2024-05-31,95,wish_well,0.00679799054574883,0
1961612A,EAME,2024-05-31,95,off_field,0.0322477451919605,NA
1961612A,EAME,2024-05-31,50,off_field,0,NA
1961612A,EAME,2024-06-29,95,alfalfa,0.04427271854097805,0
1961612A,EAME,2024-06-29,95,blue_silo,0.11562659503787648,0.4500286965463416
1961612A,EAME,2024-06-29,50,blue_silo,0.098817329921851,0.4500286965463416
1961612A,EAME,2024-06-29,95,frog,0.07134932565260185,0.21333283153786708
1961612A,EAME,2024-06-29,50,frog,0.02890565006764521,0.21333283153786708
1961612A,EAME,2024-06-29,95,horse,0.10285222322796536,0.5481597250509165
1961612A,EAME,2024-06-29,50,horse,0.10706708467441974,0.5481597250509165
1961612A,EAME,2024-06-29,95,swale,0.4199221243451875,0.8077435119548599
1961612A,EAME,2024-06-29,50,swale,0.6441357528454441,0.8077435119548599
1961612A,EAME,2024-06-29,95,wheat,0.09546895229392129,0.16293956469226947
1961612A,EAME,2024-06-29,50,wheat,0.02954091061102303,0.16293956469226947
1961612A,EAME,2024-06-29,95,quarter,0.02436252599182203,0.2017048468206319
1961612A,EAME,2024-06-29,50,quarter,0.00933198044032586,0.2017048468206319
1961612A,EAME,2024-06-29,95,native_ws,0.02385216111061508,0
1961612A,EAME,2024-06-29,95,cattle,0.03270355588592744,0.05446989732837928
1961612A,EAME,2024-06-29,95,wish_well,0.04217191213123521,0.6283959988215393
1961612A,EAME,2024-06-29,50,wish_well,0.05032593754664351,0.6283959988215393
1961612A,EAME,2024-06-29,95,off_field,0.02646351044508353,NA
1961612A,EAME,2024-06-29,50,off_field,0.02849247302864354,NA
1961612A,EAME,2024-07-25,95,blue_silo,0.02927505731686167,0
1961612A,EAME,2024-07-25,95,bobolink,0.04078643280418489,0
1961612A,EAME,2024-07-25,95,pear_tree,0.267842990535686,0.646609441150714
1961612A,EAME,2024-07-25,50,pear_tree,0.3289460248345375,0.646609441150714
1961612A,EAME,2024-07-25,95,underhill,0.36848593763024345,0.8737614299618169
1961612A,EAME,2024-07-25,50,underhill,0.611527658557072,0.8737614299618169
1961612A,EAME,2024-07-25,95,wheat,0.03703345198199774,0
1961612A,EAME,2024-07-25,95,retired,0.02310945978549744,0
1961612A,EAME,2024-07-25,95,front_hay,0.14183099680705563,0.1726357164682691
1961612A,EAME,2024-07-25,50,front_hay,0.04650547905352981,0.1726357164682691
1961612A,EAME,2024-07-25,95,entrance,0.01544995822007128,0
1961612A,EAME,2024-07-25,95,off_field,0.07434934294193549,NA
1961612A,EAME,2024-07-25,50,off_field,0.01302083755486071,NA
1961612A,EAME,2024-07-26,95,alfalfa,0.03595601794821404,0
1961612A,EAME,2024-07-26,95,blue_silo,0.1453210238125053,0.7281601035526306
1961612A,EAME,2024-07-26,50,blue_silo,0.201014952812636,0.7281601035526306
1961612A,EAME,2024-07-26,95,bobolink,0.01615989823554756,0
1961612A,EAME,2024-07-26,95,pear_tree,0.09245068484115317,0.7948615472603732
1961612A,EAME,2024-07-26,50,pear_tree,0.1395965405632019,0.7948615472603732
1961612A,EAME,2024-07-26,95,swale,0.06506914334222431,0.03128969904295195
1961612A,EAME,2024-07-26,95,underhill,0.19483293026538032,0.9716304981968664
1961612A,EAME,2024-07-26,50,underhill,0.35961395473533825,0.9716304981968664
1961612A,EAME,2024-07-26,95,retired,0.04798487289920337,0.903371815071164
1961612A,EAME,2024-07-26,50,retired,0.08234626790422442,0.903371815071164
1961612A,EAME,2024-07-26,95,front_hay,0.02911981858645459,0.0066493026160562
1961612A,EAME,2024-07-26,95,piano,0.03298907072614792,0
1961612A,EAME,2024-07-26,95,gi,0.01354715954286798,0
1961612A,EAME,2024-07-26,95,appendix,0.01343379960294697,0
1961612A,EAME,2024-07-26,95,off_field,0.30403424976619625,NA
1961612A,EAME,2024-07-26,50,off_field,0.21004465386589308,NA
1961612A,EAME,2024-09-28,95,alfalfa,0.07554039390095613,0.8636933374789542
1961612A,EAME,2024-09-28,50,alfalfa,0.1239529174715804,0.8636933374789542
1961612A,EAME,2024-09-28,95,blue_silo,0.0512092930631378,0.14233727988590866
1961612A,EAME,2024-09-28,50,blue_silo,0.01384794663237976,0.14233727988590866
1961612A,EAME,2024-09-28,95,bobolink,0.04712874422069216,0.5268614331156498
1961612A,EAME,2024-09-28,50,bobolink,0.04717372981349441,0.5268614331156498
1961612A,EAME,2024-09-28,95,swale,0.08881035160576786,0.6892098904730003
1961612A,EAME,2024-09-28,50,swale,0.11628749873016082,0.6892098904730003
1961612A,EAME,2024-09-28,95,underhill,0.03517573023483746,0.2927983408575482
1961612A,EAME,2024-09-28,50,underhill,0.01956724451600055,0.2927983408575482
1961612A,EAME,2024-09-28,95,retired,0.01060978350737365,0
1961612A,EAME,2024-09-28,95,front_hay,0.06459249865257645,0.7961914969406506
1961612A,EAME,2024-09-28,50,front_hay,0.09770517312245076,0.7961914969406506
1961612A,EAME,2024-09-28,95,entrance,0.03333282531710013,0
1961612A,EAME,2024-09-28,95,clydesdale,0.01408321201352941,0
1961612A,EAME,2024-09-28,95,pond,0.03406770903189662,0.44021646130142533
1961612A,EAME,2024-09-28,50,pond,0.02849227624245404,0.44021646130142533
1961612A,EAME,2024-09-28,95,back_woods,0.01920654653562802,0.02607341794180816
1961612A,EAME,2024-09-28,95,piano,0.04468121613680726,0.2180985005889874
1961612A,EAME,2024-09-28,50,piano,0.0185138015297803,0.2180985005889874
1961612A,EAME,2024-09-28,95,cat_barn,0.02385546858545587,0.8145585196380684
1961612A,EAME,2024-09-28,50,cat_barn,0.03691715123767084,0.8145585196380684
1961612A,EAME,2024-09-28,95,gi,0.1401688411678974,0.9928178626146306
1961612A,EAME,2024-09-28,50,gi,0.2643863345330729,0.9928178626146306
1961612A,EAME,2024-09-28,95,appendix,0.04581915906610307,0.8635820345240538
1961612A,EAME,2024-09-28,50,appendix,0.07517417172931105,0.8635820345240538
1961612A,EAME,2024-09-28,95,off_field,0.2602764653189377,NA
1961612A,EAME,2024-09-28,50,off_field,0.15703034997138696,NA
1961612A,EAME,2024-06-17,95,frog,0.21547073551427795,0.8929587738282917
1961612A,EAME,2024-06-17,50,frog,0.3654403043710496,0.8929587738282917
1961612A,EAME,2024-06-17,95,horse,0.07385281436187396,0.3803928689346987
1961612A,EAME,2024-06-17,50,horse,0.05335758412002718,0.3803928689346987
1961612A,EAME,2024-06-17,95,pear_tree,0.00901228089480379,0
1961612A,EAME,2024-06-17,95,wheat,0.268634883338267,0.6671465691249122
1961612A,EAME,2024-06-17,50,wheat,0.34039283100949547,0.6671465691249122
1961612A,EAME,2024-06-17,95,quarter,0.05311311702074725,0.02592640602505725
1961612A,EAME,2024-06-17,95,cat_barn,0.02491394885281871,0.04723351443951289
1961612A,EAME,2024-06-17,95,gi,0.02309893580878249,0.08114490021872137
1961612A,EAME,2024-06-17,95,native_ws,0.08239636258649449,0.7164417896155819
1961612A,EAME,2024-06-17,50,native_ws,0.11212067175165188,0.7164417896155819
1961612A,EAME,2024-06-17,95,cattle,0.0833620217952518,0.47501733488732606
1961612A,EAME,2024-06-17,50,cattle,0.07520980086745643,0.47501733488732606
1961612A,EAME,2024-06-17,95,wish_well,0.031955486230747177,0.24207070016478177
1961612A,EAME,2024-06-17,50,wish_well,0.01469211765187364,0.24207070016478177
1961612A,EAME,2024-06-17,95,off_field,0.1329192741219946,NA
1961612A,EAME,2024-06-17,50,off_field,0.03037621226352873,NA
1961612A,EAME,2024-09-26,95,alfalfa,0.1358464088049154,0.8442171986377747
1961612A,EAME,2024-09-26,50,alfalfa,0.2177787753446605,0.8442171986377747
1961612A,EAME,2024-09-26,95,blue_silo,0.08700661810222277,0.3462759443474803
1961612A,EAME,2024-09-26,50,blue_silo,0.0572120888332908,0.3462759443474803
1961612A,EAME,2024-09-26,95,bobolink,0.03016509275390039,0
1961612A,EAME,2024-09-26,95,horse,0.00514363079508271,0
1961612A,EAME,2024-09-26,95,swale,0.200850752936076,0.9681559903311072
1961612A,EAME,2024-09-26,50,swale,0.3692597699822646,0.9681559903311072
1961612A,EAME,2024-09-26,95,underhill,0.00779583005784278,0
1961612A,EAME,2024-09-26,95,quarter,0.01557881794192092,0
1961612A,EAME,2024-09-26,95,retired,0.00836111919755533,0
1961612A,EAME,2024-09-26,95,front_hay,0.00912571783303871,0
1961612A,EAME,2024-09-26,95,clydesdale,0.0069690535878774,0
1961612A,EAME,2024-09-26,95,pond,0.03054384095405013,0
1961612A,EAME,2024-09-26,95,back_woods,0.01893682106703399,0
1961612A,EAME,2024-09-26,95,piano,0.04387488883463743,0.256885920950361
1961612A,EAME,2024-09-26,50,piano,0.0214027473851307,0.256885920950361
1961612A,EAME,2024-09-26,95,cat_barn,0.03324459991873638,0.7476786152376893
1961612A,EAME,2024-09-26,50,cat_barn,0.04720078961109376,0.7476786152376893
1961612A,EAME,2024-09-26,95,gi,0.11884644631845458,0.807386889558206
1961612A,EAME,2024-09-26,50,gi,0.18221372520270396,0.807386889558206
1961612A,EAME,2024-09-26,95,appendix,0.03117880502123222,0
1961612A,EAME,2024-09-26,95,native_ws,0.02017633697078867,0
1961612A,EAME,2024-09-26,95,off_field,0.18452033264523143,NA
1961612A,EAME,2024-09-26,50,off_field,0.10493210364085566,NA
1961612A,EAME,2024-05-22,95,frog,0.40639127541957465,0.6644290672732692
1961612A,EAME,2024-05-22,50,frog,0.512179229568375,0.6644290672732692
1961612A,EAME,2024-05-22,95,wheat,0.5285726916695629,0.48603301688512646
1961612A,EAME,2024-05-22,50,wheat,0.4873034179164589,0.48603301688512646
1961612A,EAME,2024-05-22,95,quarter,0.00667179020482744,0
1961612A,EAME,2024-05-22,95,cattle,0.04970318326292969,0.0792630929115399
1961612A,EAME,2024-05-22,50,cattle,0.0074728141640041,0.0792630929115399
1961612A,EAME,2024-05-22,95,off_field,0.00616081939645426,NA
1961612A,EAME,2024-05-22,50,off_field,0,NA
1961612A,EAME,2024-05-23,95,blue_silo,0.0052064804216361,0
1961612A,EAME,2024-05-23,95,frog,0.021632012224459,0
1961612A,EAME,2024-05-23,95,horse,0.00570715261652834,0
1961612A,EAME,2024-05-23,95,pear_tree,0.04681151108664542,0
1961612A,EAME,2024-05-23,95,wheat,0.5874164132221411,0.8108911591178649
1961612A,EAME,2024-05-23,50,wheat,0.904977469782233,0.8108911591178649
1961612A,EAME,2024-05-23,95,quarter,0.03377766140127546,0
1961612A,EAME,2024-05-23,95,cat_barn,0.00713083630417794,0
1961612A,EAME,2024-05-23,95,gi,0.0122896979178451,0
1961612A,EAME,2024-05-23,95,cattle,0.05696675375297373,0
1961612A,EAME,2024-05-23,95,wish_well,0.00551973345708718,0
1961612A,EAME,2024-05-23,95,off_field,0.2111043738586791,NA
1961612A,EAME,2024-05-23,50,off_field,0.09502253021776697,NA
1961612A,EAME,2024-06-02,95,frog,0.30932844200597137,0.5790112092665705
1961612A,EAME,2024-06-02,50,frog,0.34018378252639847,0.5790112092665705
1961612A,EAME,2024-06-02,95,wheat,0.4003862901522965,0.4502607061494067
1961612A,EAME,2024-06-02,50,wheat,0.3424128279246584,0.4502607061494067
1961612A,EAME,2024-06-02,95,cattle,0.28756378665434645,0.6087281168975471
1961612A,EAME,2024-06-02,50,cattle,0.3324790891082516,0.6087281168975471
1961612A,EAME,2024-06-02,95,off_field,0.00118124997896166,NA
1961612A,EAME,2024-06-02,50,off_field,0,NA
1961612A,EAME,2024-06-09,95,frog,0.34556035262207624,0.6612747552204296
1961612A,EAME,2024-06-09,50,frog,0.43416978281438856,0.6612747552204296
1961612A,EAME,2024-06-09,95,wheat,0.4412115958242193,0.5410348910493681
1961612A,EAME,2024-06-09,50,wheat,0.45355079628234846,0.5410348910493681
1961612A,EAME,2024-06-09,95,cattle,0.188056723158402,0.35388822951041005
1961612A,EAME,2024-06-09,50,cattle,0.12644705670849749,0.35388822951041005
1961612A,EAME,2024-06-09,95,off_field,0.02210514875829011,NA
1961612A,EAME,2024-06-09,50,off_field,0,NA
1961612A,EAME,2024-06-12,95,frog,0.3253094505340867,0.7567499250769233
1961612A,EAME,2024-06-12,50,frog,0.466915467439146,0.7567499250769233
1961612A,EAME,2024-06-12,95,horse,0.01303090136618661,0
1961612A,EAME,2024-06-12,95,wheat,0.46199859476337946,0.5980953614084861
1961612A,EAME,2024-06-12,50,wheat,0.5240832541096188,0.5980953614084861
1961612A,EAME,2024-06-12,95,quarter,0.03374729380962219,0
1961612A,EAME,2024-06-12,95,cattle,0.16252411367021646,0.06260549402213547
1961612A,EAME,2024-06-12,50,cattle,0.01929831750953212,0.06260549402213547
1961612A,EAME,2024-06-12,95,off_field,0.0019301685494745,NA
1961612A,EAME,2024-06-12,50,off_field,0,NA
1961612A,EAME,2024-06-24,95,frog,0.21749574555937948,0.6300117367173876
1961612A,EAME,2024-06-24,50,frog,0.26024148690951243,0.6300117367173876
1961612A,EAME,2024-06-24,95,horse,0.02874162930813703,0
1961612A,EAME,2024-06-24,95,wheat,0.5151972115703152,0.7629178785309167
1961612A,EAME,2024-06-24,50,wheat,0.7464976100074742,0.7629178785309167
1961612A,EAME,2024-06-24,95,quarter,0.02709909786646389,7.886393354640666e-4
1961612A,EAME,2024-06-24,95,native_ws,0.03664966540832457,0
1961612A,EAME,2024-06-24,95,cattle,0.14598268257125688,0
1961612A,EAME,2024-06-24,95,wish_well,0.00892694785906583,0
1961612A,EAME,2024-06-24,95,off_field,0.01333745702261482,NA
1961612A,EAME,2024-06-24,50,off_field,0,NA
1961612A,EAME,2024-07-01,95,blue_silo,0.01313399800356029,0
1961612A,EAME,2024-07-01,95,frog,0.1428327206443477,0.8188613069508666
1961612A,EAME,2024-07-01,50,frog,0.22210845703112256,0.8188613069508666
1961612A,EAME,2024-07-01,95,horse,0.11137673279531628,0.7988691204805376
1961612A,EAME,2024-07-01,50,horse,0.16896515240539775,0.7988691204805376
1961612A,EAME,2024-07-01,95,pear_tree,0.02579018043759424,0
1961612A,EAME,2024-07-01,95,wheat,0.26513641647535985,0.6727579007977669
1961612A,EAME,2024-07-01,50,wheat,0.33873121915926874,0.6727579007977669
1961612A,EAME,2024-07-01,95,quarter,0.12562115447162375,0.6829007191472338
1961612A,EAME,2024-07-01,50,quarter,0.16290986607916816,0.6829007191472338
1961612A,EAME,2024-07-01,95,cat_barn,0.00976483466199023,0
1961612A,EAME,2024-07-01,95,native_ws,0.01307613517730375,0
1961612A,EAME,2024-07-01,95,cattle,0.1648395626743553,0.33337170213888384
1961612A,EAME,2024-07-01,50,cattle,0.10435595154493672,0.33337170213888384
1961612A,EAME,2024-07-01,95,wish_well,0.05250309835550249,0.08569262618455271
1961612A,EAME,2024-07-01,50,wish_well,0.00854388554921632,0.08569262618455271
1961612A,EAME,2024-07-01,95,off_field,0.07350908284820985,NA
1961612A,EAME,2024-07-01,50,off_field,0,NA
1961612A,EAME,2024-09-04,95,alfalfa,0.20760927795016693,0.8201057547221172
1961612A,EAME,2024-09-04,50,alfalfa,0.3232953943467241,0.8201057547221172
1961612A,EAME,2024-09-04,95,blue_silo,0.13925346962376356,0.4757594586620631
1961612A,EAME,2024-09-04,50,blue_silo,0.12579875889946948,0.4757594586620631
1961612A,EAME,2024-09-04,95,bobolink,0.01560968321632582,0
1961612A,EAME,2024-09-04,95,pear_tree,0.00809149106783186,0
1961612A,EAME,2024-09-04,95,swale,0.2949785502081639,0.8837443890721398
1961612A,EAME,2024-09-04,50,swale,0.49499408188938854,0.8837443890721398
1961612A,EAME,2024-09-04,95,underhill,0.04633635030329744,0
1961612A,EAME,2024-09-04,95,quarter,0.01044273804278286,0
1961612A,EAME,2024-09-04,95,retired,0.02409398110616989,0
1961612A,EAME,2024-09-04,95,front_hay,0.0067624300863652,0
1961612A,EAME,2024-09-04,95,pond,0.02169414173407518,0
1961612A,EAME,2024-09-04,95,back_woods,0.02601178565332867,0
1961612A,EAME,2024-09-04,95,piano,0.07010137708179977,0.2465744645370139
1961612A,EAME,2024-09-04,50,piano,0.0328214337383269,0.2465744645370139
1961612A,EAME,2024-09-04,95,cat_barn,0.00875281917694599,0
1961612A,EAME,2024-09-04,95,off_field,0.11436573262897888,NA
1961612A,EAME,2024-09-04,50,off_field,0.02309033112609094,NA
1961612A,EAME,2024-09-09,95,blue_silo,0.5726590486017876,0.5664008785721516
1961612A,EAME,2024-09-09,50,blue_silo,0.6161223513837425,0.5664008785721516
1961612A,EAME,2024-09-09,95,swale,0.3502543706389538,0.4227757827739887
1961612A,EAME,2024-09-09,50,swale,0.28128112092492863,0.4227757827739887
1961612A,EAME,2024-09-09,95,off_field,0.071317370152327475,NA
1961612A,EAME,2024-09-09,50,off_field,0.10259652769132892,NA
1961612A,EAME,2024-09-13,95,alfalfa,0.03909308536117964,0
1961612A,EAME,2024-09-13,95,blue_silo,0.2074299296799044,0.5661774487668023
1961612A,EAME,2024-09-13,50,blue_silo,0.2230657389686312,0.5661774487668023
1961612A,EAME,2024-09-13,95,bobolink,0.16488049029997495,0.6009220585099977
1961612A,EAME,2024-09-13,50,bobolink,0.18818989531386557,0.6009220585099977
1961612A,EAME,2024-09-13,95,swale,0.07344755560571027,0
1961612A,EAME,2024-09-13,95,underhill,0.0683243633006541,0.4938474138907493
1961612A,EAME,2024-09-13,50,underhill,0.06408808006761683,0.4938474138907493
1961612A,EAME,2024-09-13,95,retired,0.0868966115665248,0.8555314483880652
1961612A,EAME,2024-09-13,50,retired,0.14120422921206527,0.8555314483880652
1961612A,EAME,2024-09-13,95,front_hay,0.26179218061754606,0.6072269843993722
1961612A,EAME,2024-09-13,50,front_hay,0.3019371960109656,0.6072269843993722
1961612A,EAME,2024-09-13,95,entrance,0.00863788038034361,0
1961612A,EAME,2024-09-13,95,pond,0.00909595144792374,0
1961612A,EAME,2024-09-13,95,off_field,0.07392205302697598,NA
1961612A,EAME,2024-09-13,50,off_field,0.08151486042685552,NA
1961612A,EAME,2024-06-04,95,frog,0.27239501615899536,0.7486423001481615
1961612A,EAME,2024-06-04,50,frog,0.38731673663794985,0.7486423001481615
1961612A,EAME,2024-06-04,95,wheat,0.389420109197098,0.53291005560159
1961612A,EAME,2024-06-04,50,wheat,0.394153179186161,0.53291005560159
1961612A,EAME,2024-06-04,95,cattle,0.2405172805484976,0.4749049023436775
1961612A,EAME,2024-06-04,50,cattle,0.21694302024675563,0.4749049023436775
1961612A,EAME,2024-06-04,95,off_field,0.09319265722756565,NA
1961612A,EAME,2024-06-04,50,off_field,0.0015870639291335,NA
1961612A,EAME,2024-06-08,95,frog,0.3781509080648881,0.7232189855661642
1961612A,EAME,2024-06-08,50,frog,0.5195196003622512,0.7232189855661642
1961612A,EAME,2024-06-08,95,wheat,0.3141386678885837,0.27185865707966167
1961612A,EAME,2024-06-08,50,wheat,0.1622301374418348,0.27185865707966167
1961612A,EAME,2024-06-08,95,cattle,0.314675796554203,0.5641193366986028
1961612A,EAME,2024-06-08,50,cattle,0.3372106620905855,0.5641193366986028
1961612A,EAME,2024-06-08,95,off_field,0,NA
1961612A,EAME,2024-06-08,50,off_field,0,NA
1961612A,EAME,2024-06-11,95,frog,0.2492533632081001,0.8663932283703446
1961612A,EAME,2024-06-11,50,frog,0.4101909547165086,0.8663932283703446
1961612A,EAME,2024-06-11,95,horse,0.06547973849367555,0.36835053013331776
1961612A,EAME,2024-06-11,50,horse,0.04581400286216842,0.36835053013331776
1961612A,EAME,2024-06-11,95,wheat,0.3111809908374321,0.5884521518573033
1961612A,EAME,2024-06-11,50,wheat,0.34781973327785376,0.5884521518573033
1961612A,EAME,2024-06-11,95,quarter,0.10416570735530088,0.38299612862004584
1961612A,EAME,2024-06-11,50,quarter,0.07577904966134147,0.38299612862004584
1961612A,EAME,2024-06-11,95,cattle,0.24969526159514124,0.2676562579764557
1961612A,EAME,2024-06-11,50,cattle,0.12694561559243592,0.2676562579764557
1961612A,EAME,2024-06-11,95,wish_well,0.01996462463998427,0
1961612A,EAME,2024-06-11,95,off_field,0,NA
1961612A,EAME,2024-06-11,50,off_field,0,NA
1961612A,EAME,2024-06-18,95,frog,0.06901570281862575,0
1961612A,EAME,2024-06-18,95,horse,0.19156783068947708,0.9553811355131412
1961612A,EAME,2024-06-18,50,horse,0.34773755165946024,0.9553811355131412
1961612A,EAME,2024-06-18,95,wheat,0.09277779475860756,0
1961612A,EAME,2024-06-18,95,quarter,0.05636046237221061,0.22350864366734896
1961612A,EAME,2024-06-18,50,quarter,0.02393432695831162,0.22350864366734896
1961612A,EAME,2024-06-18,95,cat_barn,0.02983478217011334,0.1520789679729079
1961612A,EAME,2024-06-18,50,cat_barn,0.00862073662553751,0.1520789679729079
1961612A,EAME,2024-06-18,95,gi,0.04780400884799581,0.13182440410284557
1961612A,EAME,2024-06-18,50,gi,0.01197326194757952,0.13182440410284557
1961612A,EAME,2024-06-18,95,native_ws,0.205348719297804,0.8582463926470831
1961612A,EAME,2024-06-18,50,native_ws,0.33485465012052396,0.8582463926470831
1961612A,EAME,2024-06-18,95,cattle,0.05416653246458104,0.05398607860053753
1961612A,EAME,2024-06-18,50,cattle,0.00555603747431625,0.05398607860053753
1961612A,EAME,2024-06-18,95,wish_well,0.11333449244214026,0.650903945642909
1961612A,EAME,2024-06-18,50,wish_well,0.14016234574727027,0.650903945642909
1961612A,EAME,2024-06-18,95,off_field,0.1397310990299002,NA
1961612A,EAME,2024-06-18,50,off_field,0.12716108946700064,NA
1961612A,EAME,2024-09-21,95,alfalfa,0.07907933552495985,0.0607428408049088
1961612A,EAME,2024-09-21,50,alfalfa,0.0091254923577337,0.0607428408049088
1961612A,EAME,2024-09-21,95,blue_silo,0.30884836840272417,0.919567998329716
1961612A,EAME,2024-09-21,50,blue_silo,0.5395446067469644,0.919567998329716
1961612A,EAME,2024-09-21,95,bobolink,0.0729988136251982,0.19673654269176163
1961612A,EAME,2024-09-21,50,bobolink,0.0272834340632849,0.19673654269176163
1961612A,EAME,2024-09-21,95,pear_tree,0.00969929463734424,0
1961612A,EAME,2024-09-21,95,swale,0.2148996513098732,0.7317044974872462
1961612A,EAME,2024-09-21,50,swale,0.2987236661129343,0.7317044974872462
1961612A,EAME,2024-09-21,95,underhill,0.0247379194786762,0.00160911940616357
1961612A,EAME,2024-09-21,95,wheat,0.01633602463598895,0
1961612A,EAME,2024-09-21,95,quarter,0.00742555094197367,0
1961612A,EAME,2024-09-21,95,retired,0.0442900658310152,0.8334841309802569
1961612A,EAME,2024-09-21,50,retired,0.07012967990102124,0.8334841309802569
1961612A,EAME,2024-09-21,95,front_hay,0.01967914840012499,0
1961612A,EAME,2024-09-21,95,entrance,0.01450267285922518,0
1961612A,EAME,2024-09-21,95,clydesdale,0.03065341851595155,0
1961612A,EAME,2024-09-21,95,pond,0.02069336001158707,0
1961612A,EAME,2024-09-21,95,back_woods,0.0054170505640923,0
1961612A,EAME,2024-09-21,95,piano,0.00735387973447027,0
1961612A,EAME,2024-09-21,95,cat_barn,0.01118838908544662,0
1961612A,EAME,2024-09-21,95,gi,0.00569586059286719,0
1961612A,EAME,2024-09-21,95,off_field,0.1037155065492651,NA
1961612A,EAME,2024-09-21,50,off_field,0.05511749856031298,NA
1961612A,EAME,2024-05-27,95,frog,0.3637663743482061,0.8238663799194119
1961612A,EAME,2024-05-27,50,frog,0.5687878582194735,0.8238663799194119
1961612A,EAME,2024-05-27,95,pear_tree,0.00817952960212176,0
1961612A,EAME,2024-05-27,95,wheat,0.3328919430224911,0.4056507126079974
1961612A,EAME,2024-05-27,50,wheat,0.2562869615022637,0.4056507126079974
1961612A,EAME,2024-05-27,95,quarter,0.00522495149946956,0
1961612A,EAME,2024-05-27,95,cattle,0.25168884086158866,0.4040000685302809
1961612A,EAME,2024-05-27,50,cattle,0.19298181396320543,0.4040000685302809
1961612A,EAME,2024-05-27,95,off_field,0.03463380079371928,NA
1961612A,EAME,2024-05-27,50,off_field,0,NA
1961612A,EAME,2024-09-08,95,alfalfa,0.1198939883647016,0.42128104687141016
1961612A,EAME,2024-09-08,50,alfalfa,0.09590566278439018,0.42128104687141016
1961612A,EAME,2024-09-08,95,blue_silo,0.2067553012628772,0.4401309094471836
1961612A,EAME,2024-09-08,50,blue_silo,0.17278794736238687,0.4401309094471836
1961612A,EAME,2024-09-08,95,bobolink,0.01935552200184257,0
1961612A,EAME,2024-09-08,95,swale,0.3641325310224995,0.8534332857786064
1961612A,EAME,2024-09-08,50,swale,0.5900706040019513,0.8534332857786064
1961612A,EAME,2024-09-08,95,quarter,0.01405787500762067,0
1961612A,EAME,2024-09-08,95,retired,0.01593217995277237,0
1961612A,EAME,2024-09-08,95,pond,0.01072461767667227,0
1961612A,EAME,2024-09-08,95,piano,0.00673940922057403,0
1961612A,EAME,2024-09-08,95,cat_barn,0.04096611190493517,0.26999520249735864
1961612A,EAME,2024-09-08,50,cat_barn,0.02100176123578905,0.26999520249735864
1961612A,EAME,2024-09-08,95,gi,0.0710073668437746,0.1431049845524939
1961612A,EAME,2024-09-08,50,gi,0.01929448058321108,0.1431049845524939
1961612A,EAME,2024-09-08,95,off_field,0.1187608033172846,NA
1961612A,EAME,2024-09-08,50,off_field,0.10093954403227148,NA
1961612A,EAME,2024-09-12,95,alfalfa,0.12231191668244894,0.1526915877829877
1961612A,EAME,2024-09-12,50,alfalfa,0.03547309160192111,0.1526915877829877
1961612A,EAME,2024-09-12,95,blue_silo,0.3072528819143439,0.7784879104764045
1961612A,EAME,2024-09-12,50,blue_silo,0.45432119191646975,0.7784879104764045
1961612A,EAME,2024-09-12,95,bobolink,0.0115241436729132,0
1961612A,EAME,2024-09-12,95,frog,0.00585598262760406,0
1961612A,EAME,2024-09-12,95,horse,0.00888158397485291,0
1961612A,EAME,2024-09-12,95,swale,0.32140753010139894,0.7378499172844297
1961612A,EAME,2024-09-12,50,swale,0.45044237299021817,0.7378499172844297
1961612A,EAME,2024-09-12,95,quarter,0.02781178209263009,0
1961612A,EAME,2024-09-12,95,pond,0.02846053432368663,0.0109881286339695
1961612A,EAME,2024-09-12,95,back_woods,0.01369801293307719,0
1961612A,EAME,2024-09-12,95,cat_barn,0.01080398734255555,0
1961612A,EAME,2024-09-12,95,gi,0.01792309991871728,0
1961612A,EAME,2024-09-12,95,cattle,0.01468410282181647,0
1961612A,EAME,2024-09-12,95,off_field,0.09768277936577516,NA
1961612A,EAME,2024-09-12,50,off_field,0.05916934965074505,NA
1961612A,EAME,2024-05-24,95,blue_silo,0.01282782740574556,0
1961612A,EAME,2024-05-24,95,frog,0.00652048443901069,0
1961612A,EAME,2024-05-24,95,horse,0.02565664662943017,0.3945542546799899
1961612A,EAME,2024-05-24,50,horse,0.01921932828567912,0.3945542546799899
1961612A,EAME,2024-05-24,95,pear_tree,0.02680954066959856,0
1961612A,EAME,2024-05-24,95,wheat,0.4358337334836392,0.7340033777972895
1961612A,EAME,2024-05-24,50,wheat,0.607366006638629,0.7340033777972895
1961612A,EAME,2024-05-24,95,quarter,0.13863808827384602,0.4532718071122715
1961612A,EAME,2024-05-24,50,quarter,0.11930890227069926,0.4532718071122715
1961612A,EAME,2024-05-24,95,cat_barn,0.05494378096289328,0.5697849035817065
1961612A,EAME,2024-05-24,50,cat_barn,0.05943757222252276,0.5697849035817065
1961612A,EAME,2024-05-24,95,gi,0.02452015510802064,0
1961612A,EAME,2024-05-24,95,native_ws,0.00899337710895247,0.15423976402112655
1961612A,EAME,2024-05-24,95,cattle,0.02271643378711201,0
1961612A,EAME,2024-05-24,95,off_field,0.24047792910418817,NA
1961612A,EAME,2024-05-24,50,off_field,0.1920345849759111,NA
1961612A,EAME,2024-06-19,95,horse,0.1739968666729512,0.6875465785457825
1961612A,EAME,2024-06-19,50,horse,0.22725196883873133,0.6875465785457825
1961612A,EAME,2024-06-19,95,quarter,0.05361939831197953,0.01988903786927684
1961612A,EAME,2024-06-19,95,cat_barn,0.06221876024358687,0.01497234555875223
1961612A,EAME,2024-06-19,95,gi,0.01182565617228533,0
1961612A,EAME,2024-06-19,95,native_ws,0.22599236140334533,0.5718600621051196
1961612A,EAME,2024-06-19,50,native_ws,0.24549781374365573,0.5718600621051196
1961612A,EAME,2024-06-19,95,cattle,0.01694367529144572,0
1961612A,EAME,2024-06-19,95,wish_well,0.3217201334558476,0.602433175198512
1961612A,EAME,2024-06-19,50,wish_well,0.3681723942200149,0.602433175198512
1961612A,EAME,2024-06-19,95,off_field,0.1335749925529248,NA
1961612A,EAME,2024-06-19,50,off_field,0.15528240729425397,NA
1961612A,EAME,2024-05-26,95,frog,0.17137063824520854,0.9130931256860112
1961612A,EAME,2024-05-26,50,frog,0.297161712208632,0.9130931256860112
1961612A,EAME,2024-05-26,95,horse,0.04440236508126147,0.06852144144847425
1961612A,EAME,2024-05-26,50,horse,0.00577795238252941,0.06852144144847425
1961612A,EAME,2024-05-26,95,pear_tree,0.04914207096220528,0.00440480092537796
1961612A,EAME,2024-05-26,95,wheat,0.35681722959463563,0.8516265302292456
1961612A,EAME,2024-05-26,50,wheat,0.5770804528361152,0.8516265302292456
1961612A,EAME,2024-05-26,95,quarter,0.08979318065479835,0.29907668541333376
1961612A,EAME,2024-05-26,50,quarter,0.05099965977992728,0.29907668541333376
1961612A,EAME,2024-05-26,95,cat_barn,0.0219187583410534,0
1961612A,EAME,2024-05-26,95,gi,0.01924556575878716,0
1961612A,EAME,2024-05-26,95,native_ws,0.00978991191102893,0
1961612A,EAME,2024-05-26,95,cattle,0.12388199254936672,0.24592737677897897
1961612A,EAME,2024-05-26,50,cattle,0.0578570683677841,0.24592737677897897
1961612A,EAME,2024-05-26,95,wish_well,0.0155346589839236,0
1961612A,EAME,2024-05-26,95,off_field,0.09105224016998124,NA
1961612A,EAME,2024-05-26,50,off_field,0.01071207938789586,NA
1961612A,EAME,2024-06-03,95,frog,0.3359142724029509,0.760146350450354
1961612A,EAME,2024-06-03,50,frog,0.4846596501306279,0.760146350450354
1961612A,EAME,2024-06-03,95,wheat,0.4745516617256213,0.49633276629053935
1961612A,EAME,2024-06-03,50,wheat,0.4470618782936483,0.49633276629053935
1961612A,EAME,2024-06-03,95,cattle,0.18265258631600223,0.2327298598452978
1961612A,EAME,2024-06-03,50,cattle,0.08068431702463362,0.2327298598452978
1961612A,EAME,2024-06-03,95,off_field,0.00229054060309268,NA
1961612A,EAME,2024-06-03,50,off_field,0,NA
1961612A,EAME,2024-06-13,95,frog,0.23888264009879603,0.43920830967166374
1961612A,EAME,2024-06-13,50,frog,0.1991270988313993,0.43920830967166374
1961612A,EAME,2024-06-13,95,horse,0.03013181007012265,0.00330813320047277
1961612A,EAME,2024-06-13,95,wheat,0.47849203549376507,0.6676719826144016
1961612A,EAME,2024-06-13,50,wheat,0.6063356360747754,0.6676719826144016
1961612A,EAME,2024-06-13,95,quarter,0.03542913020053183,0.18915529173272808
1961612A,EAME,2024-06-13,50,quarter,0.01271903650446509,0.18915529173272808
1961612A,EAME,2024-06-13,95,cattle,0.22164018826829643,0.445318968058536
1961612A,EAME,2024-06-13,50,cattle,0.18732465109440585,0.445318968058536
1961612A,EAME,2024-06-13,95,off_field,0,NA
1961612A,EAME,2024-06-13,50,off_field,0,NA
1961612A,EAME,2024-06-16,95,frog,0.25471313870638085,0.5582558327841344
1961612A,EAME,2024-06-16,50,frog,0.2698014730713899,0.5582558327841344
1961612A,EAME,2024-06-16,95,horse,0.00701779096972774,0
1961612A,EAME,2024-06-16,95,wheat,0.6053646455371735,0.6416657272236718
1961612A,EAME,2024-06-16,50,wheat,0.7370307314027171,0.6416657272236718
1961612A,EAME,2024-06-16,95,quarter,0.00853706545085042,0
1961612A,EAME,2024-06-16,95,cattle,0.10596508192175524,0
1961612A,EAME,2024-06-16,95,wish_well,0.01332170571708667,0
1961612A,EAME,2024-06-16,95,off_field,3.0121194690189686e-4,NA
1961612A,EAME,2024-06-16,50,off_field,0,NA
1961612A,EAME,2024-09-23,95,alfalfa,0.05316639696922545,0.14442700645469406
1961612A,EAME,2024-09-23,50,alfalfa,0.01458960956823429,0.14442700645469406
1961612A,EAME,2024-09-23,95,blue_silo,0.1394604565544498,0.28157871372611654
1961612A,EAME,2024-09-23,50,blue_silo,0.07461204335713381,0.28157871372611654
1961612A,EAME,2024-09-23,95,bobolink,0.04855118566789564,0.2039660827091429
1961612A,EAME,2024-09-23,50,bobolink,0.01881550269777896,0.2039660827091429
1961612A,EAME,2024-09-23,95,horse,0.01834484607448765,0
1961612A,EAME,2024-09-23,95,swale,0.28068835365241673,0.8421993191096161
1961612A,EAME,2024-09-23,50,swale,0.4491561078169634,0.8421993191096161
1961612A,EAME,2024-09-23,95,quarter,0.03574380764656966,0
1961612A,EAME,2024-09-23,95,retired,0.01205719418336363,0
1961612A,EAME,2024-09-23,95,pond,0.1766013148471804,0.8319492462545881
1961612A,EAME,2024-09-23,50,pond,0.2791571757516171,0.8319492462545881
1961612A,EAME,2024-09-23,95,back_woods,0.048619241824519543,0.2102357851027865
1961612A,EAME,2024-09-23,50,back_woods,0.01942105659073961,0.2102357851027865
1961612A,EAME,2024-09-23,95,cat_barn,0.01507319609382762,0
1961612A,EAME,2024-09-23,95,off_field,0.15093632336010163,NA
1961612A,EAME,2024-09-23,50,off_field,0.14424850421753277,NA
1961612A,EAME,2024-06-10,95,frog,0.4161027463485514,0.7617184716234773
1961612A,EAME,2024-06-10,50,frog,0.6019877655883703,0.7617184716234773
1961612A,EAME,2024-06-10,95,wheat,0.3342779827274262,0.4849352725635772
1961612A,EAME,2024-06-10,50,wheat,0.30788188901603314,0.4849352725635772
1961612A,EAME,2024-06-10,95,quarter,0.00583190144090773,0
1961612A,EAME,2024-06-10,95,cattle,0.24911611545334364,0.2333224959019112
1961612A,EAME,2024-06-10,50,cattle,0.1103954139225412,0.2333224959019112
1961612A,EAME,2024-06-10,95,off_field,0,NA
1961612A,EAME,2024-06-10,50,off_field,0,NA
1961612A,EAME,2024-07-18,95,alfalfa,0.02397341294685176,0.01680394088476209
1961612A,EAME,2024-07-18,95,blue_silo,0.01830956672677709,0
1961612A,EAME,2024-07-18,95,frog,0.01432579457535317,0
1961612A,EAME,2024-07-18,95,horse,0.03241098719526388,0.3766983090131609
1961612A,EAME,2024-07-18,50,horse,0.0231938484830233,0.3766983090131609
1961612A,EAME,2024-07-18,95,pear_tree,0.01060147097996602,0
1961612A,EAME,2024-07-18,95,swale,0.02463535049229491,0.00563454298691448
1961612A,EAME,2024-07-18,95,wheat,0.01948343960257892,0
1961612A,EAME,2024-07-18,95,quarter,0.02977054130409097,0.07187349374436117
1961612A,EAME,2024-07-18,95,piano,0.01619405610992792,0
1961612A,EAME,2024-07-18,95,cat_barn,0.05650553026929587,0.9805834596942674
1961612A,EAME,2024-07-18,50,cat_barn,0.10525976692830837,0.9805834596942674
1961612A,EAME,2024-07-18,95,gi,0.2045176738054524,0.9672072923754412
1961612A,EAME,2024-07-18,50,gi,0.37578314127483353,0.9672072923754412
1961612A,EAME,2024-07-18,95,appendix,0.0602792136282401,0.27435649942771007
1961612A,EAME,2024-07-18,50,appendix,0.03141736205398451,0.27435649942771007
1961612A,EAME,2024-07-18,95,native_ws,0.10505104116877124,0.7786505295776078
1961612A,EAME,2024-07-18,50,native_ws,0.1553924199978252,0.7786505295776078
1961612A,EAME,2024-07-18,95,cattle,0.04091830497569614,0
1961612A,EAME,2024-07-18,95,wish_well,0.0373305693054741,0.06010231612666894
1961612A,EAME,2024-07-18,95,off_field,0.30120933910909575,NA
1961612A,EAME,2024-07-18,50,off_field,0.2995973544627227,NA
1961612A,EAME,2024-09-06,95,alfalfa,0.12318586038008696,0.6032969878334661
1961612A,EAME,2024-09-06,50,alfalfa,0.14118508063829197,0.6032969878334661
1961612A,EAME,2024-09-06,95,blue_silo,0.04769376276597719,0
1961612A,EAME,2024-09-06,95,bobolink,0.01258721763394384,0
1961612A,EAME,2024-09-06,95,swale,0.1754103889836721,0.4858920224936066
1961612A,EAME,2024-09-06,50,swale,0.1619167837155637,0.4858920224936066
1961612A,EAME,2024-09-06,95,quarter,0.00819209559898045,0
1961612A,EAME,2024-09-06,95,pond,0.14354514534235277,0.6881817762961012
1961612A,EAME,2024-09-06,50,pond,0.18766723933158955,0.6881817762961012
1961612A,EAME,2024-09-06,95,back_woods,0.2873839203717971,0.8437662569623919
1961612A,EAME,2024-09-06,50,back_woods,0.4606609581746805,0.8437662569623919
1961612A,EAME,2024-09-06,95,piano,0.01459687244090286,0
1961612A,EAME,2024-09-06,95,off_field,0.1802991003143726,NA
1961612A,EAME,2024-09-06,50,off_field,0.04856993813987427,NA
1961612A,EAME,2024-09-17,95,alfalfa,0.00555238805257963,0
1961612A,EAME,2024-09-17,95,blue_silo,0.38452926017810785,0.7214413744371923
1961612A,EAME,2024-09-17,50,blue_silo,0.5268742111861573,0.7214413744371923
1961612A,EAME,2024-09-17,95,pear_tree,0.05802506265777839,0
1961612A,EAME,2024-09-17,95,swale,0.26359085909610797,0.6816383964698824
1961612A,EAME,2024-09-17,50,swale,0.34124075620299466,0.6816383964698824
1961612A,EAME,2024-09-17,95,underhill,0.00812424679781029,0
1961612A,EAME,2024-09-17,95,retired,0.05184985453979381,0.46710259695602696
1961612A,EAME,2024-09-17,50,retired,0.045997722433965,0.46710259695602696
1961612A,EAME,2024-09-17,95,pond,0.06759025426693265,0.18345361350237777
1961612A,EAME,2024-09-17,50,pond,0.02354978002247774,0.18345361350237777
1961612A,EAME,2024-09-17,95,back_woods,0.07148654644727664,0
1961612A,EAME,2024-09-17,95,off_field,0.08499818239215969,NA
1961612A,EAME,2024-09-17,50,off_field,0.0623375301544053,NA
1961612A,EAME,2024-09-18,95,alfalfa,0.1378151787152182,0.7666498798638306
1961612A,EAME,2024-09-18,50,alfalfa,0.200659037211705,0.7666498798638306
1961612A,EAME,2024-09-18,95,blue_silo,0.12634152277924748,0.6832160379610396
1961612A,EAME,2024-09-18,50,blue_silo,0.16393389556541002,0.6832160379610396
1961612A,EAME,2024-09-18,95,bobolink,0.0842904867732133,0.1681012449722392
1961612A,EAME,2024-09-18,50,bobolink,0.02691002438371232,0.1681012449722392
1961612A,EAME,2024-09-18,95,swale,0.23701503417136885,0.8778609183137513
1961612A,EAME,2024-09-18,50,swale,0.3951538423985092,0.8778609183137513
1961612A,EAME,2024-09-18,95,underhill,0.0183137308828341,0
1961612A,EAME,2024-09-18,95,retired,0.01815074003930958,0
1961612A,EAME,2024-09-18,95,front_hay,0.04421727240521874,0
1961612A,EAME,2024-09-18,95,entrance,0.01408692937552946,0
1961612A,EAME,2024-09-18,95,clydesdale,0.01270184855211961,0
1961612A,EAME,2024-09-18,95,pond,0.067203787928263,0.5662699413940503
1961612A,EAME,2024-09-18,50,pond,0.07227396171509125,0.5662699413940503
1961612A,EAME,2024-09-18,95,back_woods,0.06741029405648194,0.37284738290727654
1961612A,EAME,2024-09-18,50,back_woods,0.04773335058278276,0.37284738290727654
1961612A,EAME,2024-09-18,95,piano,0.03478604434185164,0.10301850278746326
1961612A,EAME,2024-09-18,50,piano,0.00680588927937599,0.10301850278746326
1961612A,EAME,2024-09-18,95,off_field,0.13686715794175666,NA
1961612A,EAME,2024-09-18,50,off_field,0.08652999886341345,NA
1961612A,EAME,2024-09-27,95,alfalfa,0.00547237186487343,0
1961612A,EAME,2024-09-27,95,blue_silo,0.2132177678349998,0.4876992698442494
1961612A,EAME,2024-09-27,50,blue_silo,0.1975726836088194,0.4876992698442494
1961612A,EAME,2024-09-27,95,bobolink,0.08939348326551727,0.4183979449265391
1961612A,EAME,2024-09-27,50,bobolink,0.07106353443524874,0.4183979449265391
1961612A,EAME,2024-09-27,95,swale,0.2356902291557091,0.704917018890621
1961612A,EAME,2024-09-27,50,swale,0.3156683030472895,0.704917018890621
1961612A,EAME,2024-09-27,95,quarter,0.00946773011629469,0
1961612A,EAME,2024-09-27,95,retired,0.01214355480599766,0
1961612A,EAME,2024-09-27,95,clydesdale,0.00675767130999086,0
1961612A,EAME,2024-09-27,95,pond,0.1972175803021708,0.5535428152346058
1961612A,EAME,2024-09-27,50,pond,0.20741886108724344,0.5535428152346058
1961612A,EAME,2024-09-27,95,back_woods,0.04272900710114828,0
1961612A,EAME,2024-09-27,95,off_field,0.1858674707538837,NA
1961612A,EAME,2024-09-27,50,off_field,0.20827661782139897,NA
1961612A,EAME,2024-06-14,95,frog,0.2892060472906772,0.5979301462062645
1961612A,EAME,2024-06-14,50,frog,0.32806925142490523,0.5979301462062645
1961612A,EAME,2024-06-14,95,wheat,0.5568023825271134,0.6370515488452955
1961612A,EAME,2024-06-14,50,wheat,0.6729508850975244,0.6370515488452955
1961612A,EAME,2024-06-14,95,quarter,0.01585956535893073,0
1961612A,EAME,2024-06-14,95,native_ws,0.00619481576970261,0
1961612A,EAME,2024-06-14,95,cattle,0.12435956187991136,0.03362493028228333
1961612A,EAME,2024-06-14,50,cattle,0.00793319781696657,0.03362493028228333
1961612A,EAME,2024-06-14,95,off_field,0.00197354453011492,NA
1961612A,EAME,2024-06-14,50,off_field,0,NA
1961612A,EAME,2024-06-26,95,frog,0.05525707859858547,0
1961612A,EAME,2024-06-26,95,horse,0.00825799268818458,0
1961612A,EAME,2024-06-26,95,pear_tree,0.32886158791721226,0.7350926347874636
1961612A,EAME,2024-06-26,50,pear_tree,0.45868042297368417,0.7350926347874636
1961612A,EAME,2024-06-26,95,underhill,0.10960536759440642,0.2832415338820836
1961612A,EAME,2024-06-26,50,underhill,0.05890385847783668,0.2832415338820836
1961612A,EAME,2024-06-26,95,wheat,0.3831253229965913,0.5924719457153296
1961612A,EAME,2024-06-26,50,wheat,0.4306888536608077,0.5924719457153296
1961612A,EAME,2024-06-26,95,quarter,0.02133675826783901,0
1961612A,EAME,2024-06-26,95,retired,0.00842450395807888,0
1961612A,EAME,2024-06-26,95,cattle,0.00755495247882782,0
1961612A,EAME,2024-06-26,95,off_field,0.07163548864138929,NA
1961612A,EAME,2024-06-26,50,off_field,0.05172686488767142,NA
1961612A,EAME,2024-05-21,95,frog,0.26192045489016463,0.3851570579064556
1961612A,EAME,2024-05-21,50,frog,0.1916664992539126,0.3851570579064556
1961612A,EAME,2024-05-21,95,wheat,0.5122844209635726,0.5951613043199551
1961612A,EAME,2024-05-21,50,wheat,0.5792749779529845,0.5951613043199551
1961612A,EAME,2024-05-21,95,cattle,0.2007121709519607,0.6350990965736958
1961612A,EAME,2024-05-21,50,cattle,0.24218884555430564,0.6350990965736958
1961612A,EAME,2024-05-21,95,off_field,0.02440053176481892,NA
1961612A,EAME,2024-05-21,50,off_field,0,NA
1961612A,EAME,2024-06-01,95,frog,0.3024018394313917,0.6654739922226273
1961612A,EAME,2024-06-01,50,frog,0.38233235437049073,0.6654739922226273
1961612A,EAME,2024-06-01,95,pear_tree,0.00856003306380272,0
1961612A,EAME,2024-06-01,95,wheat,0.4804820351875639,0.5813208447056202
1961612A,EAME,2024-06-01,50,wheat,0.5306627285781522,0.5813208447056202
1961612A,EAME,2024-06-01,95,quarter,0.00690863095477287,0
1961612A,EAME,2024-06-01,95,cattle,0.18659159362782543,0.28004065160836367
1961612A,EAME,2024-06-01,50,cattle,0.09927472411377268,0.28004065160836367
1961612A,EAME,2024-06-01,95,off_field,0.01174776015758692,NA
1961612A,EAME,2024-06-01,50,off_field,0,NA
1961612A,EAME,2024-06-15,95,frog,0.266089817506881,0.710778137855951
1961612A,EAME,2024-06-15,50,frog,0.3593003602418633,0.710778137855951
1961612A,EAME,2024-06-15,95,horse,0.1008046160870213,0.16813647705719142
1961612A,EAME,2024-06-15,50,horse,0.032198652652813,0.16813647705719142
1961612A,EAME,2024-06-15,95,wheat,0.44718225414575175,0.7204447390489687
1961612A,EAME,2024-06-15,50,wheat,0.6120410771536117,0.7204447390489687
1961612A,EAME,2024-06-15,95,quarter,0.02434612767684715,0
1961612A,EAME,2024-06-15,95,native_ws,0.00581174392254521,0
1961612A,EAME,2024-06-15,95,cattle,0.1008265845326933,0.02895044076904475
1961612A,EAME,2024-06-15,50,cattle,0.00554530670816365,0.02895044076904475
1961612A,EAME,2024-06-15,95,wish_well,0.03869735774673732,0
1961612A,EAME,2024-06-15,95,off_field,0.01557617750482423,NA
1961612A,EAME,2024-06-15,50,off_field,0,NA
1961612A,EAME,2024-06-30,95,frog,0.1115515209656956,0.5582536177732095
1961612A,EAME,2024-06-30,50,frog,0.1182352278958656,0.5582536177732095
1961612A,EAME,2024-06-30,95,horse,0.23765169744408857,0.930283182648094
1961612A,EAME,2024-06-30,50,horse,0.4197550609560957,0.930283182648094
1961612A,EAME,2024-06-30,95,pear_tree,0.0068310016969266,0
1961612A,EAME,2024-06-30,95,wheat,0.18652634354019,0.2779743446396535
1961612A,EAME,2024-06-30,50,wheat,0.09844297783611192,0.2779743446396535
1961612A,EAME,2024-06-30,95,quarter,0.10864605294451064,0.30190292118366013
1961612A,EAME,2024-06-30,50,quarter,0.06227605864800061,0.30190292118366013
1961612A,EAME,2024-06-30,95,cat_barn,0.00914164575412971,0
1961612A,EAME,2024-06-30,95,native_ws,0.0213908403782595,0
1961612A,EAME,2024-06-30,95,cattle,0.1028810178768262,0.449011659219545
1961612A,EAME,2024-06-30,50,cattle,0.08770668995916622,0.449011659219545
1961612A,EAME,2024-06-30,95,wish_well,0.17036652388337198,0.6874963178181871
1961612A,EAME,2024-06-30,50,wish_well,0.22237936675041384,0.6874963178181871
1961612A,EAME,2024-06-30,95,off_field,0.04132529337875176,NA
1961612A,EAME,2024-06-30,50,off_field,0,NA
1961612A,EAME,2024-09-20,95,alfalfa,0.1430231831522118,0.4925355675689588
1961612A,EAME,2024-09-20,50,alfalfa,0.13378727847208036,0.4925355675689588
1961612A,EAME,2024-09-20,95,blue_silo,0.01389762588628985,0.00222839206951842
1961612A,EAME,2024-09-20,95,bobolink,0.0639021741190875,0.2806286043567277
1961612A,EAME,2024-09-20,50,bobolink,0.03405793816523243,0.2806286043567277
1961612A,EAME,2024-09-20,95,swale,0.18869394166873,0.7727218307013282
1961612A,EAME,2024-09-20,50,swale,0.27691846821139354,0.7727218307013282
1961612A,EAME,2024-09-20,95,clydesdale,0.02055738425389147,0
1961612A,EAME,2024-09-20,95,pond,0.2185926413367622,0.7585925909590293
1961612A,EAME,2024-09-20,50,pond,0.31493064058858794,0.7585925909590293
1961612A,EAME,2024-09-20,95,back_woods,0.11576655916423136,0.3062557936721625
1961612A,EAME,2024-09-20,50,back_woods,0.06733459009037261,0.3062557936721625
1961612A,EAME,2024-09-20,95,piano,0.03256070981582794,0
1961612A,EAME,2024-09-20,95,off_field,0.19997814669337025,NA
1961612A,EAME,2024-09-20,50,off_field,0.17291226745424346,NA
1961612A,EAME,2024-09-29,95,blue_silo,0.2313640857410848,0.714052206959549
1961612A,EAME,2024-09-29,50,blue_silo,0.31380025313375176,0.714052206959549
1961612A,EAME,2024-09-29,95,bobolink,0.09241590292616889,0.3535866312553107
1961612A,EAME,2024-09-29,50,bobolink,0.06206831080941117,0.3535866312553107
1961612A,EAME,2024-09-29,95,pear_tree,0.1241871438681892,0.4129732199914712
1961612A,EAME,2024-09-29,50,pear_tree,0.09741501634313932,0.4129732199914712
1961612A,EAME,2024-09-29,95,swale,0.0288008970472478,0
1961612A,EAME,2024-09-29,95,underhill,0.180166108160211,0.845589155178315
1961612A,EAME,2024-09-29,50,underhill,0.28937424847209064,0.845589155178315
1961612A,EAME,2024-09-29,95,wheat,0.02197580638077081,0
1961612A,EAME,2024-09-29,95,quarter,0.0105082440554931,0
1961612A,EAME,2024-09-29,95,retired,0.06866117075716226,0.9333247256118784
1961612A,EAME,2024-09-29,50,retired,0.12172263759094806,0.9333247256118784
1961612A,EAME,2024-09-29,95,front_hay,0.09122086927102004,0.2990863324854812
1961612A,EAME,2024-09-29,50,front_hay,0.05182247521281927,0.2990863324854812
1961612A,EAME,2024-09-29,95,entrance,0.00589438928887015,0
1961612A,EAME,2024-09-29,95,clydesdale,0.01188009306608362,0
1961612A,EAME,2024-09-29,95,off_field,0.12935574176938247,NA
1961612A,EAME,2024-09-29,50,off_field,0.06379705843783975,NA
1961612A,EAME,2024-05-29,95,frog,0.17533745012381904,0.6241178063603435
1961612A,EAME,2024-05-29,50,frog,0.20792062304364528,0.6241178063603435
1961612A,EAME,2024-05-29,95,horse,0.01862604378816622,0.0101545959646324
1961612A,EAME,2024-05-29,95,pear_tree,0.01941798225771897,0
1961612A,EAME,2024-05-29,95,wheat,0.5656716167810869,0.7401402895155651
1961612A,EAME,2024-05-29,50,wheat,0.7954900315299801,0.7401402895155651
1961612A,EAME,2024-05-29,95,quarter,0.0299463008643221,0.00443267993155766
1961612A,EAME,2024-05-29,95,native_ws,0.00751479422726733,0
1961612A,EAME,2024-05-29,95,cattle,0.06120278490718013,0
1961612A,EAME,2024-05-29,95,wish_well,0.00985594528609971,0
1961612A,EAME,2024-05-29,95,off_field,0.10425521789101762,NA
1961612A,EAME,2024-05-29,50,off_field,0,NA
1961612A,EAME,2024-05-30,95,frog,0.27815283833094867,0.5781911337086747
1961612A,EAME,2024-05-30,50,frog,0.30527921633430655,0.5781911337086747
1961612A,EAME,2024-05-30,95,horse,0.0091691691526626,0
1961612A,EAME,2024-05-30,95,wheat,0.5524002374877923,0.6687790874225367
1961612A,EAME,2024-05-30,50,wheat,0.7012596579326131,0.6687790874225367
1961612A,EAME,2024-05-30,95,quarter,0.0096911972554683,0
1961612A,EAME,2024-05-30,95,cattle,0.11831372688579173,0
1961612A,EAME,2024-05-30,95,off_field,0.02769666739371703,NA
1961612A,EAME,2024-05-30,50,off_field,0,NA
1961612A,EAME,2024-06-06,95,frog,0.2826933477054954,0.6983738356185665
1961612A,EAME,2024-06-06,50,frog,0.3747141796056024,0.6983738356185665
1961612A,EAME,2024-06-06,95,horse,0.02459910086743875,0
1961612A,EAME,2024-06-06,95,wheat,0.5453474351871843,0.6100500019296274
1961612A,EAME,2024-06-06,50,wheat,0.6314446474702594,0.6100500019296274
1961612A,EAME,2024-06-06,95,quarter,0.0369052701708276,0
1961612A,EAME,2024-06-06,95,cattle,0.1053755492571928,0
1961612A,EAME,2024-06-06,95,off_field,0.00340382959009712,NA
1961612A,EAME,2024-06-06,50,off_field,0,NA
1961612A,EAME,2024-06-20,95,frog,0.01678469210871883,0
1961612A,EAME,2024-06-20,95,horse,0.2858021318883148,0.8523582074634559
1961612A,EAME,2024-06-20,50,horse,0.4625390310107807,0.8523582074634559
1961612A,EAME,2024-06-20,95,wheat,0.00920296982102609,0
1961612A,EAME,2024-06-20,95,quarter,0.07202335548868287,0.12297009901268996
1961612A,EAME,2024-06-20,50,quarter,0.01681642398024367,0.12297009901268996
1961612A,EAME,2024-06-20,95,cat_barn,0.05490417539755761,0.01308236960643566
1961612A,EAME,2024-06-20,95,gi,0.02617846316796526,0
1961612A,EAME,2024-06-20,95,native_ws,0.1574052003296811,0.4928221799511558
1961612A,EAME,2024-06-20,50,native_ws,0.14728892644581523,0.4928221799511558
1961612A,EAME,2024-06-20,95,cattle,0.07813763199609766,0.11023337563061086
1961612A,EAME,2024-06-20,50,cattle,0.01635438160839386,0.11023337563061086
1961612A,EAME,2024-06-20,95,wish_well,0.1920724600742572,0.6602485257829988
1961612A,EAME,2024-06-20,50,wish_well,0.24078715417669388,0.6602485257829988
1961612A,EAME,2024-06-20,95,off_field,0.10748891972769856,NA
1961612A,EAME,2024-06-20,50,off_field,0.11485027688443752,NA
1961612A,EAME,2024-06-22,95,horse,0.4181801835914991,0.65183839512656
1961612A,EAME,2024-06-22,50,horse,0.5171902383417041,0.65183839512656
1961612A,EAME,2024-06-22,95,quarter,0.01873850221466803,0
1961612A,EAME,2024-06-22,95,cat_barn,0.01054536170945642,0
1961612A,EAME,2024-06-22,95,native_ws,0.06799788236348991,0
1961612A,EAME,2024-06-22,95,cattle,0.04059949457243254,0.00599337811336129
1961612A,EAME,2024-06-22,95,wish_well,0.41081998204848025,0.6395415483372217
1961612A,EAME,2024-06-22,50,wish_well,0.498502402296568,0.6395415483372217
1961612A,EAME,2024-06-22,95,off_field,0.03311859349997372,NA
1961612A,EAME,2024-06-22,50,off_field,0,NA
1961612A,EAME,2024-06-23,95,frog,0.13636621510780486,0.4833795318133162
1961612A,EAME,2024-06-23,50,frog,0.12516208011924465,0.4833795318133162
1961612A,EAME,2024-06-23,95,horse,0.2242850134738555,0.8338084851429493
1961612A,EAME,2024-06-23,50,horse,0.3550947853098359,0.8338084851429493
1961612A,EAME,2024-06-23,95,wheat,0.2516992300901736,0.328508556221472
1961612A,EAME,2024-06-23,50,wheat,0.15700240369934595,0.328508556221472
1961612A,EAME,2024-06-23,95,quarter,0.01928477535258734,0
1961612A,EAME,2024-06-23,95,native_ws,0.06256588742798169,0.13307250126931916
1961612A,EAME,2024-06-23,50,native_ws,0.01580897300488698,0.13307250126931916
1961612A,EAME,2024-06-23,95,cattle,0.05880611808439087,0.04331493788231642
1961612A,EAME,2024-06-23,95,wish_well,0.20748085885396808,0.8482690665431107
1961612A,EAME,2024-06-23,50,wish_well,0.33418688019469367,0.8482690665431107
1961612A,EAME,2024-06-23,95,off_field,0.03122291793279837,NA
1961612A,EAME,2024-06-23,50,off_field,0.00790830256368964,NA
1961612A,EAME,2024-06-25,95,frog,0.22269551971467236,0.5890174029988688
1961612A,EAME,2024-06-25,50,frog,0.24893603093677744,0.5890174029988688
1961612A,EAME,2024-06-25,95,horse,0.20773500219472507,0.6300082545893372
1961612A,EAME,2024-06-25,50,horse,0.24837282278807307,0.6300082545893372
1961612A,EAME,2024-06-25,95,wheat,0.32321864797500055,0.5685684806169892
1961612A,EAME,2024-06-25,50,wheat,0.34876054210885976,0.5685684806169892
1961612A,EAME,2024-06-25,95,quarter,0.1382294858977994,0.5899611106954822
1961612A,EAME,2024-06-25,50,quarter,0.1547648146224257,0.5899611106954822
1961612A,EAME,2024-06-25,95,native_ws,0.00782577950573588,0
1961612A,EAME,2024-06-25,95,cattle,0.07491858570450317,0
1961612A,EAME,2024-06-25,95,wish_well,0.02101120150209782,0
1961612A,EAME,2024-06-25,95,off_field,0.00436570718171533,NA
1961612A,EAME,2024-06-25,50,off_field,0,NA
1961612A,EAME,2024-06-27,95,blue_silo,0.01447719647151811,0
1961612A,EAME,2024-06-27,95,frog,0.17278293726703697,0.7004845416373848
1961612A,EAME,2024-06-27,50,frog,0.22961757200010588,0.7004845416373848
1961612A,EAME,2024-06-27,95,horse,0.09378343353846529,0.5048610838560188
1961612A,EAME,2024-06-27,50,horse,0.08982634653324649,0.5048610838560188
1961612A,EAME,2024-06-27,95,pear_tree,0.0223655639678468,0
1961612A,EAME,2024-06-27,95,wheat,0.4114726268589304,0.7099932576608331
1961612A,EAME,2024-06-27,50,wheat,0.5542438537480329,0.7099932576608331
1961612A,EAME,2024-06-27,95,quarter,0.1457653161279142,0.4620551281811808
1961612A,EAME,2024-06-27,50,quarter,0.127777299572277,0.4620551281811808
1961612A,EAME,2024-06-27,95,cattle,0.08603593735062921,0.00354081343370541
1961612A,EAME,2024-06-27,95,wish_well,0.01035883189115637,0
1961612A,EAME,2024-06-27,95,off_field,0.04066355130797514,NA
1961612A,EAME,2024-06-27,50,off_field,0,NA
1961612A,EAME,2024-10-01,95,alfalfa,0.09134744401902344,0.36136376908207224
1961612A,EAME,2024-10-01,50,alfalfa,0.06268516676868154,0.36136376908207224
1961612A,EAME,2024-10-01,95,blue_silo,0.15573675430032086,0.7178840702037247
1961612A,EAME,2024-10-01,50,blue_silo,0.21230939569370383,0.7178840702037247
1961612A,EAME,2024-10-01,95,bobolink,0.09646171123367588,0.5214451800948847
1961612A,EAME,2024-10-01,50,bobolink,0.0955184789054931,0.5214451800948847
1961612A,EAME,2024-10-01,95,pear_tree,0.01024784799947153,0
1961612A,EAME,2024-10-01,95,swale,0.21191342666905164,0.85331949143243635
1961612A,EAME,2024-10-01,50,swale,0.34339496126518726,0.85331949143243635
1961612A,EAME,2024-10-01,95,underhill,0.02502320789939892,0
1961612A,EAME,2024-10-01,95,retired,0.03140847054468261,0.6200230713103122
1961612A,EAME,2024-10-01,50,retired,0.03698098010742924,0.6200230713103122
1961612A,EAME,2024-10-01,95,front_hay,0.02495715320379928,0
1961612A,EAME,2024-10-01,95,clydesdale,0.0234145007961556,0
1961612A,EAME,2024-10-01,95,pond,0.1134147047402659,0.609461620562128
1961612A,EAME,2024-10-01,50,pond,0.1312621480308017,0.609461620562128
1961612A,EAME,2024-10-01,95,back_woods,0.05052309735084242,0.13705666553722773
1961612A,EAME,2024-10-01,50,back_woods,0.01314964133644014,0.13705666553722773
1961612A,EAME,2024-10-01,95,piano,0.00517546764690285,0
1961612A,EAME,2024-10-01,95,cat_barn,0.00670599226989753,0
1961612A,EAME,2024-10-01,95,gi,0.00581526126605185,0
1961612A,EAME,2024-10-01,95,off_field,0.13677181274923791,NA
1961612A,EAME,2024-10-01,50,off_field,0.1046992278922632,NA
1961612A,EAME,2024-06-05,95,blue_silo,0.01149289009134892,0
1961612A,EAME,2024-06-05,95,frog,0.33492266927149816,0.772944486516004
1961612A,EAME,2024-06-05,50,frog,0.49166741085948873,0.772944486516004
1961612A,EAME,2024-06-05,95,horse,0.00534661615953955,0
1961612A,EAME,2024-06-05,95,wheat,0.5208935347740271,0.510498748185371
1961612A,EAME,2024-06-05,50,wheat,0.5050358690905606,0.510498748185371
1961612A,EAME,2024-06-05,95,quarter,0.02061307575085708,0
1961612A,EAME,2024-06-05,95,cattle,0.09235717786068702,0.07738337998238203
1961612A,EAME,2024-06-05,50,cattle,0.0135736586815031,0.07738337998238203
1961612A,EAME,2024-06-05,95,off_field,0.01013738135512552,NA
1961612A,EAME,2024-06-05,50,off_field,0,NA
1961612A,EAME,2024-06-07,95,frog,0.22879625880597787,0.5888033847608207
1961612A,EAME,2024-06-07,50,frog,0.2559071475337396,0.5888033847608207
1961612A,EAME,2024-06-07,95,horse,0.04331488400267172,0.2791514127057693
1961612A,EAME,2024-06-07,50,horse,0.02296889937046463,0.2791514127057693
1961612A,EAME,2024-06-07,95,wheat,0.5054172296929533,0.6016672692860072
1961612A,EAME,2024-06-07,50,wheat,0.5776564524409324,0.6016672692860072
1961612A,EAME,2024-06-07,95,quarter,0.12410914832682804,0.6187698500678447
1961612A,EAME,2024-06-07,50,quarter,0.14588012910187162,0.6187698500678447
1961612A,EAME,2024-06-07,95,cattle,0.10033565551438783,0
1961612A,EAME,2024-06-07,95,off_field,0,NA
1961612A,EAME,2024-06-07,50,off_field,0,NA
1961612A,EAME,2024-06-28,95,blue_silo,0.20947318960001535,0.2896343357719397
1961612A,EAME,2024-06-28,50,blue_silo,0.11524178786272286,0.2896343357719397
1961612A,EAME,2024-06-28,95,frog,0.2011214765746542,0.9404939010294138
1961612A,EAME,2024-06-28,50,frog,0.3592906606831668,0.9404939010294138
1961612A,EAME,2024-06-28,95,horse,0.0266531578171432,0.4247243548864629
1961612A,EAME,2024-06-28,50,horse,0.02150241958799351,0.4247243548864629
1961612A,EAME,2024-06-28,95,pear_tree,0.03839945506842196,0
1961612A,EAME,2024-06-28,95,swale,0.0670217750769279,0.1666433775673194
1961612A,EAME,2024-06-28,50,swale,0.02121463096177495,0.1666433775673194
1961612A,EAME,2024-06-28,95,underhill,0.00892334283593555,0
1961612A,EAME,2024-06-28,95,wheat,0.26165861806858454,0.7872843293643591
1961612A,EAME,2024-06-28,50,wheat,0.3912894571051831,0.7872843293643591
1961612A,EAME,2024-06-28,95,quarter,0.06564221607325589,0.438239194065511
1961612A,EAME,2024-06-28,50,quarter,0.05464191943370816,0.438239194065511
1961612A,EAME,2024-06-28,95,retired,0.02070047988858691,0
1961612A,EAME,2024-06-28,95,cattle,0.05543920599027058,0.2873538516563479
1961612A,EAME,2024-06-28,50,cattle,0.03025976287123743,0.2873538516563479
1961612A,EAME,2024-06-28,95,off_field,0.04315463986513897,NA
1961612A,EAME,2024-06-28,50,off_field,0.00655936149421323,NA
1961612A,EAME,2024-07-06,95,blue_silo,0.01888842429359008,0
1961612A,EAME,2024-07-06,95,frog,0.08911466851757799,0.8659463308325513
1961612A,EAME,2024-07-06,50,frog,0.14657829678479847,0.8659463308325513
1961612A,EAME,2024-07-06,95,horse,0.06721066292472785,0.9854054880849104
1961612A,EAME,2024-07-06,50,horse,0.125800583161692,0.9854054880849104
1961612A,EAME,2024-07-06,95,pear_tree,0.03528358849074094,0
1961612A,EAME,2024-07-06,95,swale,0.01033487287915342,0
1961612A,EAME,2024-07-06,95,wheat,0.20896854154018468,0.946893409221729
1961612A,EAME,2024-07-06,50,wheat,0.3758473598993276,0.946893409221729
1961612A,EAME,2024-07-06,95,quarter,0.09177594790224965,0.9807677014406349
1961612A,EAME,2024-07-06,50,quarter,0.17097181915444368,0.9807677014406349
1961612A,EAME,2024-07-06,95,cat_barn,0.03382031606470278,0.37732455924253766
1961612A,EAME,2024-07-06,50,cat_barn,0.02423942056495407,0.37732455924253766
1961612A,EAME,2024-07-06,95,gi,0.04218569712780172,0
1961612A,EAME,2024-07-06,95,native_ws,0.04374685959161781,0.03459133124043586
1961612A,EAME,2024-07-06,95,cattle,0.09317280877303812,0.4110185371485434
1961612A,EAME,2024-07-06,50,cattle,0.07274113876852416,0.4110185371485434
1961612A,EAME,2024-07-06,95,wish_well,0.04198142068552922,0.26351009830806593
1961612A,EAME,2024-07-06,50,wish_well,0.02101279835892152,0.26351009830806593
1961612A,EAME,2024-07-06,95,off_field,0.21524027173236607,NA
1961612A,EAME,2024-07-06,50,off_field,0.05993420678503209,NA
1961612A,EAME,2024-09-19,95,alfalfa,0.15799145152582472,0.6026604791699568
1961612A,EAME,2024-09-19,50,alfalfa,0.1808708552858752,0.6026604791699568
1961612A,EAME,2024-09-19,95,blue_silo,0.03159240864657386,0
1961612A,EAME,2024-09-19,95,bobolink,0.01474283680625314,0
1961612A,EAME,2024-09-19,95,swale,0.2722355514982976,0.5929677933106027
1961612A,EAME,2024-09-19,50,swale,0.30664665781541606,0.5929677933106027
1961612A,EAME,2024-09-19,95,pond,0.1514642291535027,0.5656770988375839
1961612A,EAME,2024-09-19,50,pond,0.16275748352543337,0.5656770988375839
1961612A,EAME,2024-09-19,95,back_woods,0.2454663043797893,0.6090594836873828
1961612A,EAME,2024-09-19,50,back_woods,0.28399708650116623,0.6090594836873828
1961612A,EAME,2024-09-19,95,piano,0.00897585192738379,0
1961612A,EAME,2024-09-19,95,off_field,0.11416788173959416,NA
1961612A,EAME,2024-09-19,50,off_field,0.06572791687210916,NA
1978611,EAME,2022-07-11,95,alfalfa,0.06600437293199143,0.2439976754514257
1978611,EAME,2022-07-11,50,alfalfa,0.03056447615936192,0.2439976754514257
1978611,EAME,2022-07-11,95,blue_silo,0.06653253498979513,0
1978611,EAME,2022-07-11,95,swale,0.6271923320426288,0.7046039761752614
1978611,EAME,2022-07-11,50,swale,0.8386956457334923,0.7046039761752614
1978611,EAME,2022-07-11,95,pond,0.09903751889035275,0.36193744602328026
1978611,EAME,2022-07-11,50,pond,0.06802864611419211,0.36193744602328026
1978611,EAME,2022-07-11,95,back_woods,0.09681447109954884,0.15924786901881496
1978611,EAME,2022-07-11,50,back_woods,0.02925987492319123,0.15924786901881496
1978611,EAME,2022-07-11,95,off_field,0.04441877004568304,NA
1978611,EAME,2022-07-11,50,off_field,0.03345135706976238,NA
1978611,EAME,2022-07-02,95,blue_silo,0.18823951023571128,0.6646175173653763
1978611,EAME,2022-07-02,50,blue_silo,0.2374612916133939,0.6646175173653763
1978611,EAME,2022-07-02,95,bobolink,0.38575723076243895,0.6781575726059704
1978611,EAME,2022-07-02,50,bobolink,0.4965408103785214,0.6781575726059704
1978611,EAME,2022-07-02,95,swale,0.1052887439793342,0.32672430176427286
1978611,EAME,2022-07-02,50,swale,0.06529405505431869,0.32672430176427286
1978611,EAME,2022-07-02,95,retired,0.02405121495244643,0.09435551592055182
1978611,EAME,2022-07-02,95,front_hay,0.01980419149838051,0
1978611,EAME,2022-07-02,95,clydesdale,0.04191736840704397,0
1978611,EAME,2022-07-02,95,pond,0.0403728990784459,0
1978611,EAME,2022-07-02,95,off_field,0.19035927349482223,NA
1978611,EAME,2022-07-02,50,off_field,0.19639644922866856,NA
1978611,EAME,2022-07-07,95,alfalfa,0.07043590718858632,0.331907706487407
1978611,EAME,2022-07-07,50,alfalfa,0.0444189180496647,0.331907706487407
1978611,EAME,2022-07-07,95,blue_silo,0.03302311136995179,0
1978611,EAME,2022-07-07,95,swale,0.4918456633196616,0.6038719603543943
1978611,EAME,2022-07-07,50,swale,0.5643262314527377,0.6038719603543943
1978611,EAME,2022-07-07,95,pond,0.1771269014631121,0.6148193843563748
1978611,EAME,2022-07-07,50,pond,0.20691339384656895,0.6148193843563748
1978611,EAME,2022-07-07,95,back_woods,0.1625544265516574,0.43118672439601474
1978611,EAME,2022-07-07,50,back_woods,0.13317438763058168,0.43118672439601474
1978611,EAME,2022-07-07,95,off_field,0.06111092291896567,NA
1978611,EAME,2022-07-07,50,off_field,0.05116706902044687,NA
1978611,EAME,2022-06-10,95,alfalfa,0.01568353883478624,0
1978611,EAME,2022-06-10,95,blue_silo,0.13455560819807097,0.07073606792958255
1978611,EAME,2022-06-10,50,blue_silo,0.01805556649804293,0.07073606792958255
1978611,EAME,2022-06-10,95,swale,0.8092432961539583,0.6144225374039562
1978611,EAME,2022-06-10,50,swale,0.9432235786716652,0.6144225374039562
1978611,EAME,2022-06-10,95,off_field,0.04038161564983817,NA
1978611,EAME,2022-06-10,50,off_field,0.03872085483029201,NA
1978611,EAME,2022-06-25,95,blue_silo,0.13364862835018998,0.17249799486628375
1978611,EAME,2022-06-25,50,blue_silo,0.04377667088205217,0.17249799486628375
1978611,EAME,2022-06-25,95,bobolink,0.4678828577089312,0.8617068949335458
1978611,EAME,2022-06-25,50,bobolink,0.765580522937022,0.8617068949335458
1978611,EAME,2022-06-25,95,swale,0.15347754731634636,0.3998307462576357
1978611,EAME,2022-06-25,50,swale,0.11652395372308412,0.3998307462576357
1978611,EAME,2022-06-25,95,underhill,0.02010701403511014,0
1978611,EAME,2022-06-25,95,retired,0.03779688757798452,0
1978611,EAME,2022-06-25,95,front_hay,0.01953314011081332,0
1978611,EAME,2022-06-25,95,clydesdale,0.01664804264596858,0
1978611,EAME,2022-06-25,95,pond,0.02702282469167271,0
1978611,EAME,2022-06-25,95,off_field,0.12388305756298316,NA
1978611,EAME,2022-06-25,50,off_field,0.07411885245784178,NA
1978611,EAME,2022-07-03,95,blue_silo,0.2135208651127249,0.6022882985636222
1978611,EAME,2022-07-03,50,blue_silo,0.2438425828283557,0.6022882985636222
1978611,EAME,2022-07-03,95,bobolink,0.5116604509188472,0.5899219405915237
1978611,EAME,2022-07-03,50,bobolink,0.5723230034531803,0.5899219405915237
1978611,EAME,2022-07-03,95,swale,0.05315984541360397,0
1978611,EAME,2022-07-03,95,retired,0.05948257090228603,0.4668410562667051
1978611,EAME,2022-07-03,50,retired,0.05265305538020275,0.4668410562667051
1978611,EAME,2022-07-03,95,off_field,0.1543462110743511,NA
1978611,EAME,2022-07-03,50,off_field,0.13118135833826128,NA
1978611,EAME,2022-07-06,95,alfalfa,0.06552801406635415,0.5047565867867585
1978611,EAME,2022-07-06,50,alfalfa,0.06284268817593372,0.5047565867867585
1978611,EAME,2022-07-06,95,blue_silo,0.03843875951115614,0
1978611,EAME,2022-07-06,95,bobolink,0.03268077218716973,0
1978611,EAME,2022-07-06,95,swale,0.44346963516592297,0.5578402189730315
1978611,EAME,2022-07-06,50,swale,0.47002338344513545,0.5578402189730315
1978611,EAME,2022-07-06,95,pond,0.1823491512538781,0.6594574347409852
1978611,EAME,2022-07-06,50,pond,0.22847372807139385,0.6594574347409852
1978611,EAME,2022-07-06,95,back_woods,0.15349505067949046,0.5751865191876838
1978611,EAME,2022-07-06,50,back_woods,0.1677447082265046,0.5751865191876838
1978611,EAME,2022-07-06,95,off_field,0.08403754629005393,NA
1978611,EAME,2022-07-06,50,off_field,0.0709154920810324,NA
1978611,EAME,2022-07-10,95,alfalfa,0.03944026656222122,0.4753364678392822
1978611,EAME,2022-07-10,50,alfalfa,0.03561177656048459,0.4753364678392822
1978611,EAME,2022-07-10,95,blue_silo,0.1333616845466375,0.36587838522160737
1978611,EAME,2022-07-10,50,blue_silo,0.09268735520529116,0.36587838522160737
1978611,EAME,2022-07-10,95,bobolink,0.14977992421534497,0.5719230083514617
1978611,EAME,2022-07-10,50,bobolink,0.16272108770455723,0.5719230083514617
1978611,EAME,2022-07-10,95,swale,0.303788420359304,0.44361372717699293
1978611,EAME,2022-07-10,50,swale,0.2559934514264977,0.44361372717699293
1978611,EAME,2022-07-10,95,retired,0.03460058378269805,0.33223238426382673
1978611,EAME,2022-07-10,50,retired,0.0218362497487228,0.33223238426382673
1978611,EAME,2022-07-10,95,pond,0.10197849726231235,0.6032406105980944
1978611,EAME,2022-07-10,50,pond,0.1168562223138742,0.6032406105980944
1978611,EAME,2022-07-10,95,back_woods,0.14824018836521002,0.7888603706322257
1978611,EAME,2022-07-10,50,back_woods,0.22213590476736497,0.7888603706322257
1978611,EAME,2022-07-10,95,off_field,0.07964471417705762,NA
1978611,EAME,2022-07-10,50,off_field,0.09215795227320736,NA
1978611,EAME,2022-06-22,95,blue_silo,0.1178228777443454,0.2462919844574305
1978611,EAME,2022-06-22,50,blue_silo,0.05511769828620743,0.2462919844574305
1978611,EAME,2022-06-22,95,bobolink,0.35330097323543885,0.8671395694318871
1978611,EAME,2022-06-22,50,bobolink,0.5818955118604715,0.8671395694318871
1978611,EAME,2022-06-22,95,pear_tree,0.0137571546077836,0
1978611,EAME,2022-06-22,95,swale,0.07762395195141913,0.03573593044810237
1978611,EAME,2022-06-22,50,swale,0.00526880363533976,0.03573593044810237
1978611,EAME,2022-06-22,95,underhill,0.01785916184873847,0
1978611,EAME,2022-06-22,95,retired,0.01029200179746802,0
1978611,EAME,2022-06-22,95,front_hay,0.04773894881056859,0
1978611,EAME,2022-06-22,95,entrance,0.01878371725728666,0
1978611,EAME,2022-06-22,95,clydesdale,0.02926189735772107,0
1978611,EAME,2022-06-22,95,pond,0.1235049117124508,0.48938655846098006
1978611,EAME,2022-06-22,50,pond,0.11480146643423744,0.48938655846098006
1978611,EAME,2022-06-22,95,back_woods,0.00916141456633272,0
1978611,EAME,2022-06-22,95,off_field,0.1756055773248294,NA
1978611,EAME,2022-06-22,50,off_field,0.24291651978374393,NA
1978611,EAME,2022-06-29,95,blue_silo,0.2614946668257237,0.6530791246808528
1978611,EAME,2022-06-29,50,blue_silo,0.3237908490656614,0.6530791246808528
1978611,EAME,2022-06-29,95,bobolink,0.4125709092818377,0.6736207672950115
1978611,EAME,2022-06-29,50,bobolink,0.5269264541517158,0.6736207672950115
1978611,EAME,2022-06-29,95,swale,0.08081002364732122,0
1978611,EAME,2022-06-29,95,retired,0.04515952684803414,0.2701476189348735
1978611,EAME,2022-06-29,50,retired,0.02313057664266538,0.2701476189348735
1978611,EAME,2022-06-29,95,front_hay,0.01288394601243839,0
1978611,EAME,2022-06-29,95,pond,0.02751850459822113,0
1978611,EAME,2022-06-29,95,off_field,0.15491145933725595,NA
1978611,EAME,2022-06-29,50,off_field,0.1261521201399574,NA
1978611,EAME,2022-07-19,95,alfalfa,0.02995037168220199,0
1978611,EAME,2022-07-19,95,blue_silo,0.12845420721434314,0.05830518521924329
1978611,EAME,2022-07-19,50,blue_silo,0.01422717836102764,0.05830518521924329
1978611,EAME,2022-07-19,95,swale,0.6890679501628931,0.71008534977864
1978611,EAME,2022-07-19,50,swale,0.9294710485168268,0.71008534977864
1978611,EAME,2022-07-19,95,quarter,0.00682554177720607,0
1978611,EAME,2022-07-19,95,cat_barn,0.03515436464904952,0
1978611,EAME,2022-07-19,95,off_field,0.10757528398207068,NA
1978611,EAME,2022-07-19,50,off_field,0.05630177312214568,NA
1978611,EAME,2022-06-20,95,blue_silo,0.01638700194172146,0
1978611,EAME,2022-06-20,95,bobolink,0.349851100062813,0.8376657374528128
1978611,EAME,2022-06-20,50,bobolink,0.5564646409515153,0.8376657374528128
1978611,EAME,2022-06-20,95,pear_tree,0.01924966637519955,0
1978611,EAME,2022-06-20,95,underhill,0.00949131585255789,0
1978611,EAME,2022-06-20,95,retired,0.01101772623282823,4.154815272559299e-5
1978611,EAME,2022-06-20,95,front_hay,0.10199790060037651,0.1095167544828666
1978611,EAME,2022-06-20,50,front_hay,0.02121071826636038,0.1095167544828666
1978611,EAME,2022-06-20,95,entrance,0.07965076443974081,0.04886121856586006
1978611,EAME,2022-06-20,50,entrance,0.00738988737407543,0.04886121856586006
1978611,EAME,2022-06-20,95,clydesdale,0.25593130667463493,0.7689148111476305
1978611,EAME,2022-06-20,50,clydesdale,0.3736674067740377,0.7689148111476305
1978611,EAME,2022-06-20,95,off_field,0.15103168618962368,NA
1978611,EAME,2022-06-20,50,off_field,0.04126647741888834,NA
1978611,EAME,2022-06-19,95,alfalfa,0.01543463832995053,0
1978611,EAME,2022-06-19,95,blue_silo,0.03572699838002148,0
1978611,EAME,2022-06-19,95,bobolink,0.32027761459666065,0.869036017675986
1978611,EAME,2022-06-19,50,bobolink,0.5285614949014955,0.869036017675986
1978611,EAME,2022-06-19,95,pear_tree,0.02632758311465656,0
1978611,EAME,2022-06-19,95,swale,0.02717401541147769,0
1978611,EAME,2022-06-19,95,underhill,0.01047046044510573,0
1978611,EAME,2022-06-19,95,retired,0.00738476605519517,0
1978611,EAME,2022-06-19,95,front_hay,0.12649008722703323,0.5307438327032716
1978611,EAME,2022-06-19,50,front_hay,0.1274889689471282,0.5307438327032716
1978611,EAME,2022-06-19,95,entrance,0.10009178496069958,0.4045935226140692
1978611,EAME,2022-06-19,50,entrance,0.07690392756427446,0.4045935226140692
1978611,EAME,2022-06-19,95,clydesdale,0.1495211798917911,0.7432589530682154
1978611,EAME,2022-06-19,50,clydesdale,0.21104449350620255,0.7432589530682154
1978611,EAME,2022-06-19,95,pond,0.0213658984122628,0
1978611,EAME,2022-06-19,95,back_woods,0.012090753299438,0
1978611,EAME,2022-06-19,95,off_field,0.14643886065760503,NA
1978611,EAME,2022-06-19,50,off_field,0.05600111508089931,NA
1978611,EAME,2022-07-12,95,blue_silo,0.3534444980248932,0.5759009961516591
1978611,EAME,2022-07-12,50,blue_silo,0.38661269449582586,0.5759009961516591
1978611,EAME,2022-07-12,95,horse,0.00888581260004162,0
1978611,EAME,2022-07-12,95,swale,0.5026915558767934,0.5447141157416134
1978611,EAME,2022-07-12,50,swale,0.5200885284059856,0.5447141157416134
1978611,EAME,2022-07-12,95,quarter,0.01335368465301093,0
1978611,EAME,2022-07-12,95,pond,0.02697364803810682,0
1978611,EAME,2022-07-12,95,off_field,0.08972252896085485,NA
1978611,EAME,2022-07-12,50,off_field,0.09329877709818846,NA
1978611,EAME,2022-06-16,95,blue_silo,0.2224385155420172,0.5013662805465767
1978611,EAME,2022-06-16,50,blue_silo,0.2118166045763895,0.5013662805465767
1978611,EAME,2022-06-16,95,bobolink,0.10293112500927992,0
1978611,EAME,2022-06-16,95,underhill,0.3207709434966691,0.5072615028957433
1978611,EAME,2022-06-16,50,underhill,0.3090450682095321,0.5072615028957433
1978611,EAME,2022-06-16,95,retired,0.23521647026169948,0.8396319817633483
1978611,EAME,2022-06-16,50,retired,0.3751039115216976,0.8396319817633483
1978611,EAME,2022-06-16,95,front_hay,0.03446810157009002,0
1978611,EAME,2022-06-16,95,off_field,0.08234507270500456,NA
1978611,EAME,2022-06-16,50,off_field,0.1040344156923808,NA
1978611,EAME,2022-07-17,95,alfalfa,0.0074450970240914896,0
1978611,EAME,2022-07-17,95,blue_silo,0.25627791009766854,0.5651247600607359
1978611,EAME,2022-07-17,50,blue_silo,0.27515467461605275,0.5651247600607359
1978611,EAME,2022-07-17,95,bobolink,0.01227851038539886,0
1978611,EAME,2022-07-17,95,frog,0.01586017034651474,0
1978611,EAME,2022-07-17,95,pear_tree,0.02101583287969467,0.00453189644787623
1978611,EAME,2022-07-17,95,swale,0.3096891565489309,0.7477249581735307
1978611,EAME,2022-07-17,50,swale,0.4399357575446988,0.7477249581735307
1978611,EAME,2022-07-17,95,underhill,0.00748130965896241,0
1978611,EAME,2022-07-17,95,wheat,0.0745277055117187,0
1978611,EAME,2022-07-17,95,quarter,0.03170670574142997,0
1978611,EAME,2022-07-17,95,retired,0.05753531959984693,0.7793668390694427
1978611,EAME,2022-07-17,50,retired,0.08519180877541642,0.7793668390694427
1978611,EAME,2022-07-17,95,donkey,0.00569601999291648,1
1978611,EAME,2022-07-17,50,donkey,0.01082163523486582,1
1978611,EAME,2022-07-17,95,cat_barn,0.0429244278979105,0.5178354608179492
1978611,EAME,2022-07-17,50,cat_barn,0.04222967010388404,0.5178354608179492
1978611,EAME,2022-07-17,95,off_field,0.14787548860254748,NA
1978611,EAME,2022-07-17,50,off_field,0.14648550814875583,NA
1978611,EAME,2022-07-05,95,alfalfa,0.01065566433937222,0
1978611,EAME,2022-07-05,95,blue_silo,0.23467244981044436,0.5147602051965079
1978611,EAME,2022-07-05,50,blue_silo,0.22938650996969215,0.5147602051965079
1978611,EAME,2022-07-05,95,bobolink,0.18506174182339244,0.6364771879775072
1978611,EAME,2022-07-05,50,bobolink,0.22366616408636125,0.6364771879775072
1978611,EAME,2022-07-05,95,swale,0.32326845303176927,0.6160291711104051
1978611,EAME,2022-07-05,50,swale,0.3781511316212902,0.6160291711104051
1978611,EAME,2022-07-05,95,underhill,0.01347355694321161,0.04989566926427647
1978611,EAME,2022-07-05,95,retired,0.05051525410151698,0.7675797161042908
1978611,EAME,2022-07-05,50,retired,0.07362864920691822,0.7675797161042908
1978611,EAME,2022-07-05,95,front_hay,0.02316237253979963,0.19932093467501957
1978611,EAME,2022-07-05,50,front_hay,0.00876671239083723,0.19932093467501957
1978611,EAME,2022-07-05,95,pond,0.04623925302495312,2.369451254895308e-8
1978611,EAME,2022-07-05,95,back_woods,0.01451692394464047,0
1978611,EAME,2022-07-05,95,off_field,0.0984343304408999,NA
1978611,EAME,2022-07-05,50,off_field,0.08512425687671035,NA
1978611,EAME,2022-06-15,95,blue_silo,0.13777266481297484,0.3101889644886803
1978611,EAME,2022-06-15,50,blue_silo,0.08116703233653383,0.3101889644886803
1978611,EAME,2022-06-15,95,bobolink,0.1904886065491637,0.4888139615639654
1978611,EAME,2022-06-15,50,bobolink,0.17684910751219804,0.4888139615639654
1978611,EAME,2022-06-15,95,pear_tree,0.03093043453582737,0.11161510503005076
1978611,EAME,2022-06-15,50,pear_tree,0.00655691055577667,0.11161510503005076
1978611,EAME,2022-06-15,95,swale,0.0119520200414593,0
1978611,EAME,2022-06-15,95,underhill,0.3035608900523618,0.7521718720098566
1978611,EAME,2022-06-15,50,underhill,0.4336638009236411,0.7521718720098566
1978611,EAME,2022-06-15,95,retired,0.12248438390546366,0.8189183754900398
1978611,EAME,2022-06-15,50,retired,0.19050729214861584,0.8189183754900398
1978611,EAME,2022-06-15,95,front_hay,0.07450797274456952,0.08611787453720023
1978611,EAME,2022-06-15,50,front_hay,0.0121867054742712,0.08611787453720023
1978611,EAME,2022-06-15,95,pond,0.01676129973473401,0
1978611,EAME,2022-06-15,95,off_field,0.11107317354292452,NA
1978611,EAME,2022-06-15,50,off_field,0.0990691510489633,NA
1978611,EAME,2022-06-18,95,alfalfa,0.01256195941973699,0
1978611,EAME,2022-06-18,95,blue_silo,0.06394017823493517,0.18699753263636384
1978611,EAME,2022-06-18,50,blue_silo,0.02271731617355596,0.18699753263636384
1978611,EAME,2022-06-18,95,bobolink,0.3478846956247266,0.9883548540190792
1978611,EAME,2022-06-18,50,bobolink,0.6532742298508314,0.9883548540190792
1978611,EAME,2022-06-18,95,pear_tree,0.03239528606462116,0
1978611,EAME,2022-06-18,95,swale,0.05858871466299076,0.06277901918670384
1978611,EAME,2022-06-18,50,swale,0.00698836854797835,0.06277901918670384
1978611,EAME,2022-06-18,95,underhill,0.03314285966265377,0
1978611,EAME,2022-06-18,95,retired,0.01755631432344769,0.02003514471918812
1978611,EAME,2022-06-18,95,front_hay,0.12743480392070888,0.4928172522651383
1978611,EAME,2022-06-18,50,front_hay,0.11932220265264118,0.4928172522651383
1978611,EAME,2022-06-18,95,entrance,0.05174450797781505,0.05980136383852872
1978611,EAME,2022-06-18,50,entrance,0.00587925983203818,0.05980136383852872
1978611,EAME,2022-06-18,95,clydesdale,0.03373157767110635,0.1513391128739313
1978611,EAME,2022-06-18,50,clydesdale,0.00969918273842166,0.1513391128739313
1978611,EAME,2022-06-18,95,pond,0.0347371822552131,0.22744204072720844
1978611,EAME,2022-06-18,50,pond,0.01501110401851407,0.22744204072720844
1978611,EAME,2022-06-18,95,piano,0.00522829504101258,0
1978611,EAME,2022-06-18,95,off_field,0.17971750734585798,NA
1978611,EAME,2022-06-18,50,off_field,0.16644003360985243,NA
1978611,EAME,2022-06-26,95,blue_silo,0.20731996685229875,0.7345608984925611
1978611,EAME,2022-06-26,50,blue_silo,0.2892776092795057,0.7345608984925611
1978611,EAME,2022-06-26,95,bobolink,0.39055155616501264,0.6134627431111128
1978611,EAME,2022-06-26,50,bobolink,0.45510588044709216,0.6134627431111128
1978611,EAME,2022-06-26,95,swale,0.03447855223150509,0
1978611,EAME,2022-06-26,95,retired,0.05596424530365371,0.6770028542007233
1978611,EAME,2022-06-26,50,retired,0.07196925936920727,0.6770028542007233
1978611,EAME,2022-06-26,95,front_hay,0.01147179879867584,0
1978611,EAME,2022-06-26,95,clydesdale,0.09620238732304054,0.28985123561668413
1978611,EAME,2022-06-26,50,clydesdale,0.05296718442615768,0.28985123561668413
1978611,EAME,2022-06-26,95,pond,0.01657733846172314,0
1978611,EAME,2022-06-26,95,off_field,0.18246626172009597,NA
1978611,EAME,2022-06-26,50,off_field,0.1306800664780372,NA
1978611,EAME,2022-07-08,95,alfalfa,0.09559154862709232,0.4669366595998289
1978611,EAME,2022-07-08,50,alfalfa,0.08476460732450668,0.4669366595998289
1978611,EAME,2022-07-08,95,blue_silo,0.05462671672327077,0
1978611,EAME,2022-07-08,95,bobolink,0.0171549333710382,0
1978611,EAME,2022-07-08,95,swale,0.4736224118485185,0.5875863618376095
1978611,EAME,2022-07-08,50,swale,0.5284951875928533,0.5875863618376095
1978611,EAME,2022-07-08,95,pond,0.1486875886589042,0.6237125028894844
1978611,EAME,2022-07-08,50,pond,0.17611496193652465,0.6237125028894844
1978611,EAME,2022-07-08,95,back_woods,0.15637694228794624,0.5387592850298311
1978611,EAME,2022-07-08,50,back_woods,0.1599943217771193,0.5387592850298311
1978611,EAME,2022-07-08,95,off_field,0.05393985848322971,NA
1978611,EAME,2022-07-08,50,off_field,0.05063092136899606,NA
1978611,EAME,2022-07-13,95,alfalfa,0.01015990885093854,0
1978611,EAME,2022-07-13,95,blue_silo,0.07518693220820344,0
1978611,EAME,2022-07-13,95,horse,0.00538223831629664,0
1978611,EAME,2022-07-13,95,swale,0.6431573943069832,0.7321871144370826
1978611,EAME,2022-07-13,50,swale,0.8933783690460753,0.7321871144370826
1978611,EAME,2022-07-13,95,quarter,0.02568351523910791,0
1978611,EAME,2022-07-13,95,cat_barn,0.08464022079771442,0.08996239659782648
1978611,EAME,2022-07-13,50,cat_barn,0.01444554356673294,0.08996239659782648
1978611,EAME,2022-07-13,95,gi,0.02017339970361381,0
1978611,EAME,2022-07-13,95,off_field,0.13228280219280553,NA
1978611,EAME,2022-07-13,50,off_field,0.09217608738719182,NA
1978611,EAME,2022-07-15,95,alfalfa,0.03977438064905343,0.01666036472650604
1978611,EAME,2022-07-15,95,blue_silo,0.18146254284979144,0.33074759836824236
1978611,EAME,2022-07-15,50,blue_silo,0.11391926141524752,0.33074759836824236
1978611,EAME,2022-07-15,95,swale,0.44327646689917305,0.8040818299687327
1978611,EAME,2022-07-15,50,swale,0.6765320767927298,0.8040818299687327
1978611,EAME,2022-07-15,95,quarter,0.03033773362274153,0
1978611,EAME,2022-07-15,95,cat_barn,0.07721519548959137,0.4501244594243464
1978611,EAME,2022-07-15,50,cat_barn,0.06597036044608667,0.4501244594243464
1978611,EAME,2022-07-15,95,gi,0.05722188122639922,0.02802759070153951
1978611,EAME,2022-07-15,95,appendix,0.00780327387304652,0
1978611,EAME,2022-07-15,95,off_field,0.14589214749774496,NA
1978611,EAME,2022-07-15,50,off_field,0.1392764136742266,NA
1978611,EAME,2022-06-11,95,alfalfa,0.01180819967476243,0
1978611,EAME,2022-06-11,95,blue_silo,0.06216943112170977,0
1978611,EAME,2022-06-11,95,swale,0.9089310550164116,0.5791658785926674
1978611,EAME,2022-06-11,50,swale,0.9999999871848056,0.5791658785926674
1978611,EAME,2022-06-11,95,off_field,0.01709131418711618,NA
1978611,EAME,2022-06-11,50,off_field,1.2815194453789762e-8,NA
1978611,EAME,2022-06-23,95,blue_silo,0.112441223862387,0.20463253805175652
1978611,EAME,2022-06-23,50,blue_silo,0.04370415521517971,0.20463253805175652
1978611,EAME,2022-06-23,95,bobolink,0.31999219914553045,0.6568899143588866
1978611,EAME,2022-06-23,50,bobolink,0.3992587659392563,0.6568899143588866
1978611,EAME,2022-06-23,95,swale,0.28908123349245746,0.5963207530980411
1978611,EAME,2022-06-23,50,swale,0.3274328875799063,0.5963207530980411
1978611,EAME,2022-06-23,95,front_hay,0.01190654321861803,0
1978611,EAME,2022-06-23,95,pond,0.08072894402796908,0.06174264398821419
1978611,EAME,2022-06-23,50,pond,0.00946753610534171,0.06174264398821419
1978611,EAME,2022-06-23,95,off_field,0.1843692270465427,NA
1978611,EAME,2022-06-23,50,off_field,0.220136655160316,NA
1978611,EAME,2022-06-27,95,blue_silo,0.18829258891633363,0.5868670114179528
1978611,EAME,2022-06-27,50,blue_silo,0.20978338557498724,0.5868670114179528
1978611,EAME,2022-06-27,95,bobolink,0.4913822222302553,0.7277826855990668
1978611,EAME,2022-06-27,50,bobolink,0.6789211286653982,0.7277826855990668
1978611,EAME,2022-06-27,95,swale,0.04903560221994894,0
1978611,EAME,2022-06-27,95,retired,0.0334468360373385,0.352784348067628
1978611,EAME,2022-06-27,50,retired,0.02240074772303719,0.352784348067628
1978611,EAME,2022-06-27,95,front_hay,0.03448786556881503,0
1978611,EAME,2022-06-27,95,clydesdale,0.07703741225591276,0
1978611,EAME,2022-06-27,95,pond,0.00844760628586854,0
1978611,EAME,2022-06-27,95,off_field,0.11318005118071528,NA
1978611,EAME,2022-06-27,50,off_field,0.08889473803657737,NA
1978611,EAME,2022-07-20,95,blue_silo,0.17565236935423303,0.09787606403692133
1978611,EAME,2022-07-20,50,blue_silo,0.03264137226109177,0.09787606403692133
1978611,EAME,2022-07-20,95,bobolink,0.00588477696458427,0
1978611,EAME,2022-07-20,95,frog,0.20477189348429228,0.8629765289988042
1978611,EAME,2022-07-20,50,frog,0.3355113603617407,0.8629765289988042
1978611,EAME,2022-07-20,95,swale,0.14052822814056976,0.2951888559737493
1978611,EAME,2022-07-20,50,swale,0.07875922392671832,0.2951888559737493
1978611,EAME,2022-07-20,95,wheat,0.3256471799404857,0.7286714496308371
1978611,EAME,2022-07-20,50,wheat,0.4505230077859347,0.7286714496308371
1978611,EAME,2022-07-20,95,cattle,0.09712454468356516,0.4964795048785676
1978611,EAME,2022-07-20,50,cattle,0.09155208106967068,0.4964795048785676
1978611,EAME,2022-07-20,95,off_field,0.03887528561273955,NA
1978611,EAME,2022-07-20,50,off_field,0.0110129545948439,NA
1978611,EAME,2022-06-28,95,blue_silo,0.22771504441972343,0.5997049528476246
1978611,EAME,2022-06-28,50,blue_silo,0.25921980079446216,0.5997049528476246
1978611,EAME,2022-06-28,95,bobolink,0.4687930180082634,0.6819337524450739
1978611,EAME,2022-06-28,50,bobolink,0.6068231411700665,0.6819337524450739
1978611,EAME,2022-06-28,95,swale,0.02705818258130719,0
1978611,EAME,2022-06-28,95,retired,0.0429473327842897,0.4441974909834797
1978611,EAME,2022-06-28,50,retired,0.03621188324675074,0.4441974909834797
1978611,EAME,2022-06-28,95,front_hay,0.04173889202149304,0
1978611,EAME,2022-06-28,95,clydesdale,0.0663962290854011,0
1978611,EAME,2022-06-28,95,off_field,0.11533126800394572,NA
1978611,EAME,2022-06-28,50,off_field,0.09774517478872057,NA
1978611,EAME,2022-07-01,95,blue_silo,0.25307989451815666,0.6203293521869979
1978611,EAME,2022-07-01,50,blue_silo,0.2980808955773908,0.6203293521869979
1978611,EAME,2022-07-01,95,bobolink,0.42608105890520453,0.5836231173135924
1978611,EAME,2022-07-01,50,bobolink,0.47214878972306373,0.5836231173135924
1978611,EAME,2022-07-01,95,swale,0.05867247161046554,0
1978611,EAME,2022-07-01,95,retired,0.07221121260239322,0.5640739919323663
1978611,EAME,2022-07-01,50,retired,0.07733834608445307,0.5640739919323663
1978611,EAME,2022-07-01,95,front_hay,0.01654907942917967,0
1978611,EAME,2022-07-01,95,pond,0.00933036962539263,0
1978611,EAME,2022-07-01,95,off_field,0.15993263042572106,NA
1978611,EAME,2022-07-01,50,off_field,0.15243196861509237,NA
1978611,EAME,2022-07-16,95,alfalfa,0.10885528791999496,0.5429986683422989
1978611,EAME,2022-07-16,50,alfalfa,0.11222346226729732,0.5429986683422989
1978611,EAME,2022-07-16,95,blue_silo,0.04910988537399102,0
1978611,EAME,2022-07-16,95,horse,0.00529756972774989,0
1978611,EAME,2022-07-16,95,swale,0.48393559984774626,0.7501066077979581
1978611,EAME,2022-07-16,50,swale,0.6892010500965314,0.7501066077979581
1978611,EAME,2022-07-16,95,quarter,0.01527017192263665,0
1978611,EAME,2022-07-16,95,cat_barn,0.07014202476924948,0.2360267647499892
1978611,EAME,2022-07-16,50,cat_barn,0.03143221017305848,0.2360267647499892
1978611,EAME,2022-07-16,95,gi,0.09339216415736318,0.13762137681438774
1978611,EAME,2022-07-16,50,gi,0.02440235301799917,0.13762137681438774
1978611,EAME,2022-07-16,95,appendix,0.00977288137184961,0
1978611,EAME,2022-07-16,95,off_field,0.15947960351957408,NA
1978611,EAME,2022-07-16,50,off_field,0.14274092444511363,NA
1978611,EAME,2022-06-13,95,alfalfa,0.01333707293679444,0
1978611,EAME,2022-06-13,95,blue_silo,0.24453515138243373,0.7100407863202216
1978611,EAME,2022-06-13,50,blue_silo,0.3298451276763883,0.7100407863202216
1978611,EAME,2022-06-13,95,bobolink,0.02407452726843774,0
1978611,EAME,2022-06-13,95,pear_tree,0.0325748058208806,0
1978611,EAME,2022-06-13,95,swale,0.1893730818594106,0.585502310559391
1978611,EAME,2022-06-13,50,swale,0.21063587462765895,0.585502310559391
1978611,EAME,2022-06-13,95,underhill,0.3061641509969516,0.739113305851734
1978611,EAME,2022-06-13,50,underhill,0.42988356158031765,0.739113305851734
1978611,EAME,2022-06-13,95,retired,0.04231277075678509,0.08537990585188915
1978611,EAME,2022-06-13,50,retired,0.0068629781595213,0.08537990585188915
1978611,EAME,2022-06-13,95,front_hay,0.047990763271342,0
1978611,EAME,2022-06-13,95,off_field,0.09798699834821732,NA
1978611,EAME,2022-06-13,50,off_field,0.02277245795611378,NA
1978611,EAME,2022-07-04,95,alfalfa,0.01891071932111624,0
1978611,EAME,2022-07-04,95,blue_silo,0.193322997744723,0.5454705425541939
1978611,EAME,2022-07-04,50,blue_silo,0.20021585687144416,0.5454705425541939
1978611,EAME,2022-07-04,95,bobolink,0.27382537124846656,0.6492412744403399
1978611,EAME,2022-07-04,50,bobolink,0.33753860717513434,0.6492412744403399
1978611,EAME,2022-07-04,95,swale,0.2407973428192912,0.5385672343475818
1978611,EAME,2022-07-04,50,swale,0.24622676853807185,0.5385672343475818
1978611,EAME,2022-07-04,95,retired,0.01280589606806338,0
1978611,EAME,2022-07-04,95,pond,0.06545733213198272,0.03653053022449706
1978611,EAME,2022-07-04,95,piano,0.00529375851386636,0
1978611,EAME,2022-07-04,95,off_field,0.1828160879365762,NA
1978611,EAME,2022-07-04,50,off_field,0.21147874576695316,NA
1978611,EAME,2022-07-14,95,alfalfa,0.08630959807267521,0.3070712300467123
1978611,EAME,2022-07-14,50,alfalfa,0.05032052959503015,0.3070712300467123
1978611,EAME,2022-07-14,95,blue_silo,0.17212605403348563,0.34757824476883803
1978611,EAME,2022-07-14,50,blue_silo,0.1135915900411853,0.34757824476883803
1978611,EAME,2022-07-14,95,swale,0.3912436224666985,0.8254669321237822
1978611,EAME,2022-07-14,50,swale,0.6131884020182627,0.8254669321237822
1978611,EAME,2022-07-14,95,cat_barn,0.09805987222339642,0.40774844383338305
1978611,EAME,2022-07-14,50,cat_barn,0.07591552775840199,0.40774844383338305
1978611,EAME,2022-07-14,95,gi,0.10945367866377852,0.04770259821495798
1978611,EAME,2022-07-14,50,gi,0.00991332574857202,0.04770259821495798
1978611,EAME,2022-07-14,95,off_field,0.13916315238849122,NA
1978611,EAME,2022-07-14,50,off_field,0.13707062483854782,NA
1978611,EAME,2022-06-12,95,alfalfa,0.08502246041582091,0.17314076774398562
1978611,EAME,2022-06-12,50,alfalfa,0.02796611314008798,0.17314076774398562
1978611,EAME,2022-06-12,95,blue_silo,0.24738126434365343,0.5853212461968037
1978611,EAME,2022-06-12,50,blue_silo,0.27508074771826685,0.5853212461968037
1978611,EAME,2022-06-12,95,bobolink,0.04415513479005557,0
1978611,EAME,2022-06-12,95,pear_tree,0.0434724539913727,0
1978611,EAME,2022-06-12,95,swale,0.4256764829993024,0.8155256996334188
1978611,EAME,2022-06-12,50,swale,0.6595024480665045,0.8155256996334188
1978611,EAME,2022-06-12,95,underhill,0.03685908200370472,0
1978611,EAME,2022-06-12,95,retired,0.02679724767007882,0
1978611,EAME,2022-06-12,95,front_hay,0.01772736522847224,0
1978611,EAME,2022-06-12,95,piano,0.00508436291673891,0
1978611,EAME,2022-06-12,95,off_field,0.06531734582305189,NA
1978611,EAME,2022-06-12,50,off_field,0.03745069107514062,NA
1978611,EAME,2022-06-14,95,blue_silo,0.09963513930648962,0.05083338242257682
1978611,EAME,2022-06-14,50,blue_silo,0.00961920610951363,0.05083338242257682
1978611,EAME,2022-06-14,95,bobolink,0.1745676138919124,0.2893613817609116
1978611,EAME,2022-06-14,50,bobolink,0.09593607249799777,0.2893613817609116
1978611,EAME,2022-06-14,95,pear_tree,0.00787270154998191,0
1978611,EAME,2022-06-14,95,underhill,0.5168802117787283,0.7505736761286513
1978611,EAME,2022-06-14,50,underhill,0.7368191837469267,0.7505736761286513
1978611,EAME,2022-06-14,95,retired,0.08448887709708215,0.5162867213634577
1978611,EAME,2022-06-14,50,retired,0.08284535879910078,0.5162867213634577
1978611,EAME,2022-06-14,95,front_hay,0.0347775560612593,0
1978611,EAME,2022-06-14,95,off_field,0.08177790031454632,NA
1978611,EAME,2022-06-14,50,off_field,0.07478017884646115,NA
1978611,EAME,2022-06-24,95,blue_silo,0.07621279918110849,0.3887139053154995
1978611,EAME,2022-06-24,50,blue_silo,0.05627584041072985,0.3887139053154995
1978611,EAME,2022-06-24,95,bobolink,0.1963272841264717,0.5636365522510715
1978611,EAME,2022-06-24,50,bobolink,0.21020537083726057,0.5636365522510715
1978611,EAME,2022-06-24,95,swale,0.11122727112180396,0.2997881518578253
1978611,EAME,2022-06-24,50,swale,0.06334170462832817,0.2997881518578253
1978611,EAME,2022-06-24,95,clydesdale,0.30356073749019696,0.753728316133371
1978611,EAME,2022-06-24,50,clydesdale,0.43463473398651553,0.753728316133371
1978611,EAME,2022-06-24,95,pond,0.06298817897008266,0.43025705153000215
1978611,EAME,2022-06-24,50,pond,0.05148148304246975,0.43025705153000215
1978611,EAME,2022-06-24,95,off_field,0.24950762973124155,NA
1978611,EAME,2022-06-24,50,off_field,0.18406086709469613,NA
1978611,EAME,2022-07-18,95,alfalfa,0.09446660714916906,0.5352624578643278
1978611,EAME,2022-07-18,50,alfalfa,0.09601388190771648,0.5352624578643278
1978611,EAME,2022-07-18,95,blue_silo,0.11815303408804873,0.1244323759839296
1978611,EAME,2022-07-18,50,blue_silo,0.02791690056463756,0.1244323759839296
1978611,EAME,2022-07-18,95,swale,0.4782590256988064,0.697051096260024
1978611,EAME,2022-07-18,50,swale,0.6330189579195814,0.697051096260024
1978611,EAME,2022-07-18,95,quarter,0.01164452349081919,0
1978611,EAME,2022-07-18,95,cat_barn,0.0572217729181045,0.1689015272078414
1978611,EAME,2022-07-18,50,cat_barn,0.01835201744296847,0.1689015272078414
1978611,EAME,2022-07-18,95,gi,0.07448631932938161,0.26774569669446474
1978611,EAME,2022-07-18,50,gi,0.0378693578877737,0.26774569669446474
1978611,EAME,2022-07-18,95,off_field,0.163545655703834,NA
1978611,EAME,2022-07-18,50,off_field,0.1868288842773224,NA
1978611,EAME,2022-06-17,95,blue_silo,0.02930920492790755,0
1978611,EAME,2022-06-17,95,bobolink,0.03888598686876932,0
1978611,EAME,2022-06-17,95,pear_tree,0.00640925673215519,0
1978611,EAME,2022-06-17,95,underhill,0.6245956530994261,0.5927152292636262
1978611,EAME,2022-06-17,50,underhill,0.7031022227027361,0.5927152292636262
1978611,EAME,2022-06-17,95,retired,0.1843825354861488,0.4442966635867271
1978611,EAME,2022-06-17,50,retired,0.1555844761675755,0.4442966635867271
1978611,EAME,2022-06-17,95,off_field,0.11300000268225724,NA
1978611,EAME,2022-06-17,50,off_field,0.1413133011296884,NA
1978611,EAME,2022-06-21,95,blue_silo,0.06250904153650161,0
1978611,EAME,2022-06-21,95,bobolink,0.21067161979138813,0.36996865448355537
1978611,EAME,2022-06-21,50,bobolink,0.14795065797883733,0.36996865448355537
1978611,EAME,2022-06-21,95,swale,0.5212344748304838,0.8181537659339587
1978611,EAME,2022-06-21,50,swale,0.8094946870578736,0.8181537659339587
1978611,EAME,2022-06-21,95,clydesdale,0.03074247294718257,0
1978611,EAME,2022-06-21,95,pond,0.06119013013568113,0.19820884700006008
1978611,EAME,2022-06-21,50,pond,0.02302238691538785,0.19820884700006008
1978611,EAME,2022-06-21,95,off_field,0.11211637842385976,NA
1978611,EAME,2022-06-21,50,off_field,0.01953226804790118,NA
1978611,EAME,2022-06-30,95,blue_silo,0.2608374622720543,0.6511726957687852
1978611,EAME,2022-06-30,50,blue_silo,0.32226615477035103,0.6511726957687852
1978611,EAME,2022-06-30,95,bobolink,0.4556648568889889,0.6066761424702078
1978611,EAME,2022-06-30,50,bobolink,0.5245066521943009,0.6066761424702078
1978611,EAME,2022-06-30,95,swale,0.02393625520272426,0
1978611,EAME,2022-06-30,95,underhill,0.00978280976162261,0
1978611,EAME,2022-06-30,95,retired,0.06720458655890223,0.4543236624033356
1978611,EAME,2022-06-30,50,retired,0.05793123930329378,0.4543236624033356
1978611,EAME,2022-06-30,95,front_hay,0.02146980777572202,0
1978611,EAME,2022-06-30,95,clydesdale,0.01413345269102739,0
1978611,EAME,2022-06-30,95,pond,0.0097691302742311,0
1978611,EAME,2022-06-30,95,off_field,0.13559975273239333,NA
1978611,EAME,2022-06-30,50,off_field,0.09529595373205428,NA
1978611,EAME,2022-07-09,95,alfalfa,0.06655016730696688,0.3237995188045684
1978611,EAME,2022-07-09,50,alfalfa,0.04091471456774722,0.3237995188045684
1978611,EAME,2022-07-09,95,blue_silo,0.06152732559645078,0
1978611,EAME,2022-07-09,95,swale,0.4657969604464037,0.5988905648893879
1978611,EAME,2022-07-09,50,swale,0.5296613662796033,0.5988905648893879
1978611,EAME,2022-07-09,95,pond,0.1523024980592985,0.6756291858373882
1978611,EAME,2022-07-09,50,pond,0.19537527564793075,0.6756291858373882
1978611,EAME,2022-07-09,95,back_woods,0.19226615732167135,0.46042249502144794
1978611,EAME,2022-07-09,50,back_woods,0.16807903870701613,0.46042249502144794
1978611,EAME,2022-07-09,95,off_field,0.05567820738999838,NA
1978611,EAME,2022-07-09,50,off_field,0.06596960479770268,NA
1E2A192A,EAME,2024-05-13,95,blue_silo,0.02319961122319619,0
1E2A192A,EAME,2024-05-13,95,frog,0.01250055681648013,0
1E2A192A,EAME,2024-05-13,95,horse,0.19165811457063708,0.5199413176073553
1E2A192A,EAME,2024-05-13,50,horse,0.1892471255462809,0.5199413176073553
1E2A192A,EAME,2024-05-13,95,swale,0.00580654090903521,0
1E2A192A,EAME,2024-05-13,95,wheat,0.02964164676029985,0
1E2A192A,EAME,2024-05-13,95,quarter,0.40852276024287143,0.8611789660628241
1E2A192A,EAME,2024-05-13,50,quarter,0.6681245365829943,0.8611789660628241
1E2A192A,EAME,2024-05-13,95,cat_barn,0.04265780373135607,0
1E2A192A,EAME,2024-05-13,95,gi,0.02736623694025808,0
1E2A192A,EAME,2024-05-13,95,native_ws,0.01340997579402829,0
1E2A192A,EAME,2024-05-13,95,cattle,0.05885270981816578,0
1E2A192A,EAME,2024-05-13,95,wish_well,0.04438157015169485,0
1E2A192A,EAME,2024-05-13,95,off_field,0.13398851660311814,NA
1E2A192A,EAME,2024-05-13,50,off_field,0.14262833787072482,NA
1E2A192A,EAME,2024-05-15,95,horse,0.30883565818223696,0.4178092555439103
1E2A192A,EAME,2024-05-15,50,horse,0.24513502826079311,0.4178092555439103
1E2A192A,EAME,2024-05-15,95,wheat,0.02369351561807322,0
1E2A192A,EAME,2024-05-15,95,quarter,0.5795792454307545,0.6817683867116722
1E2A192A,EAME,2024-05-15,50,quarter,0.7506708701863349,0.6817683867116722
1E2A192A,EAME,2024-05-15,95,cat_barn,0.01870492131378998,0
1E2A192A,EAME,2024-05-15,95,wish_well,0.00688261666101183,0
1E2A192A,EAME,2024-05-15,95,off_field,0.06048453980297744,NA
1E2A192A,EAME,2024-05-15,50,off_field,0.00419410155287188,NA
1E2A192A,EAME,2024-06-05,95,frog,0.13671500493537245,0.7554060997851952
1E2A192A,EAME,2024-06-05,50,frog,0.19615001875440283,0.7554060997851952
1E2A192A,EAME,2024-06-05,95,horse,0.24686155388589023,0.7699797905566783
1E2A192A,EAME,2024-06-05,50,horse,0.3610143532881416,0.7699797905566783
1E2A192A,EAME,2024-06-05,95,wheat,0.04130606528385461,0.1343202767088492
1E2A192A,EAME,2024-06-05,50,wheat,0.01053773054025199,0.1343202767088492
1E2A192A,EAME,2024-06-05,95,quarter,0.12567123419945084,0.26381958959618
1E2A192A,EAME,2024-06-05,50,quarter,0.06297013216177082,0.26381958959618
1E2A192A,EAME,2024-06-05,95,cat_barn,0.01253207894552195,0
1E2A192A,EAME,2024-06-05,95,native_ws,0.02329411704477702,0
1E2A192A,EAME,2024-06-05,95,cattle,0.32601846000290297,0.5869360537371294
1E2A192A,EAME,2024-06-05,50,cattle,0.3634332548114891,0.5869360537371294
1E2A192A,EAME,2024-06-05,95,wish_well,0.05860067450541226,0.1039494052080596
1E2A192A,EAME,2024-06-05,50,wish_well,0.01156954574753735,0.1039494052080596
1E2A192A,EAME,2024-06-05,95,off_field,0.02794219621046289,NA
1E2A192A,EAME,2024-06-05,50,off_field,0,NA
1E2A192A,EAME,2024-06-07,95,frog,0.11621855918899689,0.4311948691618008
1E2A192A,EAME,2024-06-07,50,frog,0.09512817248929402,0.4311948691618008
1E2A192A,EAME,2024-06-07,95,horse,0.41547257469610255,0.7621202052158401
1E2A192A,EAME,2024-06-07,50,horse,0.6010711995369021,0.7621202052158401
1E2A192A,EAME,2024-06-07,95,wheat,0.01061888545609909,0
1E2A192A,EAME,2024-06-07,95,quarter,0.15360170753849714,0.07777609706008491
1E2A192A,EAME,2024-06-07,50,quarter,0.02267787052387807,0.07777609706008491
1E2A192A,EAME,2024-06-07,95,cat_barn,0.01076350071303248,0
1E2A192A,EAME,2024-06-07,95,native_ws,0.01351792957246629,0
1E2A192A,EAME,2024-06-07,95,cattle,0.08929868370610475,0.10979921625152406
1E2A192A,EAME,2024-06-07,50,cattle,0.01861248580308365,0.10979921625152406
1E2A192A,EAME,2024-06-07,95,wish_well,0.18660878922916105,0.7980687253649555
1E2A192A,EAME,2024-06-07,50,wish_well,0.2827043357626102,0.7980687253649555
1E2A192A,EAME,2024-06-07,95,off_field,0,NA
1E2A192A,EAME,2024-06-07,50,off_field,0,NA
1E2A192A,EAME,2024-05-16,95,frog,0.08125337473622268,0.06456443450462575
1E2A192A,EAME,2024-05-16,50,frog,0.00996467323407652,0.06456443450462575
1E2A192A,EAME,2024-05-16,95,horse,0.24551275077696713,0.3943128389016689
1E2A192A,EAME,2024-05-16,50,horse,0.1838837164419612,0.3943128389016689
1E2A192A,EAME,2024-05-16,95,wheat,0.07008841708346794,0.33939107793594625
1E2A192A,EAME,2024-05-16,50,wheat,0.0451829908499194,0.33939107793594625
1E2A192A,EAME,2024-05-16,95,quarter,0.519364841535245,0.7667144994419203
1E2A192A,EAME,2024-05-16,50,quarter,0.7563704011207182,0.7667144994419203
1E2A192A,EAME,2024-05-16,95,cat_barn,0.00522372504672252,0
1E2A192A,EAME,2024-05-16,95,cattle,0.03598461138731308,0
1E2A192A,EAME,2024-05-16,95,wish_well,0.00949765181375278,0
1E2A192A,EAME,2024-05-16,95,off_field,0.03307462762030887,NA
1E2A192A,EAME,2024-05-16,50,off_field,0.00459821835332464,NA
1E2A192A,EAME,2024-05-22,95,frog,0.08397650044688897,0
1E2A192A,EAME,2024-05-22,95,horse,0.34318028711622617,0.6314457902565589
1E2A192A,EAME,2024-05-22,50,horse,0.4117272133604282,0.6314457902565589
1E2A192A,EAME,2024-05-22,95,wheat,0.06679827339815528,0
1E2A192A,EAME,2024-05-22,95,quarter,0.4503055999956108,0.6838445432361512
1E2A192A,EAME,2024-05-22,50,quarter,0.5850808735080832,0.6838445432361512
1E2A192A,EAME,2024-05-22,95,cattle,0.02989885928663645,0
1E2A192A,EAME,2024-05-22,95,wish_well,0.010632446379607,0
1E2A192A,EAME,2024-05-22,95,off_field,0.0152080333768753,NA
1E2A192A,EAME,2024-05-22,50,off_field,0.00319191313148849,NA
1E2A192A,EAME,2024-05-23,95,frog,0.06589303197966943,0
1E2A192A,EAME,2024-05-23,95,horse,0.40655517299015176,0.7203410495445396
1E2A192A,EAME,2024-05-23,50,horse,0.5557866506514236,0.7203410495445396
1E2A192A,EAME,2024-05-23,95,wheat,0.05406840333322079,0
1E2A192A,EAME,2024-05-23,95,quarter,0.3946944862023042,0.5883926312994562
1E2A192A,EAME,2024-05-23,50,quarter,0.4407362176782426,0.5883926312994562
1E2A192A,EAME,2024-05-23,95,cattle,0.03999696153834931,0
1E2A192A,EAME,2024-05-23,95,wish_well,0.01525463368481004,0
1E2A192A,EAME,2024-05-23,95,off_field,0.02247390816559209,NA
1E2A192A,EAME,2024-05-23,50,off_field,0.00347713167033372,NA
1E2A192A,EAME,2024-06-02,95,frog,0.27116663619406733,0.832000312191341
1E2A192A,EAME,2024-06-02,50,frog,0.4283730148678256,0.832000312191341
1E2A192A,EAME,2024-06-02,95,horse,0.15457939602326312,0.5121690865534466
1E2A192A,EAME,2024-06-02,50,horse,0.15032365604751713,0.5121690865534466
1E2A192A,EAME,2024-06-02,95,wheat,0.18985361660022096,0.5121142785271559
1E2A192A,EAME,2024-06-02,50,wheat,0.18460698152054592,0.5121142785271559
1E2A192A,EAME,2024-06-02,95,quarter,0.1312551550848624,0.12205347961738935
1E2A192A,EAME,2024-06-02,50,quarter,0.03041787679847819,0.12205347961738935
1E2A192A,EAME,2024-06-02,95,cattle,0.2370868078535781,0.47018721392315055
1E2A192A,EAME,2024-06-02,50,cattle,0.21166086475500184,0.47018721392315055
1E2A192A,EAME,2024-06-02,95,wish_well,0.02039527717425969,0
1E2A192A,EAME,2024-06-02,95,off_field,0,NA
1E2A192A,EAME,2024-06-02,50,off_field,0,NA
1E2A192A,EAME,2024-06-09,95,frog,0.06155155538836685,0.1532841719476649
1E2A192A,EAME,2024-06-09,50,frog,0.01790702498892337,0.1532841719476649
1E2A192A,EAME,2024-06-09,95,horse,0.33137117082301776,0.617565935284012
1E2A192A,EAME,2024-06-09,50,horse,0.388405302599439,0.617565935284012
1E2A192A,EAME,2024-06-09,95,wheat,0.03489271210306586,0.07217670772721471
1E2A192A,EAME,2024-06-09,95,quarter,0.04340961698141066,0.00694417748507356
1E2A192A,EAME,2024-06-09,95,native_ws,0.02062080930787798,0
1E2A192A,EAME,2024-06-09,95,cattle,0.25981864291348955,0.5573206810972702
1E2A192A,EAME,2024-06-09,50,cattle,0.2748290045805126,0.5573206810972702
1E2A192A,EAME,2024-06-09,95,wish_well,0.2455871658803484,0.7035114504057787
1E2A192A,EAME,2024-06-09,50,wish_well,0.32791700096117454,0.7035114504057787
1E2A192A,EAME,2024-06-09,95,off_field,0.00274832660242294,NA
1E2A192A,EAME,2024-06-09,50,off_field,0,NA
1E2A192A,EAME,2024-06-12,95,blue_silo,0.03447670154513522,0
1E2A192A,EAME,2024-06-12,95,frog,0.00847226548708686,0
1E2A192A,EAME,2024-06-12,95,horse,0.250291798908052,0.5059361853636886
1E2A192A,EAME,2024-06-12,50,horse,0.24051597565461713,0.5059361853636886
1E2A192A,EAME,2024-06-12,95,swale,0.03228106837885136,0
1E2A192A,EAME,2024-06-12,95,quarter,0.021764462907573,0
1E2A192A,EAME,2024-06-12,95,cat_barn,0.01716098996885769,0
1E2A192A,EAME,2024-06-12,95,gi,0.01616449345090815,0
1E2A192A,EAME,2024-06-12,95,native_ws,0.03125721270234962,0
1E2A192A,EAME,2024-06-12,95,wish_well,0.5487582709729181,0.7407490501926753
1E2A192A,EAME,2024-06-12,50,wish_well,0.7720647941642544,0.7407490501926753
1E2A192A,EAME,2024-06-12,95,off_field,0.02621144925831716,NA
1E2A192A,EAME,2024-06-12,50,off_field,0,NA
1E2A192A,EAME,2024-05-20,95,frog,0.04304178970530233,0
1E2A192A,EAME,2024-05-20,95,horse,0.2220433673768698,0.4406098726605618
1E2A192A,EAME,2024-05-20,50,horse,0.1854118418747926,0.4406098726605618
1E2A192A,EAME,2024-05-20,95,wheat,0.10159128864544932,0
1E2A192A,EAME,2024-05-20,95,quarter,0.5948566472999108,0.7186880682626043
1E2A192A,EAME,2024-05-20,50,quarter,0.8102111076781685,0.7186880682626043
1E2A192A,EAME,2024-05-20,95,cattle,0.01724153762876205,0
1E2A192A,EAME,2024-05-20,95,off_field,0.01543466141421837,NA
1E2A192A,EAME,2024-05-20,50,off_field,0.00437705044703894,NA
1E2A192A,EAME,2024-05-12,95,horse,0.0993431340424474,0
1E2A192A,EAME,2024-05-12,95,quarter,0.641184963354342,0.697617301491138
1E2A192A,EAME,2024-05-12,50,quarter,0.8494433472726013,0.697617301491138
1E2A192A,EAME,2024-05-12,95,cat_barn,0.04578187072252496,0
1E2A192A,EAME,2024-05-12,95,off_field,0.21071571451054175,NA
1E2A192A,EAME,2024-05-12,50,off_field,0.15055665272739874,NA
1E2A192A,EAME,2024-05-14,95,frog,0.0974089693436847,0.5446952470822027
1E2A192A,EAME,2024-05-14,50,frog,0.10075037061493244,0.5446952470822027
1E2A192A,EAME,2024-05-14,95,horse,0.2990668535742508,0.5429798484510137
1E2A192A,EAME,2024-05-14,50,horse,0.3083515330899679,0.5429798484510137
1E2A192A,EAME,2024-05-14,95,wheat,0.1328554533134261,0.55709354551418655
1E2A192A,EAME,2024-05-14,50,wheat,0.1405405441720628,0.55709354551418655
1E2A192A,EAME,2024-05-14,95,quarter,0.331161782594199,0.6751143191968556
1E2A192A,EAME,2024-05-14,50,quarter,0.4245331905518895,0.6751143191968556
1E2A192A,EAME,2024-05-14,95,cat_barn,0.01835656445509563,0
1E2A192A,EAME,2024-05-14,95,cattle,0.00603195416431634,0
1E2A192A,EAME,2024-05-14,95,wish_well,0.0307084866368051,0
1E2A192A,EAME,2024-05-14,95,off_field,0.08391528553632818,NA
1E2A192A,EAME,2024-05-14,50,off_field,0.02582436157114739,NA
1E2A192A,EAME,2024-06-14,95,horse,0.24965818433677223,0.435726674288465
1E2A192A,EAME,2024-06-14,50,horse,0.20655034398621117,0.435726674288465
1E2A192A,EAME,2024-06-14,95,wheat,0.00789989461320301,0
1E2A192A,EAME,2024-06-14,95,quarter,0.03226973619193817,0
1E2A192A,EAME,2024-06-14,95,native_ws,0.15356125646469546,0.18327552663664184
1E2A192A,EAME,2024-06-14,50,native_ws,0.05343823438954692,0.18327552663664184
1E2A192A,EAME,2024-06-14,95,cattle,0.00796159784602958,0
1E2A192A,EAME,2024-06-14,95,wish_well,0.506219102750018,0.7325057378746831
1E2A192A,EAME,2024-06-14,50,wish_well,0.7040694949704892,0.7325057378746831
1E2A192A,EAME,2024-06-14,95,off_field,0.04208067030885188,NA
1E2A192A,EAME,2024-06-14,50,off_field,0.03594192665375274,NA
1E2A192A,EAME,2024-05-21,95,frog,0.13353155076451237,0.15673210729560796
1E2A192A,EAME,2024-05-21,50,frog,0.03975006909026672,0.15673210729560796
1E2A192A,EAME,2024-05-21,95,horse,0.1446418625260701,0.4363328001195935
1E2A192A,EAME,2024-05-21,50,horse,0.1198692778514822,0.4363328001195935
1E2A192A,EAME,2024-05-21,95,wheat,0.09411355451798856,0.406308183580009
1E2A192A,EAME,2024-05-21,50,wheat,0.0726279470617266,0.406308183580009
1E2A192A,EAME,2024-05-21,95,quarter,0.5215231588007148,0.771937696021228
1E2A192A,EAME,2024-05-21,50,quarter,0.7646309450610178,0.771937696021228
1E2A192A,EAME,2024-05-21,95,cattle,0.06790489225035565,0
1E2A192A,EAME,2024-05-21,95,wish_well,0.02636945359307064,0
1E2A192A,EAME,2024-05-21,95,off_field,0.0107671539513008,NA
1E2A192A,EAME,2024-05-21,50,off_field,0.00312176093550668,NA
1E2A192A,EAME,2024-06-01,95,frog,0.2529309655191788,0.6261202763614048
1E2A192A,EAME,2024-06-01,50,frog,0.30075787583795366,0.6261202763614048
1E2A192A,EAME,2024-06-01,95,horse,0.14784262758540295,0.37263034862445593
1E2A192A,EAME,2024-06-01,50,horse,0.10462491885224738,0.37263034862445593
1E2A192A,EAME,2024-06-01,95,wheat,0.2149158632176785,0.6328999204259126
1E2A192A,EAME,2024-06-01,50,wheat,0.25832161806055,0.6328999204259126
1E2A192A,EAME,2024-06-01,95,quarter,0.2133144441334975,0.5166793637035316
1E2A192A,EAME,2024-06-01,50,quarter,0.20931416455102644,0.5166793637035316
1E2A192A,EAME,2024-06-01,95,cattle,0.17386505282069442,0.39185007702597663
1E2A192A,EAME,2024-06-01,50,cattle,0.1293866510483597,0.39185007702597663
1E2A192A,EAME,2024-06-01,95,off_field,0,NA
1E2A192A,EAME,2024-06-01,50,off_field,0,NA
1E2A192A,EAME,2024-06-15,95,frog,0.3077945463846114,0.5609652912857025
1E2A192A,EAME,2024-06-15,50,frog,0.3278335230663283,0.5609652912857025
1E2A192A,EAME,2024-06-15,95,horse,0.1251516722553993,0.4750640813871992
1E2A192A,EAME,2024-06-15,50,horse,0.11288735615958426,0.4750640813871992
1E2A192A,EAME,2024-06-15,95,wheat,0.39919080486834313,0.5483265634873614
1E2A192A,EAME,2024-06-15,50,wheat,0.4156006939481807,0.5483265634873614
1E2A192A,EAME,2024-06-15,95,quarter,0.1435901909456175,0.5432270089374127
1E2A192A,EAME,2024-06-15,50,quarter,0.1481025639600876,0.5432270089374127
1E2A192A,EAME,2024-06-15,95,cattle,0.0240546272798518,0
1E2A192A,EAME,2024-06-15,95,off_field,0,NA
1E2A192A,EAME,2024-06-15,50,off_field,0,NA
1E2A192A,EAME,2024-05-29,95,frog,0.06233502410184307,0.36866408935849454
1E2A192A,EAME,2024-05-29,50,frog,0.04361484743838803,0.36866408935849454
1E2A192A,EAME,2024-05-29,95,horse,0.12446035268619254,0.08703643665571766
1E2A192A,EAME,2024-05-29,50,horse,0.02055907256773854,0.08703643665571766
1E2A192A,EAME,2024-05-29,95,wheat,0.24702383759700144,0.5433689219194918
1E2A192A,EAME,2024-05-29,50,wheat,0.254744636760786,0.5433689219194918
1E2A192A,EAME,2024-05-29,95,quarter,0.5638289575687985,0.6341688875383665
1E2A192A,EAME,2024-05-29,50,quarter,0.6786153803316322,0.6341688875383665
1E2A192A,EAME,2024-05-29,95,off_field,0.00235182804616444,NA
1E2A192A,EAME,2024-05-29,50,off_field,0.0024660629014552,NA
1E2A192A,EAME,2024-05-30,95,frog,0.1791264532930047,0.29143513477222077
1E2A192A,EAME,2024-05-30,50,frog,0.09907594038374468,0.29143513477222077
1E2A192A,EAME,2024-05-30,95,horse,0.11979156142628708,0.28321449525122633
1E2A192A,EAME,2024-05-30,50,horse,0.0643884945514512,0.28321449525122633
1E2A192A,EAME,2024-05-30,95,wheat,0.27042102538161766,0.7169322045543881
1E2A192A,EAME,2024-05-30,50,wheat,0.3679468697260313,0.7169322045543881
1E2A192A,EAME,2024-05-30,95,quarter,0.3732568754157547,0.6485743151713286
1E2A192A,EAME,2024-05-30,50,quarter,0.4594456351705736,0.6485743151713286
1E2A192A,EAME,2024-05-30,95,cattle,0.05870286094066979,0.07606214224215521
1E2A192A,EAME,2024-05-30,50,cattle,0.00847411568362959,0.07606214224215521
1E2A192A,EAME,2024-05-30,95,off_field,0,NA
1E2A192A,EAME,2024-05-30,50,off_field,6.689444845696696e-4,NA
1E2A192A,EAME,2024-06-06,95,frog,0.1994483804395011,0.7949176350675686
1E2A192A,EAME,2024-06-06,50,frog,0.30112997139758363,0.7949176350675686
1E2A192A,EAME,2024-06-06,95,horse,0.36138633591031105,0.789955276845356
1E2A192A,EAME,2024-06-06,50,horse,0.5422200456716831,0.789955276845356
1E2A192A,EAME,2024-06-06,95,wheat,0.03438596290921514,0.24525607540071007
1E2A192A,EAME,2024-06-06,50,wheat,0.0160177791626453,0.24525607540071007
1E2A192A,EAME,2024-06-06,95,quarter,0.1517152901387827,0.3307892572999178
1E2A192A,EAME,2024-06-06,50,quarter,0.0953195725038038,0.3307892572999178
1E2A192A,EAME,2024-06-06,95,native_ws,0.01866448511769023,0
1E2A192A,EAME,2024-06-06,95,cattle,0.17738424293223581,0.11395413283652424
1E2A192A,EAME,2024-06-06,50,cattle,0.03839250560462844,0.11395413283652424
1E2A192A,EAME,2024-06-06,95,wish_well,0.03822574045422029,0.13442627423834996
1E2A192A,EAME,2024-06-06,50,wish_well,0.00975981095454307,0.13442627423834996
1E2A192A,EAME,2024-06-06,95,off_field,0.01803253484165904,NA
1E2A192A,EAME,2024-06-06,50,off_field,0,NA
1E2A192A,EAME,2024-05-17,95,frog,0.07503033761273745,0.5028218923978255
1E2A192A,EAME,2024-05-17,50,frog,0.07168026909801327,0.5028218923978255
1E2A192A,EAME,2024-05-17,95,horse,0.2951560810962464,0.4624855056143336
1E2A192A,EAME,2024-05-17,50,horse,0.25935726038893553,0.4624855056143336
1E2A192A,EAME,2024-05-17,95,wheat,0.10062125352586115,0.5993868148739199
1E2A192A,EAME,2024-05-17,50,wheat,0.114589666868025,0.5993868148739199
1E2A192A,EAME,2024-05-17,95,quarter,0.3752228835654779,0.6720364932943298
1E2A192A,EAME,2024-05-17,50,quarter,0.4791050205508359,0.6720364932943298
1E2A192A,EAME,2024-05-17,95,native_ws,0.06413306202980691,0.2406884800797201
1E2A192A,EAME,2024-05-17,50,native_ws,0.02932822830624182,0.2406884800797201
1E2A192A,EAME,2024-05-17,95,cattle,0.00595145343521412,0
1E2A192A,EAME,2024-05-17,95,wish_well,0.04960600824358029,0.26957038734229366
1E2A192A,EAME,2024-05-17,50,wish_well,0.02540709503081398,0.26957038734229366
1E2A192A,EAME,2024-05-17,95,off_field,0.03427892049107577,NA
1E2A192A,EAME,2024-05-17,50,off_field,0.02053245975713445,NA
1E2A192A,EAME,2024-05-27,95,frog,0.08565051180929481,0.01188451155632129
1E2A192A,EAME,2024-05-27,95,horse,0.20827934813898308,0.32909922157060745
1E2A192A,EAME,2024-05-27,50,horse,0.12990704322481245,0.32909922157060745
1E2A192A,EAME,2024-05-27,95,wheat,0.2779828262897499,0.5996046999798585
1E2A192A,EAME,2024-05-27,50,wheat,0.3158949096770916,0.5996046999798585
1E2A192A,EAME,2024-05-27,95,quarter,0.4209813035712803,0.6878326812237227
1E2A192A,EAME,2024-05-27,50,quarter,0.548788811491664,0.6878326812237227
1E2A192A,EAME,2024-05-27,95,cattle,0.00556565303825972,0
1E2A192A,EAME,2024-05-27,95,off_field,0.00152920032745672,NA
1E2A192A,EAME,2024-05-27,50,off_field,0.00348006368187676,NA
1E2A192A,EAME,2024-05-24,95,frog,0.10652446847887027,0.01533917162612862
1E2A192A,EAME,2024-05-24,95,horse,0.39824435454891055,0.7459882227357506
1E2A192A,EAME,2024-05-24,50,horse,0.5641041028439596,0.7459882227357506
1E2A192A,EAME,2024-05-24,95,wheat,0.1151791512042678,0.11189920504502358
1E2A192A,EAME,2024-05-24,50,wheat,0.0244725111058225,0.11189920504502358
1E2A192A,EAME,2024-05-24,95,quarter,0.32587964518805945,0.6543831510047975
1E2A192A,EAME,2024-05-24,50,quarter,0.4049179250802855,0.6543831510047975
1E2A192A,EAME,2024-05-24,95,cattle,0.02235209337850369,0
1E2A192A,EAME,2024-05-24,95,wish_well,0.03238021516981378,0
1E2A192A,EAME,2024-05-24,95,off_field,0,NA
1E2A192A,EAME,2024-05-24,50,off_field,0.00340283843959005,NA
1E2A192A,EAME,2024-05-31,95,frog,0.17034442042627698,0.3356118445037331
1E2A192A,EAME,2024-05-31,50,frog,0.108515933877565,0.3356118445037331
1E2A192A,EAME,2024-05-31,95,horse,0.14316342302078597,0.40033803065868834
1E2A192A,EAME,2024-05-31,50,horse,0.10878956541281833,0.40033803065868834
1E2A192A,EAME,2024-05-31,95,wheat,0.22604208797526673,0.6443285975197218
1E2A192A,EAME,2024-05-31,50,wheat,0.27645537436271184,0.6443285975197218
1E2A192A,EAME,2024-05-31,95,quarter,0.3464888426075676,0.7662036263291955
1E2A192A,EAME,2024-05-31,50,quarter,0.5039202108434467,0.7662036263291955
1E2A192A,EAME,2024-05-31,95,cattle,0.10656654435296878,0
1E2A192A,EAME,2024-05-31,95,wish_well,0.00801178114658068,0
1E2A192A,EAME,2024-05-31,95,off_field,0,NA
1E2A192A,EAME,2024-05-31,50,off_field,0.00231891550345809,NA
1E2A192A,EAME,2024-05-25,95,frog,0.10702926106218598,0
1E2A192A,EAME,2024-05-25,95,horse,0.306600568694788,0.5799007650743462
1E2A192A,EAME,2024-05-25,50,horse,0.3374155219287421,0.5799007650743462
1E2A192A,EAME,2024-05-25,95,wheat,0.05280867382588313,0
1E2A192A,EAME,2024-05-25,95,quarter,0.4775217621766988,0.7272662768947927
1E2A192A,EAME,2024-05-25,50,quarter,0.6590601274492246,0.7272662768947927
1E2A192A,EAME,2024-05-25,95,cattle,0.03603967069948597,0
1E2A192A,EAME,2024-05-25,95,wish_well,0.01374468422982149,0
1E2A192A,EAME,2024-05-25,95,off_field,0.00583986228046249,NA
1E2A192A,EAME,2024-05-25,50,off_field,0.00352435062203332,NA
1E2A192A,EAME,2024-05-28,95,frog,0.12638125877351816,0.27890261918745674
1E2A192A,EAME,2024-05-28,50,frog,0.06691387179245242,0.27890261918745674
1E2A192A,EAME,2024-05-28,95,horse,0.25357607237574953,0.5764616531348762
1E2A192A,EAME,2024-05-28,50,horse,0.27749782536965584,0.5764616531348762
1E2A192A,EAME,2024-05-28,95,wheat,0.16203841052331658,0.21492982341564712
1E2A192A,EAME,2024-05-28,50,wheat,0.06611432171611505,0.21492982341564712
1E2A192A,EAME,2024-05-28,95,quarter,0.4562509214188399,0.6752565693059995
1E2A192A,EAME,2024-05-28,50,quarter,0.5848620779931494,0.6752565693059995
1E2A192A,EAME,2024-05-28,95,off_field,0.00152175117767771,NA
1E2A192A,EAME,2024-05-28,50,off_field,0.00461190312862734,NA
1E2A192A,EAME,2024-07-29,95,alfalfa,0.0194134022339379,0.05600750025368881
1E2A192A,EAME,2024-07-29,95,blue_silo,0.04489595491760551,0.9981664243997928
1E2A192A,EAME,2024-07-29,50,blue_silo,0.08512746073000392,0.9981664243997928
1E2A192A,EAME,2024-07-29,95,bobolink,0.02694141190861715,0.6824138929873197
1E2A192A,EAME,2024-07-29,50,bobolink,0.03492430080972397,0.6824138929873197
1E2A192A,EAME,2024-07-29,95,frog,0.0185872465942561,0.8411799028399262
1E2A192A,EAME,2024-07-29,50,frog,0.02970047925655516,0.8411799028399262
1E2A192A,EAME,2024-07-29,95,horse,0.00841921282753421,8.648510104452128e-4
1E2A192A,EAME,2024-07-29,95,pear_tree,0.03182703399938767,0.9821341839705602
1E2A192A,EAME,2024-07-29,50,pear_tree,0.0593781283037833,0.9821341839705602
1E2A192A,EAME,2024-07-29,95,swale,0.04370870724623882,0.746119790763919
1E2A192A,EAME,2024-07-29,50,swale,0.06194924673113409,0.746119790763919
1E2A192A,EAME,2024-07-29,95,underhill,0.02361601072585983,0.26021047647246426
1E2A192A,EAME,2024-07-29,50,underhill,0.01167322411861237,0.26021047647246426
1E2A192A,EAME,2024-07-29,95,wheat,0.05127704461382179,1
1E2A192A,EAME,2024-07-29,50,wheat,0.09740527904413772,1
1E2A192A,EAME,2024-07-29,95,quarter,0.01587036733673008,0.6321678188258296
1E2A192A,EAME,2024-07-29,50,quarter,0.01905806796447617,0.6321678188258296
1E2A192A,EAME,2024-07-29,95,retired,0.00832923035258616,0.8676215462069383
1E2A192A,EAME,2024-07-29,50,retired,0.0137276029732881,0.8676215462069383
1E2A192A,EAME,2024-07-29,95,front_hay,0.03260390200734355,0.611423743488681
1E2A192A,EAME,2024-07-29,50,front_hay,0.03786791445475753,0.611423743488681
1E2A192A,EAME,2024-07-29,95,entrance,0.02876442172967371,0.3669429694883541
1E2A192A,EAME,2024-07-29,50,entrance,0.02004997000125536,0.3669429694883541
1E2A192A,EAME,2024-07-29,95,clydesdale,0.01333727408934217,0.0064506923027926
1E2A192A,EAME,2024-07-29,95,pond,0.04023382500997221,0.712761820168829
1E2A192A,EAME,2024-07-29,50,pond,0.05447475169913387,0.712761820168829
1E2A192A,EAME,2024-07-29,95,back_woods,0.02179846096329472,0.25974020021680444
1E2A192A,EAME,2024-07-29,50,back_woods,0.01075534910543598,0.25974020021680444
1E2A192A,EAME,2024-07-29,95,cat_barn,0.00652776287725709,0
1E2A192A,EAME,2024-07-29,95,gi,0.01058015662797167,0
1E2A192A,EAME,2024-07-29,95,native_ws,0.00614630350345137,0
1E2A192A,EAME,2024-07-29,95,cattle,0.02561436271266988,0.02174353404707678
1E2A192A,EAME,2024-07-29,95,wish_well,0.00582746379238274,0
1E2A192A,EAME,2024-07-29,95,off_field,0.5107780256519876,NA
1E2A192A,EAME,2024-07-29,50,off_field,0.4592874869541115,NA
1E2A192A,EAME,2024-06-04,95,frog,0.09398195544202764,0.4593422303544584
1E2A192A,EAME,2024-06-04,50,frog,0.08198769758330864,0.4593422303544584
1E2A192A,EAME,2024-06-04,95,horse,0.4439776972275733,0.6936044454195451
1E2A192A,EAME,2024-06-04,50,horse,0.5848451072735757,0.6936044454195451
1E2A192A,EAME,2024-06-04,95,wheat,0.12040709443082492,0.45553032443954466
1E2A192A,EAME,2024-06-04,50,wheat,0.10416869135897884,0.45553032443954466
1E2A192A,EAME,2024-06-04,95,quarter,0.11394469950908968,0.398992221444558
1E2A192A,EAME,2024-06-04,50,quarter,0.08634285307101162,0.398992221444558
1E2A192A,EAME,2024-06-04,95,native_ws,0.01598406079499887,0
1E2A192A,EAME,2024-06-04,95,cattle,0.02536511646518217,0.01967186867706391
1E2A192A,EAME,2024-06-04,95,wish_well,0.17245964513863185,0.4587469755834936
1E2A192A,EAME,2024-06-04,50,wish_well,0.1502548644244216,0.4587469755834936
1E2A192A,EAME,2024-06-04,95,off_field,0.01387973099167161,NA
1E2A192A,EAME,2024-06-04,50,off_field,0,NA
1E2A192A,EAME,2024-06-08,95,frog,0.01118970477021662,0
1E2A192A,EAME,2024-06-08,95,horse,0.35937951012567076,0.5879934627328897
1E2A192A,EAME,2024-06-08,50,horse,0.4011531598934654,0.5879934627328897
1E2A192A,EAME,2024-06-08,95,quarter,0.02011555060976383,0
1E2A192A,EAME,2024-06-08,95,native_ws,0.03173729224086505,0
1E2A192A,EAME,2024-06-08,95,cattle,0.27471614537408995,0.46592971159105223
1E2A192A,EAME,2024-06-08,50,cattle,0.24299033357652303,0.46592971159105223
1E2A192A,EAME,2024-06-08,95,wish_well,0.3021977561293267,0.6493601294418627
1E2A192A,EAME,2024-06-08,50,wish_well,0.37253000850350826,0.6493601294418627
1E2A192A,EAME,2024-06-08,95,off_field,6.6404075006704e-4,NA
1E2A192A,EAME,2024-06-08,50,off_field,0,NA
1E2A192A,EAME,2024-06-11,95,blue_silo,0.02938068511362741,0
1E2A192A,EAME,2024-06-11,95,bobolink,0.05304109797773153,0
1E2A192A,EAME,2024-06-11,95,frog,0.0163275084553591,0
1E2A192A,EAME,2024-06-11,95,horse,0.2946517024843852,0.7671267118815694
1E2A192A,EAME,2024-06-11,50,horse,0.4294551684197903,0.7671267118815694
1E2A192A,EAME,2024-06-11,95,pear_tree,0.02097059349975346,0
1E2A192A,EAME,2024-06-11,95,wheat,0.05114953886258351,0
1E2A192A,EAME,2024-06-11,95,quarter,0.04798168271282819,1.1234567599964309e-4
1E2A192A,EAME,2024-06-11,95,retired,0.01753038332662154,0
1E2A192A,EAME,2024-06-11,95,front_hay,0.03740007085176636,0
1E2A192A,EAME,2024-06-11,95,cattle,0.02515714459157661,0
1E2A192A,EAME,2024-06-11,95,wish_well,0.38048141816826553,0.8023252874277625
1E2A192A,EAME,2024-06-11,50,wish_well,0.5799969444500945,0.8023252874277625
1E2A192A,EAME,2024-06-11,95,off_field,0.01875806031567575,NA
1E2A192A,EAME,2024-06-11,50,off_field,0,NA
1E2A192A,EAME,2024-07-31,95,blue_silo,0.08159593764884439,0.5719305635796802
1E2A192A,EAME,2024-07-31,50,blue_silo,0.088651136310844,0.5719305635796802
1E2A192A,EAME,2024-07-31,95,bobolink,0.02371675981730989,0.05815875120184174
1E2A192A,EAME,2024-07-31,95,horse,0.0201092286239707,0.07142355932985293
1E2A192A,EAME,2024-07-31,95,pear_tree,0.06483554104142743,0.7177657596412568
1E2A192A,EAME,2024-07-31,50,pear_tree,0.08840327207039674,0.7177657596412568
1E2A192A,EAME,2024-07-31,95,swale,0.02238348788137535,0
1E2A192A,EAME,2024-07-31,95,underhill,0.09655833068025949,0.9228007259435812
1E2A192A,EAME,2024-07-31,50,underhill,0.16926615934306993,0.9228007259435812
1E2A192A,EAME,2024-07-31,95,wheat,0.03672741998851771,0.27904078693276674
1E2A192A,EAME,2024-07-31,50,wheat,0.01946841399787439,0.27904078693276674
1E2A192A,EAME,2024-07-31,95,quarter,0.03665287658105251,0.6735203137182066
1E2A192A,EAME,2024-07-31,50,quarter,0.04689550607934124,0.6735203137182066
1E2A192A,EAME,2024-07-31,95,retired,0.02818865066060593,0.9860475349043286
1E2A192A,EAME,2024-07-31,50,retired,0.05280129849268946,0.9860475349043286
1E2A192A,EAME,2024-07-31,95,front_hay,0.11750750021208407,0.948816153084413
1E2A192A,EAME,2024-07-31,50,front_hay,0.21179715438485283,0.948816153084413
1E2A192A,EAME,2024-07-31,95,entrance,0.07497482858036474,0.7771798287564098
1E2A192A,EAME,2024-07-31,50,entrance,0.11069027473379273,0.7771798287564098
1E2A192A,EAME,2024-07-31,95,clydesdale,0.00515364715057828,0
1E2A192A,EAME,2024-07-31,95,cat_barn,0.01762795401390748,0.08857763450410183
1E2A192A,EAME,2024-07-31,95,gi,0.01033272757359559,0
1E2A192A,EAME,2024-07-31,95,native_ws,0.0479604614401109,0.09553117648571496
1E2A192A,EAME,2024-07-31,50,native_ws,0.00870364046792143,0.09553117648571496
1E2A192A,EAME,2024-07-31,95,wish_well,0.02136637375804695,0
1E2A192A,EAME,2024-07-31,95,off_field,0.2825079936572768,NA
1E2A192A,EAME,2024-07-31,50,off_field,0.1907748001791826,NA
1E2A192A,EAME,2024-06-10,95,frog,0.09388212495564616,0.41800684548709827
1E2A192A,EAME,2024-06-10,50,frog,0.07454506618727455,0.41800684548709827
1E2A192A,EAME,2024-06-10,95,horse,0.2244572083745457,0.5515823016048222
1E2A192A,EAME,2024-06-10,50,horse,0.23517788455654387,0.5515823016048222
1E2A192A,EAME,2024-06-10,95,wheat,0.17129094337260278,0.23905025776280656
1E2A192A,EAME,2024-06-10,50,wheat,0.07778148262952991,0.23905025776280656
1E2A192A,EAME,2024-06-10,95,quarter,0.07069839796329094,0.04173939868395948
1E2A192A,EAME,2024-06-10,50,quarter,0.00560542260418164,0.04173939868395948
1E2A192A,EAME,2024-06-10,95,cattle,0.09858312313992748,0.4336504302427145
1E2A192A,EAME,2024-06-10,50,cattle,0.08120727805722557,0.4336504302427145
1E2A192A,EAME,2024-06-10,95,wish_well,0.3331148489801717,0.846104624812669
1E2A192A,EAME,2024-06-10,50,wish_well,0.535390500103123,0.846104624812669
1E2A192A,EAME,2024-06-10,95,off_field,0.00196832980997984,NA
1E2A192A,EAME,2024-06-10,50,off_field,0,NA
1E2A192A,EAME,2024-05-18,95,frog,0.1008343745434013,0.5624798280954437
1E2A192A,EAME,2024-05-18,50,frog,0.10760843143605092,0.5624798280954437
1E2A192A,EAME,2024-05-18,95,horse,0.10913796010680354,0.08051128597362983
1E2A192A,EAME,2024-05-18,50,horse,0.01667106464513531,0.08051128597362983
1E2A192A,EAME,2024-05-18,95,wheat,0.23873944394115695,0.7338809279537045
1E2A192A,EAME,2024-05-18,50,wheat,0.3324149284720203,0.7338809279537045
1E2A192A,EAME,2024-05-18,95,quarter,0.42205787887336926,0.6507259451037763
1E2A192A,EAME,2024-05-18,50,quarter,0.5210757649385412,0.6507259451037763
1E2A192A,EAME,2024-05-18,95,cat_barn,0.02243325027977682,0
1E2A192A,EAME,2024-05-18,95,gi,0.02459769212232317,0
1E2A192A,EAME,2024-05-18,95,off_field,0.08218300267562874,NA
1E2A192A,EAME,2024-05-18,50,off_field,0.02222981050825221,NA
1E2A192A,EAME,2024-05-19,95,frog,0.08214511507863996,0
1E2A192A,EAME,2024-05-19,95,horse,0.12248644296948784,0.26103968400092215
1E2A192A,EAME,2024-05-19,50,horse,0.06057155154920057,0.26103968400092215
1E2A192A,EAME,2024-05-19,95,wheat,0.1442773715175905,0.06447968282306804
1E2A192A,EAME,2024-05-19,50,wheat,0.01762362546104369,0.06447968282306804
1E2A192A,EAME,2024-05-19,95,quarter,0.6406622366244363,0.7565029768285675
1E2A192A,EAME,2024-05-19,50,quarter,0.9181505682027552,0.7565029768285675
1E2A192A,EAME,2024-05-19,95,off_field,0.006738250581201,NA
1E2A192A,EAME,2024-05-19,50,off_field,0.00365425478700057,NA
1E2A192A,EAME,2024-05-26,95,frog,0.05546073972681555,0
1E2A192A,EAME,2024-05-26,95,horse,0.33197725018498336,0.5299002034143433
1E2A192A,EAME,2024-05-26,50,horse,0.334197122208378,0.5299002034143433
1E2A192A,EAME,2024-05-26,95,wheat,0.230326237666206,0.3700629484384
1E2A192A,EAME,2024-05-26,50,wheat,0.16192701667426262,0.3700629484384
1E2A192A,EAME,2024-05-26,95,quarter,0.3802313997786963,0.6922095801398446
1E2A192A,EAME,2024-05-26,50,quarter,0.5000182781972539,0.6922095801398446
1E2A192A,EAME,2024-05-26,95,off_field,0.00199979215983841,NA
1E2A192A,EAME,2024-05-26,50,off_field,0.00385758292010548,NA
1E2A192A,EAME,2024-06-03,95,frog,0.22954584511113693,0.807123153713061
1E2A192A,EAME,2024-06-03,50,frog,0.3516484129103251,0.807123153713061
1E2A192A,EAME,2024-06-03,95,horse,0.2069783971110237,0.6865141249921722
1E2A192A,EAME,2024-06-03,50,horse,0.269695634103425,0.6865141249921722
1E2A192A,EAME,2024-06-03,95,wheat,0.15311833799203856,0.4791197112221148
1E2A192A,EAME,2024-06-03,50,wheat,0.13924213195971935,0.4791197112221148
1E2A192A,EAME,2024-06-03,95,quarter,0.17600654468004293,0.4617337336201007
1E2A192A,EAME,2024-06-03,50,quarter,0.15424810638643477,0.4617337336201007
1E2A192A,EAME,2024-06-03,95,cattle,0.17899844539302914,0.26292780426456996
1E2A192A,EAME,2024-06-03,50,cattle,0.0893275027937087,0.26292780426456996
1E2A192A,EAME,2024-06-03,95,wish_well,0.03355046976470994,0
1E2A192A,EAME,2024-06-03,95,off_field,0.01563732822187549,NA
1E2A192A,EAME,2024-06-03,50,off_field,0,NA
1E2A192A,EAME,2024-06-13,95,frog,0.00638265722141584,0
1E2A192A,EAME,2024-06-13,95,horse,0.29875378139344216,0.8056356299335863
1E2A192A,EAME,2024-06-13,50,horse,0.4569776391288865,0.8056356299335863
1E2A192A,EAME,2024-06-13,95,swale,0.11564587842012546,0.13228734098443054
1E2A192A,EAME,2024-06-13,50,swale,0.02904633353837911,0.13228734098443054
1E2A192A,EAME,2024-06-13,95,quarter,0.04798133796261519,4.5053780343104873e-4
1E2A192A,EAME,2024-06-13,95,cat_barn,0.05608215607964621,0.2949564377633556
1E2A192A,EAME,2024-06-13,50,cat_barn,0.03140692771751725,0.2949564377633556
1E2A192A,EAME,2024-06-13,95,gi,0.07390144987848432,0.4264053313844098
1E2A192A,EAME,2024-06-13,50,gi,0.05982992503593975,0.4264053313844098
1E2A192A,EAME,2024-06-13,95,native_ws,0.05463387371764283,0.1039510673221902
1E2A192A,EAME,2024-06-13,50,native_ws,0.01078285638591894,0.1039510673221902
1E2A192A,EAME,2024-06-13,95,cattle,0.02068681753278047,0
1E2A192A,EAME,2024-06-13,95,wish_well,0.2721306934858588,0.7746694922001457
1E2A192A,EAME,2024-06-13,50,wish_well,0.40025508228496864,0.7746694922001457
1E2A192A,EAME,2024-06-13,95,off_field,0.04901227095525,NA
1E2A192A,EAME,2024-06-13,50,off_field,0.01166019221211514,NA
1E342D61,EAME,2023-05-27,95,alfalfa,0.03277777322833439,0
1E342D61,EAME,2023-05-27,95,blue_silo,0.1950383164406527,0.4832368206058038
1E342D61,EAME,2023-05-27,50,blue_silo,0.17906012042421926,0.4832368206058038
1E342D61,EAME,2023-05-27,95,bobolink,0.22659197510320425,0.7229830491044159
1E342D61,EAME,2023-05-27,50,bobolink,0.3112372393501255,0.7229830491044159
1E342D61,EAME,2023-05-27,95,swale,0.18513464784765404,0.4770254669017453
1E342D61,EAME,2023-05-27,50,swale,0.167783088343368,0.4770254669017453
1E342D61,EAME,2023-05-27,95,front_hay,0.04130362990441377,0
1E342D61,EAME,2023-05-27,95,entrance,0.01045012528853348,0
1E342D61,EAME,2023-05-27,95,clydesdale,0.01304074434770674,0
1E342D61,EAME,2023-05-27,95,pond,0.08446970371775103,0.4619206505406591
1E342D61,EAME,2023-05-27,50,pond,0.07412885013290725,0.4619206505406591
1E342D61,EAME,2023-05-27,95,back_woods,0.00583881705208495,0
1E342D61,EAME,2023-05-27,95,piano,0.01225825445715022,0
1E342D61,EAME,2023-05-27,95,off_field,0.18540352783363995,NA
1E342D61,EAME,2023-05-27,50,off_field,0.26779070174938,NA
1E342D61,EAME,2023-05-26,95,alfalfa,0.02405254256394709,0
1E342D61,EAME,2023-05-26,95,blue_silo,0.03187230216627907,0
1E342D61,EAME,2023-05-26,95,bobolink,0.5647165933656627,0.892879447146148
1E342D61,EAME,2023-05-26,50,bobolink,0.9578765714430386,0.892879447146148
1E342D61,EAME,2023-05-26,95,swale,0.0442852106831364,0
1E342D61,EAME,2023-05-26,95,wheat,0.00562084945636593,0
1E342D61,EAME,2023-05-26,95,quarter,0.01184333464405537,0
1E342D61,EAME,2023-05-26,95,front_hay,0.07389543218842126,0.17451731547885402
1E342D61,EAME,2023-05-26,50,front_hay,0.02449865789348796,0.17451731547885402
1E342D61,EAME,2023-05-26,95,entrance,0.00604289067176634,0
1E342D61,EAME,2023-05-26,95,clydesdale,0.03831171483876556,0
1E342D61,EAME,2023-05-26,95,pond,0.0333619242611484,0
1E342D61,EAME,2023-05-26,95,back_woods,0.04720094630989652,0
1E342D61,EAME,2023-05-26,95,off_field,0.11754399415929004,NA
1E342D61,EAME,2023-05-26,50,off_field,0.01762477066347344,NA
1E342D61,EAME,2023-05-24,95,bobolink,0.23891277672544345,0.6192121649740089
1E342D61,EAME,2023-05-24,50,bobolink,0.2808228952817433,0.6192121649740089
1E342D61,EAME,2023-05-24,95,pear_tree,0.023675528088357,0
1E342D61,EAME,2023-05-24,95,front_hay,0.08172696663377552,0
1E342D61,EAME,2023-05-24,95,clydesdale,0.22212479249713568,0.5761641469152449
1E342D61,EAME,2023-05-24,50,clydesdale,0.2429388223277741,0.5761641469152449
1E342D61,EAME,2023-05-24,95,off_field,0.42539859965785715,NA
1E342D61,EAME,2023-05-24,50,off_field,0.4762382823904826,NA
1E342D61,EAME,2023-05-25,95,blue_silo,0.1109876727989935,0.22212193104888345
1E342D61,EAME,2023-05-25,50,blue_silo,0.04683290856546479,0.22212193104888345
1E342D61,EAME,2023-05-25,95,bobolink,0.343216212941108,0.8740948691452508
1E342D61,EAME,2023-05-25,50,bobolink,0.5699166053111484,0.8740948691452508
1E342D61,EAME,2023-05-25,95,swale,0.00737876385829252,0
1E342D61,EAME,2023-05-25,95,retired,0.01386677460487055,0
1E342D61,EAME,2023-05-25,95,front_hay,0.0112016762303506,0
1E342D61,EAME,2023-05-25,95,entrance,0.00751026773410097,0
1E342D61,EAME,2023-05-25,95,clydesdale,0.19332562796507777,0.7657862966128135
1E342D61,EAME,2023-05-25,50,clydesdale,0.2812431575044699,0.7657862966128135
1E342D61,EAME,2023-05-25,95,pond,0.00968235887295972,0
1E342D61,EAME,2023-05-25,95,cat_barn,0.01135223301336811,0
1E342D61,EAME,2023-05-25,95,native_ws,0.01388368087564005,0
1E342D61,EAME,2023-05-25,95,off_field,0.27388963057529103,NA
1E342D61,EAME,2023-05-25,50,off_field,0.10200732861891695,NA
1E344C66,BOBO,2024-06-29,95,clydesdale,0.6322227327406691,0.5781512867363438
1E344C66,BOBO,2024-06-29,50,clydesdale,0.694419247426944,0.5781512867363438
1E344C66,BOBO,2024-06-29,95,pond,0.06514280680047727,0
1E344C66,BOBO,2024-06-29,95,off_field,0.3026344604588536,NA
1E344C66,BOBO,2024-06-29,50,off_field,0.30558075257305595,NA
1E344C66,BOBO,2024-06-24,95,blue_silo,0.00820436934487196,0
1E344C66,BOBO,2024-06-24,95,bobolink,0.7561342873142318,0.6465424071472471
1E344C66,BOBO,2024-06-24,50,bobolink,0.9279631860447468,0.6465424071472471
1E344C66,BOBO,2024-06-24,95,clydesdale,0.01427327375042906,0
1E344C66,BOBO,2024-06-24,95,pond,0.02885198389354883,0
1E344C66,BOBO,2024-06-24,95,off_field,0.18796076860606667,NA
1E344C66,BOBO,2024-06-24,50,off_field,0.07203681395525324,NA
1E344C66,BOBO,2024-07-01,95,off_field,1,NA
1E344C66,BOBO,2024-07-01,50,off_field,1,NA
1E344C66,BOBO,2024-06-26,95,bobolink,0.373461102652276,0.6380340668507573
1E344C66,BOBO,2024-06-26,50,bobolink,0.4526817879873821,0.6380340668507573
1E344C66,BOBO,2024-06-26,95,front_hay,0.00877743571738924,0
1E344C66,BOBO,2024-06-26,95,clydesdale,0.2888990827638617,0.7391630171678687
1E344C66,BOBO,2024-06-26,50,clydesdale,0.40568614145747234,0.7391630171678687
1E344C66,BOBO,2024-06-26,95,pond,0.13087566266894712,0.02472988107071383
1E344C66,BOBO,2024-06-26,50,pond,0.00614871977990732,0.02472988107071383
1E344C66,BOBO,2024-06-26,95,off_field,0.18641174326340815,NA
1E344C66,BOBO,2024-06-26,50,off_field,0.1354833507752382,NA
1E344C66,BOBO,2024-06-30,95,clydesdale,0.6410169826519406,0.5914126012802862
1E344C66,BOBO,2024-06-30,50,clydesdale,0.7201691847552297,0.5914126012802862
1E344C66,BOBO,2024-06-30,95,off_field,0.3563944256818468,NA
1E344C66,BOBO,2024-06-30,50,off_field,0.2798308152447702,NA
1E344C66,BOBO,2024-06-28,95,clydesdale,0.8564686691326723,0.5933493933186529
1E344C66,BOBO,2024-06-28,50,clydesdale,0.9631972415842373,0.5933493933186529
1E344C66,BOBO,2024-06-28,95,off_field,0.142271501511066,NA
1E344C66,BOBO,2024-06-28,50,off_field,0.03680275841576277,NA
1E344C66,BOBO,2024-06-21,95,blue_silo,0.22053276829975071,0.8772863156266468
1E344C66,BOBO,2024-06-21,50,blue_silo,0.3674820126633019,0.8772863156266468
1E344C66,BOBO,2024-06-21,95,bobolink,0.12218507975576032,0.6452093478334341
1E344C66,BOBO,2024-06-21,50,bobolink,0.14974089674319477,0.6452093478334341
1E344C66,BOBO,2024-06-21,95,pear_tree,0.05265994926192903,0.22714311472749535
1E344C66,BOBO,2024-06-21,50,pear_tree,0.022719648877989,0.22714311472749535
1E344C66,BOBO,2024-06-21,95,swale,0.03300923390081678,0.01524790676456498
1E344C66,BOBO,2024-06-21,95,underhill,0.10952760510419146,0.3987946523340634
1E344C66,BOBO,2024-06-21,50,underhill,0.08296492400897029,0.3987946523340634
1E344C66,BOBO,2024-06-21,95,retired,0.06204237892087471,0.9407098355774822
1E344C66,BOBO,2024-06-21,50,retired,0.11085766550456064,0.9407098355774822
1E344C66,BOBO,2024-06-21,95,front_hay,0.04896782874949267,0
1E344C66,BOBO,2024-06-21,95,entrance,0.00837996717957153,0
1E344C66,BOBO,2024-06-21,95,clydesdale,0.07421070179553281,0.543098542952171
1E344C66,BOBO,2024-06-21,50,clydesdale,0.07655380444567474,0.543098542952171
1E344C66,BOBO,2024-06-21,95,pond,0.09099856894125884,0.18156727711320267
1E344C66,BOBO,2024-06-21,50,pond,0.03138294859287555,0.18156727711320267
1E344C66,BOBO,2024-06-21,95,back_woods,0.0053394669594309,0
1E344C66,BOBO,2024-06-21,95,off_field,0.17043408661346282,NA
1E344C66,BOBO,2024-06-21,50,off_field,0.15734207850940266,NA
1E344C66,BOBO,2024-06-22,95,bobolink,0.05085001141236123,0.10666646433033827
1E344C66,BOBO,2024-06-22,50,bobolink,0.01030259040226823,0.10666646433033827
1E344C66,BOBO,2024-06-22,95,pear_tree,0.03742953569995271,0
1E344C66,BOBO,2024-06-22,95,underhill,0.07491335515444134,0
1E344C66,BOBO,2024-06-22,95,clydesdale,0.2198533963757415,0.6636715834839655
1E344C66,BOBO,2024-06-22,50,clydesdale,0.2771493608967361,0.6636715834839655
1E344C66,BOBO,2024-06-22,95,pond,0.22826608004341545,0.4355822803771158
1E344C66,BOBO,2024-06-22,50,pond,0.1888595995845803,0.4355822803771158
1E344C66,BOBO,2024-06-22,95,off_field,0.3847710988136285,NA
1E344C66,BOBO,2024-06-22,50,off_field,0.5236884491164154,NA
1E344C66,BOBO,2024-06-23,95,blue_silo,0.00673740032302661,0
1E344C66,BOBO,2024-06-23,95,bobolink,0.5202775143278188,0.5993947019294552
1E344C66,BOBO,2024-06-23,50,bobolink,0.5921987723253852,0.5993947019294552
1E344C66,BOBO,2024-06-23,95,swale,0.0314616472959499,0
1E344C66,BOBO,2024-06-23,95,front_hay,0.00648614295714106,0
1E344C66,BOBO,2024-06-23,95,entrance,0.00885731586837587,0
1E344C66,BOBO,2024-06-23,95,clydesdale,0.05542935766905792,0
1E344C66,BOBO,2024-06-23,95,pond,0.07170778468964445,0.05233857976650425
1E344C66,BOBO,2024-06-23,50,pond,0.00712701685057542,0.05233857976650425
1E344C66,BOBO,2024-06-23,95,off_field,0.2980116878139677,NA
1E344C66,BOBO,2024-06-23,50,off_field,0.4006742108240394,NA
1E344C66,BOBO,2024-06-25,95,blue_silo,0.010278639384368,0
1E344C66,BOBO,2024-06-25,95,bobolink,0.6776468060347016,0.6487154655083996
1E344C66,BOBO,2024-06-25,50,bobolink,0.8351719497295513,0.6487154655083996
1E344C66,BOBO,2024-06-25,95,swale,0.04809871147118394,0
1E344C66,BOBO,2024-06-25,95,clydesdale,0.04283236549801684,0
1E344C66,BOBO,2024-06-25,95,pond,0.01823305556659467,0
1E344C66,BOBO,2024-06-25,95,off_field,0.1953632737826633,NA
1E344C66,BOBO,2024-06-25,50,off_field,0.1648280502704486,NA
1E344C66,BOBO,2024-06-27,95,bobolink,0.1196890329876482,0.3175750535284704
1E344C66,BOBO,2024-06-27,50,bobolink,0.07216891418580879,0.3175750535284704
1E344C66,BOBO,2024-06-27,95,clydesdale,0.5922109404997972,0.7420191536218592
1E344C66,BOBO,2024-06-27,50,clydesdale,0.8343359849659103,0.7420191536218592
1E344C66,BOBO,2024-06-27,95,pond,0.04356961358140587,0
1E344C66,BOBO,2024-06-27,95,off_field,0.2445304129311488,NA
1E344C66,BOBO,2024-06-27,50,off_field,0.09349510084828085,NA
1E552D19,EAME,2023-05-30,95,blue_silo,0.114153472316327,0.36931641088971295
1E552D19,EAME,2023-05-30,50,blue_silo,0.08006528129951794,0.36931641088971295
1E552D19,EAME,2023-05-30,95,bobolink,0.7633976799594266,0.5891956076219722
1E552D19,EAME,2023-05-30,50,bobolink,0.8542142999483059,0.5891956076219722
1E552D19,EAME,2023-05-30,95,front_hay,0.05849824908553464,0.02320695454960616
1E552D19,EAME,2023-05-30,95,off_field,0.06263861313165389,NA
1E552D19,EAME,2023-05-30,50,off_field,0.06314221331351534,NA
1E552D19,EAME,2023-05-31,95,blue_silo,0.3151539399807742,0.6366765344840987
1E552D19,EAME,2023-05-31,50,blue_silo,0.3807123423186671,0.6366765344840987
1E552D19,EAME,2023-05-31,95,bobolink,0.15698022136333573,0.21796201465771872
1E552D19,EAME,2023-05-31,50,bobolink,0.06492039035138783,0.21796201465771872
1E552D19,EAME,2023-05-31,95,swale,0.13423908541685822,0.21209879033374615
1E552D19,EAME,2023-05-31,50,swale,0.05402223502868694,0.21209879033374615
1E552D19,EAME,2023-05-31,95,front_hay,0.05668123000571225,0
1E552D19,EAME,2023-05-31,95,off_field,0.3369455232333196,NA
1E552D19,EAME,2023-05-31,50,off_field,0.5003450323012582,NA
1E552D19,EAME,2023-06-01,95,blue_silo,0.04112499023472602,0
1E552D19,EAME,2023-06-01,95,bobolink,0.44726272850886856,0.7883767536548462
1E552D19,EAME,2023-06-01,50,bobolink,0.6699305144692359,0.7883767536548462
1E552D19,EAME,2023-06-01,95,underhill,0.05277134112826985,0.03556118771189842
1E552D19,EAME,2023-06-01,95,retired,0.01815249742634756,5.631830065218771e-4
1E552D19,EAME,2023-06-01,95,front_hay,0.3108416814729745,0.5166999097478399
1E552D19,EAME,2023-06-01,50,front_hay,0.3051482447258659,0.5166999097478399
1E552D19,EAME,2023-06-01,95,off_field,0.11954227405002196,NA
1E552D19,EAME,2023-06-01,50,off_field,0.02133642285098732,NA
1E554B19,EAME,2023-06-01,95,blue_silo,0.0661722898079801,0
1E554B19,EAME,2023-06-01,95,bobolink,0.7745314030003757,0.6660787949384908
1E554B19,EAME,2023-06-01,50,bobolink,0.9791768590627816,0.6660787949384908
1E554B19,EAME,2023-06-01,95,front_hay,0.12242352017535822,0.03081623197576565
1E554B19,EAME,2023-06-01,50,front_hay,0.00716045962825054,0.03081623197576565
1E554B19,EAME,2023-06-01,95,off_field,0.03053420754279032,NA
1E554B19,EAME,2023-06-01,50,off_field,0.01366268130896769,NA
1E554B19,EAME,2023-06-09,95,blue_silo,0.29268147325932925,0.6766756715230655
1E554B19,EAME,2023-06-09,50,blue_silo,0.37611763066080567,0.6766756715230655
1E554B19,EAME,2023-06-09,95,bobolink,0.28585575675102304,0.4587958164862336
1E554B19,EAME,2023-06-09,50,bobolink,0.24906590962515088,0.4587958164862336
1E554B19,EAME,2023-06-09,95,underhill,0.06335341114005628,0.14588192753817864
1E554B19,EAME,2023-06-09,50,underhill,0.01755170832464984,0.14588192753817864
1E554B19,EAME,2023-06-09,95,retired,0.09069146296615746,0.6344971174310745
1E554B19,EAME,2023-06-09,50,retired,0.1092808231467254,0.6344971174310745
1E554B19,EAME,2023-06-09,95,front_hay,0.1939248075236568,0.4694378063067873
1E554B19,EAME,2023-06-09,50,front_hay,0.1728858017632139,0.4694378063067873
1E554B19,EAME,2023-06-09,95,off_field,0.06903090431506954,NA
1E554B19,EAME,2023-06-09,50,off_field,0.07509812647945428,NA
1E554B19,EAME,2023-06-10,95,blue_silo,0.2667596971503455,0.8102414556687407
1E554B19,EAME,2023-06-10,50,blue_silo,0.41026500151494855,0.8102414556687407
1E554B19,EAME,2023-06-10,95,bobolink,0.2478881428350135,0.4215261107753072
1E554B19,EAME,2023-06-10,50,bobolink,0.19833987255205335,0.4215261107753072
1E554B19,EAME,2023-06-10,95,underhill,0.16007589870531047,0.2768563131164774
1E554B19,EAME,2023-06-10,50,underhill,0.08412211330181375,0.2768563131164774
1E554B19,EAME,2023-06-10,95,retired,0.11471365464208388,0.8632640033279287
1E554B19,EAME,2023-06-10,50,retired,0.1879700005072275,0.8632640033279287
1E554B19,EAME,2023-06-10,95,front_hay,0.112919844838843,0.14830561242352328
1E554B19,EAME,2023-06-10,50,front_hay,0.03178759374079261,0.14830561242352328
1E554B19,EAME,2023-06-10,95,clydesdale,0.01209820896209907,0
1E554B19,EAME,2023-06-10,95,off_field,0.07744896625204233,NA
1E554B19,EAME,2023-06-10,50,off_field,0.08751541838316423,NA
1E554B19,EAME,2023-07-04,95,blue_silo,0.06448124903188329,0
1E554B19,EAME,2023-07-04,95,bobolink,0.9340036159771,0.5638858006455064
1E554B19,EAME,2023-07-04,50,bobolink,1.000000028897969,0.5638858006455064
1E554B19,EAME,2023-07-04,95,off_field,0.00144904791203911,NA
1E554B19,EAME,2023-07-04,50,off_field,0,NA
1E554B19,EAME,2023-05-31,95,blue_silo,0.12779244540826232,0.14759902140809497
1E554B19,EAME,2023-05-31,50,blue_silo,0.035838051893235,0.14759902140809497
1E554B19,EAME,2023-05-31,95,bobolink,0.6144917271303479,0.7782272911151643
1E554B19,EAME,2023-05-31,50,bobolink,0.9086115061905848,0.7782272911151643
1E554B19,EAME,2023-05-31,95,swale,0.00948799359367649,0
1E554B19,EAME,2023-05-31,95,underhill,0.00631023080647212,0
1E554B19,EAME,2023-05-31,95,retired,0.02554097218823298,0
1E554B19,EAME,2023-05-31,95,front_hay,0.10370359604604852,0.06223372916525831
1E554B19,EAME,2023-05-31,50,front_hay,0.01226239712684586,0.06223372916525831
1E554B19,EAME,2023-05-31,95,off_field,0.11180683048135363,NA
1E554B19,EAME,2023-05-31,50,off_field,0.04328804478933441,NA
1E554B19,EAME,2023-06-04,95,blue_silo,0.01319825255856656,0
1E554B19,EAME,2023-06-04,95,bobolink,0.956252348484982,0.5515394175288173
1E554B19,EAME,2023-06-04,50,bobolink,0.9999999985225796,0.5515394175288173
1E554B19,EAME,2023-06-04,95,retired,0.00750508089395736,0
1E554B19,EAME,2023-06-04,95,front_hay,0.01192861471733952,0
1E554B19,EAME,2023-06-04,95,off_field,0.01054160983055173,NA
1E554B19,EAME,2023-06-04,50,off_field,1.4774205674324346e-9,NA
1E554B19,EAME,2023-06-05,95,blue_silo,0.0326355011937628,0
1E554B19,EAME,2023-06-05,95,bobolink,0.5606116578164773,0.5444129065623826
1E554B19,EAME,2023-06-05,50,bobolink,0.5795324019503038,0.5444129065623826
1E554B19,EAME,2023-06-05,95,underhill,0.03137078330863761,0.08966453086101485
1E554B19,EAME,2023-06-05,50,underhill,0.00534113098698668,0.08966453086101485
1E554B19,EAME,2023-06-05,95,retired,0.02449892366073113,0.06501024723045634
1E554B19,EAME,2023-06-05,95,front_hay,0.28139573171680804,0.6051195242066016
1E554B19,EAME,2023-06-05,50,front_hay,0.3233298916693565,0.6051195242066016
1E554B19,EAME,2023-06-05,95,off_field,0.0693721679572498,NA
1E554B19,EAME,2023-06-05,50,off_field,0.08877233710502216,NA
1E554B19,EAME,2023-06-06,95,blue_silo,0.08949863960415594,0.29920242529883573
1E554B19,EAME,2023-06-06,50,blue_silo,0.05086322983459086,0.29920242529883573
1E554B19,EAME,2023-06-06,95,bobolink,0.6831858211748283,0.7179940129037078
1E554B19,EAME,2023-06-06,50,bobolink,0.931712792199452,0.7179940129037078
1E554B19,EAME,2023-06-06,95,underhill,0.00785617867809397,0
1E554B19,EAME,2023-06-06,95,retired,0.02129688378481661,0
1E554B19,EAME,2023-06-06,95,front_hay,0.0841384885838709,0
1E554B19,EAME,2023-06-06,95,entrance,0.02370718716323363,0
1E554B19,EAME,2023-06-06,95,clydesdale,0.04104003643238289,0
1E554B19,EAME,2023-06-06,95,off_field,0.04927676457861776,NA
1E554B19,EAME,2023-06-06,50,off_field,0.01742397796595702,NA
1E554B19,EAME,2023-06-08,95,blue_silo,0.3340521413024237,0.6469769977396345
1E554B19,EAME,2023-06-08,50,blue_silo,0.4105071039410423,0.6469769977396345
1E554B19,EAME,2023-06-08,95,bobolink,0.4567774922231137,0.6138593712304016
1E554B19,EAME,2023-06-08,50,bobolink,0.5325877375694221,0.6138593712304016
1E554B19,EAME,2023-06-08,95,swale,0.00972214019656069,0
1E554B19,EAME,2023-06-08,95,underhill,0.00709026044903776,0
1E554B19,EAME,2023-06-08,95,retired,0.0213240773572077,0
1E554B19,EAME,2023-06-08,95,front_hay,0.06719606199501799,0
1E554B19,EAME,2023-06-08,95,off_field,0.0963387933168911,NA
1E554B19,EAME,2023-06-08,50,off_field,0.05690515848953564,NA
1E554B19,EAME,2023-06-11,95,blue_silo,0.39588144278705495,0.7244553158754681
1E554B19,EAME,2023-06-11,50,blue_silo,0.5449249849777953,0.7244553158754681
1E554B19,EAME,2023-06-11,95,bobolink,0.4224620683275619,0.4457689926307178
1E554B19,EAME,2023-06-11,50,bobolink,0.35781418205957743,0.4457689926307178
1E554B19,EAME,2023-06-11,95,underhill,0.00685991158632029,0
1E554B19,EAME,2023-06-11,95,retired,0.07203478756759026,0.12591851014708094
1E554B19,EAME,2023-06-11,50,retired,0.01723422780746375,0.12591851014708094
1E554B19,EAME,2023-06-11,95,front_hay,0.0376937670711401,0
1E554B19,EAME,2023-06-11,95,off_field,0.06438935449725015,NA
1E554B19,EAME,2023-06-11,50,off_field,0.08002660515516356,NA
1E554B19,EAME,2023-06-13,95,blue_silo,0.2772638357001687,0.670785563903491
1E554B19,EAME,2023-06-13,50,blue_silo,0.3533545618120121,0.670785563903491
1E554B19,EAME,2023-06-13,95,bobolink,0.15253577505298038,0.34279204781329575
1E554B19,EAME,2023-06-13,50,bobolink,0.09934275950362974,0.34279204781329575
1E554B19,EAME,2023-06-13,95,underhill,0.2266574459625297,0.3995539671641365
1E554B19,EAME,2023-06-13,50,underhill,0.17205971759228375,0.3995539671641365
1E554B19,EAME,2023-06-13,95,retired,0.20324441217744124,0.7414633548255979
1E554B19,EAME,2023-06-13,50,retired,0.28631366357009425,0.7414633548255979
1E554B19,EAME,2023-06-13,95,front_hay,0.04298846038119026,0.00120642027841747
1E554B19,EAME,2023-06-13,95,off_field,0.09586040347424038,NA
1E554B19,EAME,2023-06-13,50,off_field,0.08883076393619437,NA
1E554B19,EAME,2023-07-03,95,blue_silo,0.34586296070833933,0.5740993995796536
1E554B19,EAME,2023-07-03,50,blue_silo,0.37720224486135134,0.5740993995796536
1E554B19,EAME,2023-07-03,95,bobolink,0.5589774218906224,0.58454788789099
1E554B19,EAME,2023-07-03,50,bobolink,0.6207224930099704,0.58454788789099
1E554B19,EAME,2023-07-03,95,swale,0.01596164735388325,0
1E554B19,EAME,2023-07-03,95,front_hay,0.02478899723372603,0
1E554B19,EAME,2023-07-03,95,off_field,0.05440415206286037,NA
1E554B19,EAME,2023-07-03,50,off_field,0.00207526212867826,NA
1E554B19,EAME,2023-07-05,95,blue_silo,0.4696915038743182,0.31345615387816694
1E554B19,EAME,2023-07-05,50,blue_silo,0.2795745979163454,0.31345615387816694
1E554B19,EAME,2023-07-05,95,bobolink,0.42854650881686646,0.7962919212081758
1E554B19,EAME,2023-07-05,50,bobolink,0.6480051764135653,0.7962919212081758
1E554B19,EAME,2023-07-05,95,retired,0.02266837370472382,0
1E554B19,EAME,2023-07-05,95,front_hay,0.04295995704128057,0.42916941863486824
1E554B19,EAME,2023-07-05,50,front_hay,0.03501070130873757,0.42916941863486824
1E554B19,EAME,2023-07-05,95,off_field,0.03135243347920901,NA
1E554B19,EAME,2023-07-05,50,off_field,0.03740952436135172,NA
1E554B19,EAME,2023-06-07,95,blue_silo,0.2196529230219023,0.5081434246388179
1E554B19,EAME,2023-06-07,50,blue_silo,0.21186277925230215,0.5081434246388179
1E554B19,EAME,2023-06-07,95,bobolink,0.552136705218248,0.7249578528888028
1E554B19,EAME,2023-06-07,50,bobolink,0.7597850535311476,0.7249578528888028
1E554B19,EAME,2023-06-07,95,swale,0.01268535276348669,0
1E554B19,EAME,2023-06-07,95,underhill,0.01948140087375017,0
1E554B19,EAME,2023-06-07,95,retired,0.01636968496216964,0
1E554B19,EAME,2023-06-07,95,front_hay,0.03302078533823337,0
1E554B19,EAME,2023-06-07,95,pond,0.04395341206291638,0
1E554B19,EAME,2023-06-07,95,off_field,0.10056085893643316,NA
1E554B19,EAME,2023-06-07,50,off_field,0.0283521672165503,NA
1E554B19,EAME,2023-06-02,95,blue_silo,0.06453655491220221,0
1E554B19,EAME,2023-06-02,95,bobolink,0.47655570264723673,0.8627155607703673
1E554B19,EAME,2023-06-02,50,bobolink,0.7807902419757978,0.8627155607703673
1E554B19,EAME,2023-06-02,95,pear_tree,0.00724967510253909,0
1E554B19,EAME,2023-06-02,95,swale,0.01167076526124169,0
1E554B19,EAME,2023-06-02,95,underhill,0.09985732247131936,0.03180236483042771
1E554B19,EAME,2023-06-02,50,underhill,0.0060310427519915,0.03180236483042771
1E554B19,EAME,2023-06-02,95,retired,0.01163354108575048,0
1E554B19,EAME,2023-06-02,95,front_hay,0.2588923888629667,0.3945076871460853
1E554B19,EAME,2023-06-02,50,front_hay,0.19396699054207037,0.3945076871460853
1E554B19,EAME,2023-06-02,95,entrance,0.00659622299276008,0
1E554B19,EAME,2023-06-02,95,off_field,0.0627182535300853,NA
1E554B19,EAME,2023-06-02,50,off_field,0.01921172473014029,NA
1E554B19,EAME,2023-06-14,95,alfalfa,0.1481615148355942,0.5247931098758826
1E554B19,EAME,2023-06-14,50,alfalfa,0.14770568964380523,0.5247931098758826
1E554B19,EAME,2023-06-14,95,blue_silo,0.20087402710954613,0.678213966876245
1E554B19,EAME,2023-06-14,50,blue_silo,0.25879996077318856,0.678213966876245
1E554B19,EAME,2023-06-14,95,bobolink,0.00611118468689528,0
1E554B19,EAME,2023-06-14,95,frog,0.01669064166077046,0
1E554B19,EAME,2023-06-14,95,horse,0.0234260342109792,0
1E554B19,EAME,2023-06-14,95,swale,0.3902435506369789,0.7345243237820079
1E554B19,EAME,2023-06-14,50,swale,0.5445222207256649,0.7345243237820079
1E554B19,EAME,2023-06-14,95,underhill,0.00972158417379373,0
1E554B19,EAME,2023-06-14,95,retired,0.03538431623706056,0.4796418365514606
1E554B19,EAME,2023-06-14,50,retired,0.03224048419868377,0.4796418365514606
1E554B19,EAME,2023-06-14,95,pond,0.04313903655002868,0.01203811611485601
1E554B19,EAME,2023-06-14,95,back_woods,0.02228591923593097,0.16797513126779973
1E554B19,EAME,2023-06-14,50,back_woods,0.00711130379386786,0.16797513126779973
1E554B19,EAME,2023-06-14,95,cattle,0.03971416849872355,0
1E554B19,EAME,2023-06-14,95,wish_well,0.01279128810247974,0
1E554B19,EAME,2023-06-14,95,off_field,0.0408750019632515,NA
1E554B19,EAME,2023-06-14,50,off_field,0.00863382821121089,NA
1E554B19,EAME,2023-05-30,95,blue_silo,0.3194633675581469,0.6387131748805137
1E554B19,EAME,2023-05-30,50,blue_silo,0.38744088646525054,0.6387131748805137
1E554B19,EAME,2023-05-30,95,bobolink,0.5039774117082825,0.5486655131923347
1E554B19,EAME,2023-05-30,50,bobolink,0.5250458676098545,0.5486655131923347
1E554B19,EAME,2023-05-30,95,retired,0.03065159415868595,0.0547642704455316
1E554B19,EAME,2023-05-30,95,front_hay,0.08768849179804693,0.19172684945361196
1E554B19,EAME,2023-05-30,50,front_hay,0.03192302559075946,0.19172684945361196
1E554B19,EAME,2023-05-30,95,off_field,0.05574937634574413,NA
1E554B19,EAME,2023-05-30,50,off_field,0.05240287673847513,NA
1E554B19,EAME,2023-06-12,95,blue_silo,0.2695199169344491,0.7133143818111766
1E554B19,EAME,2023-06-12,50,blue_silo,0.3652529460230297,0.7133143818111766
1E554B19,EAME,2023-06-12,95,bobolink,0.17868038371679237,0.3060462927095931
1E554B19,EAME,2023-06-12,50,bobolink,0.10389290322703924,0.3060462927095931
1E554B19,EAME,2023-06-12,95,underhill,0.18446231477384695,0.3106047806593264
1E554B19,EAME,2023-06-12,50,underhill,0.10885231583943422,0.3106047806593264
1E554B19,EAME,2023-06-12,95,retired,0.1952631933222549,0.8700628481274784
1E554B19,EAME,2023-06-12,50,retired,0.32276980146148176,0.8700628481274784
1E554B19,EAME,2023-06-12,95,front_hay,0.0681733311710686,0.16862528011486985
1E554B19,EAME,2023-06-12,50,front_hay,0.02184032429749123,0.16862528011486985
1E554B19,EAME,2023-06-12,95,clydesdale,0.0051760894967071,0
1E554B19,EAME,2023-06-12,95,off_field,0.09221798014905616,NA
1E554B19,EAME,2023-06-12,50,off_field,0.0773917091515238,NA
1E554B19,EAME,2023-06-03,95,blue_silo,0.1609066938534774,0
1E554B19,EAME,2023-06-03,95,bobolink,0.5034537424317771,0.6474493828739836
1E554B19,EAME,2023-06-03,50,bobolink,0.6188174749444251,0.6474493828739836
1E554B19,EAME,2023-06-03,95,underhill,0.03299335318080135,0.2704449268649021
1E554B19,EAME,2023-06-03,50,underhill,0.01693957342743275,0.2704449268649021
1E554B19,EAME,2023-06-03,95,retired,0.04707510307723717,0.46209428364056154
1E554B19,EAME,2023-06-03,50,retired,0.04129705197549209,0.46209428364056154
1E554B19,EAME,2023-06-03,95,front_hay,0.1747744753063387,0.6730588175050741
1E554B19,EAME,2023-06-03,50,front_hay,0.22332029852541016,0.6730588175050741
1E554B19,EAME,2023-06-03,95,off_field,0.08058022369742615,NA
1E554B19,EAME,2023-06-03,50,off_field,0.09962560112723992,NA
1E614C07,BOBO,2022-07-15,95,frog,0.05040728001495156,0
1E614C07,BOBO,2022-07-15,95,horse,0.07904133969720598,0.04931201391888104
1E614C07,BOBO,2022-07-15,50,horse,0.00739575377270475,0.04931201391888104
1E614C07,BOBO,2022-07-15,95,wheat,0.0778696974719975,0
1E614C07,BOBO,2022-07-15,95,quarter,0.7782144326264219,0.6635025122741498
1E614C07,BOBO,2022-07-15,50,quarter,0.9797544934741138,0.6635025122741498
1E614C07,BOBO,2022-07-15,95,off_field,0.01446725018942307,NA
1E614C07,BOBO,2022-07-15,50,off_field,0.01284975275318144,NA
1E614C07,BOBO,2022-07-24,95,frog,0.1626051387704228,0.3758563418572656
1E614C07,BOBO,2022-07-24,50,frog,0.11607271559758112,0.3758563418572656
1E614C07,BOBO,2022-07-24,95,horse,0.16968329188906178,0.46090437516614857
1E614C07,BOBO,2022-07-24,50,horse,0.14853332666784796,0.46090437516614857
1E614C07,BOBO,2022-07-24,95,wheat,0.45202951831653343,0.6940794714465176
1E614C07,BOBO,2022-07-24,50,wheat,0.5958679022153949,0.6940794714465176
1E614C07,BOBO,2022-07-24,95,quarter,0.17313352852470054,0.4288661280061488
1E614C07,BOBO,2022-07-24,50,quarter,0.14101877031975898,0.4288661280061488
1E614C07,BOBO,2022-07-24,95,cattle,0.04013478462760581,0
1E614C07,BOBO,2022-07-24,95,off_field,0,NA
1E614C07,BOBO,2022-07-24,50,off_field,0,NA
1E614C07,BOBO,2022-08-13,95,blue_silo,0.0050067163325741,0
1E614C07,BOBO,2022-08-13,95,horse,0.416887271642864,0.7224128109811371
1E614C07,BOBO,2022-08-13,50,horse,0.5707831324899731,0.7224128109811371
1E614C07,BOBO,2022-08-13,95,quarter,0.0216382530503703,0
1E614C07,BOBO,2022-08-13,95,front_hay,0.01066669978179308,0
1E614C07,BOBO,2022-08-13,95,cat_barn,0.00614384433113069,0
1E614C07,BOBO,2022-08-13,95,native_ws,0.09562896033476986,0.354049407338178
1E614C07,BOBO,2022-08-13,50,native_ws,0.06416827462884796,0.354049407338178
1E614C07,BOBO,2022-08-13,95,wish_well,0.3292119842194711,0.5291984977215626
1E614C07,BOBO,2022-08-13,50,wish_well,0.3301880071498739,0.5291984977215626
1E614C07,BOBO,2022-08-13,95,off_field,0.10129740389671964,NA
1E614C07,BOBO,2022-08-13,50,off_field,0.03486058573130495,NA
1E614C07,BOBO,2022-08-17,95,blue_silo,0.01458087197724855,0
1E614C07,BOBO,2022-08-17,95,frog,0.10694080157991054,0.9258324405065762
1E614C07,BOBO,2022-08-17,50,frog,0.1880233787014736,0.9258324405065762
1E614C07,BOBO,2022-08-17,95,horse,0.09501123939692852,0.8445699002740608
1E614C07,BOBO,2022-08-17,50,horse,0.15238653927162268,0.8445699002740608
1E614C07,BOBO,2022-08-17,95,pear_tree,0.0761678222309255,0.5339629734318053
1E614C07,BOBO,2022-08-17,50,pear_tree,0.07723580986121574,0.5339629734318053
1E614C07,BOBO,2022-08-17,95,underhill,0.08713258214773767,0.3314973682759087
1E614C07,BOBO,2022-08-17,50,underhill,0.0548525336742729,0.3314973682759087
1E614C07,BOBO,2022-08-17,95,wheat,0.17156191841717716,0.7844723140985488
1E614C07,BOBO,2022-08-17,50,wheat,0.2555845151949198,0.7844723140985488
1E614C07,BOBO,2022-08-17,95,quarter,0.10802931735655938,0.711705804698577
1E614C07,BOBO,2022-08-17,50,quarter,0.1460085079977601,0.711705804698577
1E614C07,BOBO,2022-08-17,95,retired,0.02850816575049582,0
1E614C07,BOBO,2022-08-17,95,front_hay,0.089213235202406,0
1E614C07,BOBO,2022-08-17,95,entrance,0.0129039420076428,0
1E614C07,BOBO,2022-08-17,95,cattle,0.10305232817947814,0.6145699000954301
1E614C07,BOBO,2022-08-17,50,cattle,0.12027216181086038,0.6145699000954301
1E614C07,BOBO,2022-08-17,95,wish_well,0.03903401544135025,0.11514480769349585
1E614C07,BOBO,2022-08-17,50,wish_well,0.00853539475650353,0.11514480769349585
1E614C07,BOBO,2022-08-17,95,off_field,0.05914160878428529,NA
1E614C07,BOBO,2022-08-17,50,off_field,0,NA
1E614C07,BOBO,2022-08-24,95,frog,0.9828588098147726,0.5357826222323673
1E614C07,BOBO,2022-08-24,50,frog,0.9999999752764568,0.5357826222323673
1E614C07,BOBO,2022-08-24,95,wheat,0.01335217705812071,0
1E614C07,BOBO,2022-08-24,95,cattle,0.00706612327374984,0
1E614C07,BOBO,2022-08-24,95,off_field,0,NA
1E614C07,BOBO,2022-08-24,50,off_field,2.4723543194267443e-8,NA
1E614C07,BOBO,2022-08-26,95,alfalfa,0.0535248159196367,0.437992388331814
1E614C07,BOBO,2022-08-26,50,alfalfa,0.04447944464941278,0.437992388331814
1E614C07,BOBO,2022-08-26,95,blue_silo,0.00564005183815068,0
1E614C07,BOBO,2022-08-26,95,swale,0.7625277404627497,0.6505904787294872
1E614C07,BOBO,2022-08-26,50,swale,0.9412412710079384,0.6505904787294872
1E614C07,BOBO,2022-08-26,95,underhill,0.01296189169421057,0
1E614C07,BOBO,2022-08-26,95,wheat,0.02698208902745424,0
1E614C07,BOBO,2022-08-26,95,quarter,0.04644008197158217,0
1E614C07,BOBO,2022-08-26,95,cat_barn,0.01011965383038845,0
1E614C07,BOBO,2022-08-26,95,gi,0.0054757942048478,0
1E614C07,BOBO,2022-08-26,95,off_field,0.07216349538161775,NA
1E614C07,BOBO,2022-08-26,50,off_field,0.01427928434264884,NA
1E614C07,BOBO,2022-08-10,95,blue_silo,0.05472913324238434,0
1E614C07,BOBO,2022-08-10,95,frog,0.0916905936487925,0.37017119741209414
1E614C07,BOBO,2022-08-10,50,frog,0.06448102224478819,0.37017119741209414
1E614C07,BOBO,2022-08-10,95,horse,0.1511300099724212,0.6267813722890838
1E614C07,BOBO,2022-08-10,50,horse,0.17995805783449145,0.6267813722890838
1E614C07,BOBO,2022-08-10,95,pear_tree,0.01819889448387162,0
1E614C07,BOBO,2022-08-10,95,swale,0.00608915375794553,0
1E614C07,BOBO,2022-08-10,95,wheat,0.3589728290364173,0.7605526525222832
1E614C07,BOBO,2022-08-10,50,wheat,0.5186750632501723,0.7605526525222832
1E614C07,BOBO,2022-08-10,95,quarter,0.092484365145809,0.4481834828705909
1E614C07,BOBO,2022-08-10,50,quarter,0.07874603082206419,0.4481834828705909
1E614C07,BOBO,2022-08-10,95,retired,0.00814235286885116,0
1E614C07,BOBO,2022-08-10,95,donkey,0.0059852098963413,0
1E614C07,BOBO,2022-08-10,95,native_ws,0.01057778701805046,0
1E614C07,BOBO,2022-08-10,95,cattle,0.04056484760868829,0.40858995797179937
1E614C07,BOBO,2022-08-10,50,cattle,0.03148778004159659,0.40858995797179937
1E614C07,BOBO,2022-08-10,95,wish_well,0.09486152683564004,0.749184121764297
1E614C07,BOBO,2022-08-10,50,wish_well,0.1350153605205407,0.749184121764297
1E614C07,BOBO,2022-08-10,95,off_field,0.06589159455998828,NA
1E614C07,BOBO,2022-08-10,50,off_field,0,NA
1E614C07,BOBO,2022-08-14,95,blue_silo,0.00574073652065139,0
1E614C07,BOBO,2022-08-14,95,frog,0.12301234464310792,0.4491611706729953
1E614C07,BOBO,2022-08-14,50,frog,0.10485289818998306,0.4491611706729953
1E614C07,BOBO,2022-08-14,95,horse,0.08494554969254035,0.21826350236966224
1E614C07,BOBO,2022-08-14,50,horse,0.0351844922911181,0.21826350236966224
1E614C07,BOBO,2022-08-14,95,pear_tree,0.0413817891610205,0
1E614C07,BOBO,2022-08-14,95,swale,0.00646086673647487,0
1E614C07,BOBO,2022-08-14,95,underhill,0.00956801827220249,0
1E614C07,BOBO,2022-08-14,95,wheat,0.22508912766349023,0.4702612766690966
1E614C07,BOBO,2022-08-14,50,wheat,0.20087379025875468,0.4702612766690966
1E614C07,BOBO,2022-08-14,95,quarter,0.4180995603482072,0.816807447532273
1E614C07,BOBO,2022-08-14,50,quarter,0.6480804750123079,0.816807447532273
1E614C07,BOBO,2022-08-14,95,retired,0.00626583054140635,0
1E614C07,BOBO,2022-08-14,95,cattle,0.02914969186382298,0.04168802944776576
1E614C07,BOBO,2022-08-14,95,wish_well,0.03324540155168239,0.18587175637385792
1E614C07,BOBO,2022-08-14,50,wish_well,0.01172666512650718,0.18587175637385792
1E614C07,BOBO,2022-08-14,95,off_field,0.01673117567181114,NA
1E614C07,BOBO,2022-08-14,50,off_field,0,NA
1E614C07,BOBO,2022-08-18,95,frog,0.07507619076820662,0.7926467439082118
1E614C07,BOBO,2022-08-18,50,frog,0.11305135635991996,0.7926467439082118
1E614C07,BOBO,2022-08-18,95,horse,0.15854750627856998,0.8195345806241103
1E614C07,BOBO,2022-08-18,50,horse,0.24684285865549407,0.8195345806241103
1E614C07,BOBO,2022-08-18,95,pear_tree,0.0055866688799742,0
1E614C07,BOBO,2022-08-18,95,underhill,0.04716893866317065,0
1E614C07,BOBO,2022-08-18,95,wheat,0.146702115035887,0.6058927971023846
1E614C07,BOBO,2022-08-18,50,wheat,0.16885970761685465,0.6058927971023846
1E614C07,BOBO,2022-08-18,95,quarter,0.07099186764370895,0.28908420367446735
1E614C07,BOBO,2022-08-18,50,quarter,0.0389876295751337,0.28908420367446735
1E614C07,BOBO,2022-08-18,95,front_hay,0.02817739890209164,0
1E614C07,BOBO,2022-08-18,95,native_ws,0.09600358987944864,0.5468249034906424
1E614C07,BOBO,2022-08-18,50,native_ws,0.09973087424837192,0.5468249034906424
1E614C07,BOBO,2022-08-18,95,cattle,0.1089137757975453,0.14140741891712688
1E614C07,BOBO,2022-08-18,50,cattle,0.02925828579025027,0.14140741891712688
1E614C07,BOBO,2022-08-18,95,wish_well,0.22712930516728552,0.6421087046306638
1E614C07,BOBO,2022-08-18,50,wish_well,0.277061127882046,0.6421087046306638
1E614C07,BOBO,2022-08-18,95,off_field,0.03209774284950191,NA
1E614C07,BOBO,2022-08-18,50,off_field,0.02620815987192938,NA
1E614C07,BOBO,2022-08-22,95,blue_silo,0.03016639156641907,0
1E614C07,BOBO,2022-08-22,95,bobolink,0.00582727051663304,0
1E614C07,BOBO,2022-08-22,95,frog,0.01547764994595765,0.05160252781173892
1E614C07,BOBO,2022-08-22,95,horse,0.0917175319262249,0.8969270772683091
1E614C07,BOBO,2022-08-22,50,horse,0.1562910357869323,0.8969270772683091
1E614C07,BOBO,2022-08-22,95,pear_tree,0.09215671865393424,0.439053544284598
1E614C07,BOBO,2022-08-22,50,pear_tree,0.07687215656310864,0.439053544284598
1E614C07,BOBO,2022-08-22,95,underhill,0.0770272924815875,0.00233033385594965
1E614C07,BOBO,2022-08-22,95,wheat,0.12698858442269037,0.685752765580128
1E614C07,BOBO,2022-08-22,50,wheat,0.16544621060520365,0.685752765580128
1E614C07,BOBO,2022-08-22,95,quarter,0.05350786654212437,0.596095422717173
1E614C07,BOBO,2022-08-22,50,quarter,0.06059795899537288,0.596095422717173
1E614C07,BOBO,2022-08-22,95,retired,0.0265187315553649,6.793968945531218e-5
1E614C07,BOBO,2022-08-22,95,front_hay,0.03214681180389718,0
1E614C07,BOBO,2022-08-22,95,native_ws,0.13639274636806814,0.797661692967308
1E614C07,BOBO,2022-08-22,50,native_ws,0.2066971959099544,0.797661692967308
1E614C07,BOBO,2022-08-22,95,cattle,0.01242690371817156,0.00127022243385676
1E614C07,BOBO,2022-08-22,95,wish_well,0.15729553517037065,0.8447981060107852
1E614C07,BOBO,2022-08-22,50,wish_well,0.25246076949935586,0.8447981060107852
1E614C07,BOBO,2022-08-22,95,off_field,0.1403944870305679,NA
1E614C07,BOBO,2022-08-22,50,off_field,0.07972599261731834,NA
1E614C07,BOBO,2022-08-28,95,alfalfa,0.03829866283105591,0.00336312718535427
1E614C07,BOBO,2022-08-28,95,blue_silo,0.1166367850800036,0
1E614C07,BOBO,2022-08-28,95,bobolink,0.01560110974883201,0
1E614C07,BOBO,2022-08-28,95,swale,0.718702329868767,0.7324665985702218
1E614C07,BOBO,2022-08-28,50,swale,0.9997572191663752,0.7324665985702218
1E614C07,BOBO,2022-08-28,95,cat_barn,0.01582299271461501,0
1E614C07,BOBO,2022-08-28,95,gi,0.02246962202184015,0
1E614C07,BOBO,2022-08-28,95,native_ws,0.00564802065965891,0
1E614C07,BOBO,2022-08-28,95,off_field,0.06517601184400279,NA
1E614C07,BOBO,2022-08-28,50,off_field,0,NA
1E614C07,BOBO,2022-09-11,95,alfalfa,0.00842347352401217,0
1E614C07,BOBO,2022-09-11,95,blue_silo,0.2628940859490634,0.8343246562451857
1E614C07,BOBO,2022-09-11,50,blue_silo,0.4165303948251405,0.8343246562451857
1E614C07,BOBO,2022-09-11,95,bobolink,0.15227392433856535,0.7704786925692876
1E614C07,BOBO,2022-09-11,50,bobolink,0.22280091839226776,0.7704786925692876
1E614C07,BOBO,2022-09-11,95,pear_tree,0.00906110753751905,0
1E614C07,BOBO,2022-09-11,95,swale,0.1623096830549039,0.5286219913471728
1E614C07,BOBO,2022-09-11,50,swale,0.1629372790246273,0.5286219913471728
1E614C07,BOBO,2022-09-11,95,underhill,0.04275140181308063,0.0941260392111544
1E614C07,BOBO,2022-09-11,50,underhill,0.00764171694993693,0.0941260392111544
1E614C07,BOBO,2022-09-11,95,quarter,0.01323350969694065,0
1E614C07,BOBO,2022-09-11,95,retired,0.04234014478314508,0.717929608420086
1E614C07,BOBO,2022-09-11,50,retired,0.05772514158885118,0.717929608420086
1E614C07,BOBO,2022-09-11,95,front_hay,0.09813813690095798,0.2903195695887871
1E614C07,BOBO,2022-09-11,50,front_hay,0.05410593714535252,0.2903195695887871
1E614C07,BOBO,2022-09-11,95,entrance,0.04384638922514003,0
1E614C07,BOBO,2022-09-11,95,clydesdale,0.0171521423933683,0
1E614C07,BOBO,2022-09-11,95,pond,0.01150448460281812,0
1E614C07,BOBO,2022-09-11,95,cat_barn,0.0123860908455629,0
1E614C07,BOBO,2022-09-11,95,gi,0.00518964234602002,0
1E614C07,BOBO,2022-09-11,95,off_field,0.1101413104218749,NA
1E614C07,BOBO,2022-09-11,50,off_field,0.07825861207382383,NA
1E614C07,BOBO,2022-07-27,95,frog,0.14954010871983234,0.2868383080877185
1E614C07,BOBO,2022-07-27,50,frog,0.0814250855425719,0.2868383080877185
1E614C07,BOBO,2022-07-27,95,wheat,0.8504660594259255,0.570015051413038
1E614C07,BOBO,2022-07-27,50,wheat,0.9202518287432064,0.570015051413038
1E614C07,BOBO,2022-07-27,95,off_field,0,NA
1E614C07,BOBO,2022-07-27,50,off_field,0,NA
1E614C07,BOBO,2022-08-03,95,frog,0.09825267460761997,0.3073632835604678
1E614C07,BOBO,2022-08-03,50,frog,0.05734357826807998,0.3073632835604678
1E614C07,BOBO,2022-08-03,95,horse,0.06319822773213665,0.06678419032958674
1E614C07,BOBO,2022-08-03,50,horse,0.00801432565658807,0.06678419032958674
1E614C07,BOBO,2022-08-03,95,pear_tree,0.0191647935603485,0
1E614C07,BOBO,2022-08-03,95,wheat,0.5701203736436236,0.8065318114783595
1E614C07,BOBO,2022-08-03,50,wheat,0.8731251213557522,0.8065318114783595
1E614C07,BOBO,2022-08-03,95,quarter,0.09311432655716644,0.304005474569311
1E614C07,BOBO,2022-08-03,50,quarter,0.05375097324132535,0.304005474569311
1E614C07,BOBO,2022-08-03,95,cattle,0.02664158955237485,0.1544051711064028
1E614C07,BOBO,2022-08-03,50,cattle,0.00781106757935525,0.1544051711064028
1E614C07,BOBO,2022-08-03,95,wish_well,0.02820718953675212,0
1E614C07,BOBO,2022-08-03,95,off_field,0.10090796247404782,NA
1E614C07,BOBO,2022-08-03,50,off_field,0,NA
1E614C07,BOBO,2022-07-18,95,frog,0.3112582197211397,0.5793967124500452
1E614C07,BOBO,2022-07-18,50,frog,0.3426403971810209,0.5793967124500452
1E614C07,BOBO,2022-07-18,95,horse,0.06766147169524533,0.16332656325088715
1E614C07,BOBO,2022-07-18,50,horse,0.02099616478156822,0.16332656325088715
1E614C07,BOBO,2022-07-18,95,wheat,0.4209963516210903,0.5178300887108401
1E614C07,BOBO,2022-07-18,50,wheat,0.4141973566387499,0.5178300887108401
1E614C07,BOBO,2022-07-18,95,quarter,0.19864442786087097,0.5799585856844185
1E614C07,BOBO,2022-07-18,50,quarter,0.21888453512039205,0.5799585856844185
1E614C07,BOBO,2022-07-18,95,off_field,0.00143952910165375,NA
1E614C07,BOBO,2022-07-18,50,off_field,0.00328154627826884,NA
1E614C07,BOBO,2022-07-30,95,frog,0.3507202376906046,0.8584801033600385
1E614C07,BOBO,2022-07-30,50,frog,0.5719287890176443,0.8584801033600385
1E614C07,BOBO,2022-07-30,95,pear_tree,0.01667840431037607,0
1E614C07,BOBO,2022-07-30,95,wheat,0.43871114537194017,0.4770406088499319
1E614C07,BOBO,2022-07-30,50,wheat,0.3975437366183136,0.4770406088499319
1E614C07,BOBO,2022-07-30,95,quarter,0.05119777214233788,0
1E614C07,BOBO,2022-07-30,95,cattle,0.09139163951280288,0.27591773151817656
1E614C07,BOBO,2022-07-30,50,cattle,0.047900161345049,0.27591773151817656
1E614C07,BOBO,2022-07-30,95,wish_well,0.01708329842247785,0
1E614C07,BOBO,2022-07-30,95,off_field,0.03191657527270421,NA
1E614C07,BOBO,2022-07-30,50,off_field,0,NA
1E614C07,BOBO,2022-08-11,95,blue_silo,0.05896573782992821,0
1E614C07,BOBO,2022-08-11,95,pear_tree,0.06014827637980044,0.3632890447351176
1E614C07,BOBO,2022-08-11,50,pear_tree,0.04150557032748759,0.3632890447351176
1E614C07,BOBO,2022-08-11,95,swale,0.08560175594289482,0.09929192135728808
1E614C07,BOBO,2022-08-11,50,swale,0.01614460729934482,0.09929192135728808
1E614C07,BOBO,2022-08-11,95,underhill,0.05573470280061674,0.14584811951082274
1E614C07,BOBO,2022-08-11,50,underhill,0.01544035997588629,0.14584811951082274
1E614C07,BOBO,2022-08-11,95,wheat,0.5048302402340398,0.6759812894065496
1E614C07,BOBO,2022-08-11,50,wheat,0.6482028480745757,0.6759812894065496
1E614C07,BOBO,2022-08-11,95,retired,0.02476078783376413,0.09474614266736817
1E614C07,BOBO,2022-08-11,95,donkey,0.01989868937658232,0.8463201160164219
1E614C07,BOBO,2022-08-11,50,donkey,0.03198821703364193,0.8463201160164219
1E614C07,BOBO,2022-08-11,95,off_field,0.17920044867055288,NA
1E614C07,BOBO,2022-08-11,50,off_field,0.24226227711608525,NA
1E614C07,BOBO,2022-08-02,95,blue_silo,0.05745661860685212,0.2472586015768498
1E614C07,BOBO,2022-08-02,50,blue_silo,0.02697015402028139,0.2472586015768498
1E614C07,BOBO,2022-08-02,95,frog,0.00987493752966816,0
1E614C07,BOBO,2022-08-02,95,pear_tree,0.03147184566921204,0.6880811147190709
1E614C07,BOBO,2022-08-02,50,pear_tree,0.04111059907028716,0.6880811147190709
1E614C07,BOBO,2022-08-02,95,wheat,0.4191846927821015,0.29881132385970827
1E614C07,BOBO,2022-08-02,50,wheat,0.23779045682836175,0.29881132385970827
1E614C07,BOBO,2022-08-02,95,quarter,0.10876268427499364,0.3917271911097287
1E614C07,BOBO,2022-08-02,50,quarter,0.08088269067469155,0.3917271911097287
1E614C07,BOBO,2022-08-02,95,retired,0.02159712342289015,0.7700285703173262
1E614C07,BOBO,2022-08-02,50,retired,0.03157146273070661,0.7700285703173262
1E614C07,BOBO,2022-08-02,95,donkey,0.05394199495990052,1
1E614C07,BOBO,2022-08-02,50,donkey,0.10240448042645858,1
1E614C07,BOBO,2022-08-02,95,off_field,0.29528349760789185,NA
1E614C07,BOBO,2022-08-02,50,off_field,0.479270156249213,NA
1E614C07,BOBO,2022-08-08,95,frog,0.05631810071409443,0.1922276910043276
1E614C07,BOBO,2022-08-08,50,frog,0.02056744461921524,0.1922276910043276
1E614C07,BOBO,2022-08-08,95,horse,0.2094968892308472,0.6527808874863171
1E614C07,BOBO,2022-08-08,50,horse,0.25981331019195486,0.6527808874863171
1E614C07,BOBO,2022-08-08,95,wheat,0.19242350144215728,0.25668881199686916
1E614C07,BOBO,2022-08-08,50,wheat,0.09383858278776598,0.25668881199686916
1E614C07,BOBO,2022-08-08,95,quarter,0.3128511081228376,0.8743574611775189
1E614C07,BOBO,2022-08-08,50,quarter,0.5196884982133316,0.8743574611775189
1E614C07,BOBO,2022-08-08,95,native_ws,0.06036846900499636,0.3406502922393615
1E614C07,BOBO,2022-08-08,50,native_ws,0.03906927164530201,0.3406502922393615
1E614C07,BOBO,2022-08-08,95,cattle,0.04823260909860055,0.3799729823712765
1E614C07,BOBO,2022-08-08,50,cattle,0.03481848416685036,0.3799729823712765
1E614C07,BOBO,2022-08-08,95,wish_well,0.07416420309201913,0.15417477671109409
1E614C07,BOBO,2022-08-08,50,wish_well,0.02172321245987454,0.15417477671109409
1E614C07,BOBO,2022-08-08,95,off_field,0.04167144181709195,NA
1E614C07,BOBO,2022-08-08,50,off_field,0.01048119591570531,NA
1E614C07,BOBO,2022-08-25,95,alfalfa,0.13114999556241982,0.4542042842013377
1E614C07,BOBO,2022-08-25,50,alfalfa,0.11316492813380004,0.4542042842013377
1E614C07,BOBO,2022-08-25,95,blue_silo,0.02474828731310348,0
1E614C07,BOBO,2022-08-25,95,swale,0.8161669596580817,0.5723875421461236
1E614C07,BOBO,2022-08-25,50,swale,0.8874860347817308,0.5723875421461236
1E614C07,BOBO,2022-08-25,95,off_field,0.02392233454636693,NA
1E614C07,BOBO,2022-08-25,50,off_field,0,NA
1E614C07,BOBO,2022-07-19,95,frog,0.1225524777774566,0.4310404980342745
1E614C07,BOBO,2022-07-19,50,frog,0.1003203285178346,0.4310404980342745
1E614C07,BOBO,2022-07-19,95,horse,0.10242109640384522,0.5415944408563295
1E614C07,BOBO,2022-07-19,50,horse,0.10534462756226907,0.5415944408563295
1E614C07,BOBO,2022-07-19,95,pear_tree,0.0641577631569222,0
1E614C07,BOBO,2022-07-19,95,wheat,0.49171284234218926,0.7808676064191811
1E614C07,BOBO,2022-07-19,50,wheat,0.7291850089839299,0.7808676064191811
1E614C07,BOBO,2022-07-19,95,quarter,0.12310608956658547,0.2866763556121917
1E614C07,BOBO,2022-07-19,50,quarter,0.06702243229556124,0.2866763556121917
1E614C07,BOBO,2022-07-19,95,cattle,0.04183920574350822,0
1E614C07,BOBO,2022-07-19,95,wish_well,0.01875195315258107,0
1E614C07,BOBO,2022-07-19,95,off_field,0.02627571759985698,NA
1E614C07,BOBO,2022-07-19,50,off_field,0,NA
1E614C07,BOBO,2022-07-22,95,frog,0.03450932099908083,0.03169211912846314
1E614C07,BOBO,2022-07-22,95,horse,0.17240797720496506,0.46079809518167847
1E614C07,BOBO,2022-07-22,50,horse,0.15082603281856585,0.46079809518167847
1E614C07,BOBO,2022-07-22,95,wheat,0.4690686231376913,0.681688964489088
1E614C07,BOBO,2022-07-22,50,wheat,0.6070590290584663,0.681688964489088
1E614C07,BOBO,2022-07-22,95,quarter,0.3180485834392035,0.3925303796785476
1E614C07,BOBO,2022-07-22,50,quarter,0.23701455475048583,0.3925303796785476
1E614C07,BOBO,2022-07-22,95,off_field,0.00475501089585781,NA
1E614C07,BOBO,2022-07-22,50,off_field,0.00302405532618245,NA
1E614C07,BOBO,2022-08-04,95,pear_tree,0.4806517660896005,0.6508769094530226
1E614C07,BOBO,2022-08-04,50,pear_tree,0.5940227850581085,0.6508769094530226
1E614C07,BOBO,2022-08-04,95,underhill,0.00978322084985401,0
1E614C07,BOBO,2022-08-04,95,wheat,0.2345780848250001,0.3849266842308367
1E614C07,BOBO,2022-08-04,50,wheat,0.17145065609607754,0.3849266842308367
1E614C07,BOBO,2022-08-04,95,retired,0.00644344327728479,0
1E614C07,BOBO,2022-08-04,95,off_field,0.2629408819775723,NA
1E614C07,BOBO,2022-08-04,50,off_field,0.23452655884581405,NA
1E614C07,BOBO,2022-09-01,95,blue_silo,0.16385611944041198,0.861428985213122
1E614C07,BOBO,2022-09-01,50,blue_silo,0.2681308258322215,0.861428985213122
1E614C07,BOBO,2022-09-01,95,bobolink,0.02505846880859429,0.12993258579271916
1E614C07,BOBO,2022-09-01,50,bobolink,0.00618496449869653,0.12993258579271916
1E614C07,BOBO,2022-09-01,95,frog,0.01886829199803569,0
1E614C07,BOBO,2022-09-01,95,horse,0.03547694538649713,0.6330591918440556
1E614C07,BOBO,2022-09-01,50,horse,0.04266336808633186,0.6330591918440556
1E614C07,BOBO,2022-09-01,95,pear_tree,0.03742730456057323,0.00449766354411609
1E614C07,BOBO,2022-09-01,95,swale,0.11020088047285824,0.6074859410355835
1E614C07,BOBO,2022-09-01,50,swale,0.12717035852526576,0.6074859410355835
1E614C07,BOBO,2022-09-01,95,underhill,0.0691550640316079,0.6754462917266753
1E614C07,BOBO,2022-09-01,50,underhill,0.08873182401268236,0.6754462917266753
1E614C07,BOBO,2022-09-01,95,wheat,0.07277323605298164,0.04122931819518469
1E614C07,BOBO,2022-09-01,50,wheat,0.0056995745696222,0.04122931819518469
1E614C07,BOBO,2022-09-01,95,quarter,0.04049081499470106,0.2139704543572089
1E614C07,BOBO,2022-09-01,50,quarter,0.01645791923920795,0.2139704543572089
1E614C07,BOBO,2022-09-01,95,retired,0.03261038528602863,0.8094861852010957
1E614C07,BOBO,2022-09-01,50,retired,0.05014526965537377,0.8094861852010957
1E614C07,BOBO,2022-09-01,95,front_hay,0.07161815511821686,0.4928251629457241
1E614C07,BOBO,2022-09-01,50,front_hay,0.06704719344630923,0.4928251629457241
1E614C07,BOBO,2022-09-01,95,entrance,0.00559708077745167,0
1E614C07,BOBO,2022-09-01,95,cat_barn,0.01723968995102418,0
1E614C07,BOBO,2022-09-01,95,native_ws,0.09957929127722406,0.708061894290162
1E614C07,BOBO,2022-09-01,50,native_ws,0.13393832187420088,0.708061894290162
1E614C07,BOBO,2022-09-01,95,cattle,0.01273798737931318,0
1E614C07,BOBO,2022-09-01,95,wish_well,0.07330376016025335,0.6377809823260625
1E614C07,BOBO,2022-09-01,50,wish_well,0.0888101119242306,0.6377809823260625
1E614C07,BOBO,2022-09-01,95,off_field,0.10873147019541296,NA
1E614C07,BOBO,2022-09-01,50,off_field,0.10470049657012769,NA
1E614C07,BOBO,2022-08-09,95,frog,0.12524059135329663,0.49024971465294503
1E614C07,BOBO,2022-08-09,50,frog,0.11661820190784092,0.49024971465294503
1E614C07,BOBO,2022-08-09,95,horse,0.1870541511243032,0.8246838250826748
1E614C07,BOBO,2022-08-09,50,horse,0.2929939879145557,0.8246838250826748
1E614C07,BOBO,2022-08-09,95,pear_tree,0.00644309949077598,0
1E614C07,BOBO,2022-08-09,95,swale,0.0096685614832751,0
1E614C07,BOBO,2022-08-09,95,wheat,0.3297767873092698,0.6202204810650335
1E614C07,BOBO,2022-08-09,50,wheat,0.3884812550126187,0.6202204810650335
1E614C07,BOBO,2022-08-09,95,quarter,0.10013809142595288,0.1803380494874047
1E614C07,BOBO,2022-08-09,50,quarter,0.03429971880295236,0.1803380494874047
1E614C07,BOBO,2022-08-09,95,cat_barn,0.02571131572193484,2.2588541013374443e-4
1E614C07,BOBO,2022-08-09,95,native_ws,0.04911028522925615,0.3835874831959752
1E614C07,BOBO,2022-08-09,50,native_ws,0.03578003537261417,0.3835874831959752
1E614C07,BOBO,2022-08-09,95,cattle,0.05570456567311623,0.2553740788871564
1E614C07,BOBO,2022-08-09,50,cattle,0.02701913786813939,0.2553740788871564
1E614C07,BOBO,2022-08-09,95,wish_well,0.01066719691951907,0.00563750659191669
1E614C07,BOBO,2022-08-09,95,off_field,0.0954673484826372,NA
1E614C07,BOBO,2022-08-09,50,off_field,0.10468241232013524,NA
1E614C07,BOBO,2022-07-20,95,wheat,0.7024823990875971,0.6001222120888996
1E614C07,BOBO,2022-07-20,50,wheat,0.8008769155344398,0.6001222120888996
1E614C07,BOBO,2022-07-20,95,quarter,0.2732833815546401,0.3816753665623568
1E614C07,BOBO,2022-07-20,50,quarter,0.1981517815041607,0.3816753665623568
1E614C07,BOBO,2022-07-20,95,cattle,0.01728383707441265,0
1E614C07,BOBO,2022-07-20,95,off_field,6.619769544063732e-4,NA
1E614C07,BOBO,2022-07-20,50,off_field,9.71302961399451e-4,NA
1E614C07,BOBO,2022-07-28,95,frog,0.5465631824468282,0.7424456491733311
1E614C07,BOBO,2022-07-28,50,frog,0.7705390879738138,0.7424456491733311
1E614C07,BOBO,2022-07-28,95,wheat,0.4386726106177266,0.29156380262409054
1E614C07,BOBO,2022-07-28,50,wheat,0.2428643444111739,0.29156380262409054
1E614C07,BOBO,2022-07-28,95,cattle,0.02822314290662146,5.277377807741903e-4
1E614C07,BOBO,2022-07-28,95,off_field,0,NA
1E614C07,BOBO,2022-07-28,50,off_field,0,NA
1E614C07,BOBO,2022-08-05,95,blue_silo,0.04542800750434719,0.7257640963025928
1E614C07,BOBO,2022-08-05,50,blue_silo,0.06264258505547537,0.7257640963025928
1E614C07,BOBO,2022-08-05,95,frog,0.04871347086479172,0.02776666288849892
1E614C07,BOBO,2022-08-05,95,horse,0.06268990539313533,0.00496383683223955
1E614C07,BOBO,2022-08-05,95,pear_tree,0.01387917056748403,0
1E614C07,BOBO,2022-08-05,95,wheat,0.6077119179458943,0.7373541881287347
1E614C07,BOBO,2022-08-05,50,wheat,0.8513818892353726,0.7373541881287347
1E614C07,BOBO,2022-08-05,95,quarter,0.08237812506138684,0.33470209189402583
1E614C07,BOBO,2022-08-05,50,quarter,0.0523866747658748,0.33470209189402583
1E614C07,BOBO,2022-08-05,95,cattle,0.01449061199625391,0
1E614C07,BOBO,2022-08-05,95,wish_well,0.03238693913696454,0.06446578705551011
1E614C07,BOBO,2022-08-05,95,off_field,0.0886620215201004,NA
1E614C07,BOBO,2022-08-05,50,off_field,0.02646078103168868,NA
1E614C07,BOBO,2022-08-16,95,blue_silo,0.0482023462035337,0.03396669671851795
1E614C07,BOBO,2022-08-16,95,frog,0.04316609845857498,0.319437004006755
1E614C07,BOBO,2022-08-16,50,frog,0.02617650208896919,0.319437004006755
1E614C07,BOBO,2022-08-16,95,horse,0.12777002938766646,0.5728269914487041
1E614C07,BOBO,2022-08-16,50,horse,0.13894280414980115,0.5728269914487041
1E614C07,BOBO,2022-08-16,95,pear_tree,0.05160256075513317,0.12534613165992842
1E614C07,BOBO,2022-08-16,50,pear_tree,0.01227907863935996,0.12534613165992842
1E614C07,BOBO,2022-08-16,95,wheat,0.25545870342377364,0.77599220578954
1E614C07,BOBO,2022-08-16,50,wheat,0.3763237727577982,0.77599220578954
1E614C07,BOBO,2022-08-16,95,quarter,0.19836343003933732,0.7681451900752279
1E614C07,BOBO,2022-08-16,50,quarter,0.2892600894103045,0.7681451900752279
1E614C07,BOBO,2022-08-16,95,native_ws,0.06658572662726522,0.09273830224482946
1E614C07,BOBO,2022-08-16,50,native_ws,0.0117225980978093,0.09273830224482946
1E614C07,BOBO,2022-08-16,95,cattle,0.01680594044694546,0
1E614C07,BOBO,2022-08-16,95,wish_well,0.07001237829657767,0.34735235234060247
1E614C07,BOBO,2022-08-16,50,wish_well,0.04616668236592196,0.34735235234060247
1E614C07,BOBO,2022-08-16,95,off_field,0.10406433176432987,NA
1E614C07,BOBO,2022-08-16,50,off_field,0.09602030021342108,NA
1E614C07,BOBO,2022-08-30,95,alfalfa,0.01138750115066023,0
1E614C07,BOBO,2022-08-30,95,blue_silo,0.03182534201928771,0
1E614C07,BOBO,2022-08-30,95,horse,0.02381887050612739,0
1E614C07,BOBO,2022-08-30,95,swale,0.5175669967009229,0.8265340963185189
1E614C07,BOBO,2022-08-30,50,swale,0.8123675256794896,0.8265340963185189
1E614C07,BOBO,2022-08-30,95,cat_barn,0.03597937767051865,0
1E614C07,BOBO,2022-08-30,95,gi,0.00879414501746023,0
1E614C07,BOBO,2022-08-30,95,native_ws,0.0665207648707042,0.19474951164910737
1E614C07,BOBO,2022-08-30,50,native_ws,0.02460134302892445,0.19474951164910737
1E614C07,BOBO,2022-08-30,95,wish_well,0.200955196095112,0.2969150551761931
1E614C07,BOBO,2022-08-30,50,wish_well,0.1133069800501698,0.2969150551761931
1E614C07,BOBO,2022-08-30,95,off_field,0.10286574357354974,NA
1E614C07,BOBO,2022-08-30,50,off_field,0.04972415124141614,NA
1E614C07,BOBO,2022-07-23,95,frog,0.3981527138539064,0.7044465380322207
1E614C07,BOBO,2022-07-23,50,frog,0.5325332736767143,0.7044465380322207
1E614C07,BOBO,2022-07-23,95,horse,0.17087783760521355,0.3581379908679519
1E614C07,BOBO,2022-07-23,50,horse,0.1161943903253496,0.3581379908679519
1E614C07,BOBO,2022-07-23,95,wheat,0.3595413759666377,0.5253606001981397
1E614C07,BOBO,2022-07-23,50,wheat,0.35863725735610114,0.5253606001981397
1E614C07,BOBO,2022-07-23,95,quarter,0.07545670704245105,0.01098557242377784
1E614C07,BOBO,2022-07-23,95,off_field,0,NA
1E614C07,BOBO,2022-07-23,50,off_field,0,NA
1E614C07,BOBO,2022-08-27,95,blue_silo,0.01529960927281883,0
1E614C07,BOBO,2022-08-27,95,frog,0.02512453439811398,0.41458746734711704
1E614C07,BOBO,2022-08-27,50,frog,0.01978000243229268,0.41458746734711704
1E614C07,BOBO,2022-08-27,95,swale,0.34280678519864743,0.4700452086983528
1E614C07,BOBO,2022-08-27,50,swale,0.3059857407207055,0.4700452086983528
1E614C07,BOBO,2022-08-27,95,wheat,0.492519023064296,0.7094089595984386
1E614C07,BOBO,2022-08-27,50,wheat,0.6634860977093415,0.7094089595984386
1E614C07,BOBO,2022-08-27,95,quarter,0.05354866806750645,0.1208698025972822
1E614C07,BOBO,2022-08-27,50,quarter,0.01229075706436655,0.1208698025972822
1E614C07,BOBO,2022-08-27,95,retired,0.00532130774801088,0
1E614C07,BOBO,2022-08-27,95,native_ws,0.01240446336364104,0
1E614C07,BOBO,2022-08-27,95,wish_well,0.0202335764379097,0
1E614C07,BOBO,2022-08-27,95,off_field,0.02454451162596547,NA
1E614C07,BOBO,2022-08-27,50,off_field,0,NA
1E614C07,BOBO,2022-08-07,95,frog,0.063277077404863,0.4400308703870845
1E614C07,BOBO,2022-08-07,50,frog,0.05289466803244457,0.4400308703870845
1E614C07,BOBO,2022-08-07,95,horse,0.11504617394998087,0.3626818789932982
1E614C07,BOBO,2022-08-07,50,horse,0.07926480132073668,0.3626818789932982
1E614C07,BOBO,2022-08-07,95,wheat,0.34116131603734623,0.6560803977456129
1E614C07,BOBO,2022-08-07,50,wheat,0.4252058015747237,0.6560803977456129
1E614C07,BOBO,2022-08-07,95,quarter,0.07223023847312378,0.1850430409165834
1E614C07,BOBO,2022-08-07,50,quarter,0.02539066899231131,0.1850430409165834
1E614C07,BOBO,2022-08-07,95,native_ws,0.12738455239690324,0.6423555169198826
1E614C07,BOBO,2022-08-07,50,native_ws,0.15544421431547556,0.6423555169198826
1E614C07,BOBO,2022-08-07,95,cattle,0.04525318932266371,0
1E614C07,BOBO,2022-08-07,95,wish_well,0.18444703263931653,0.6561744858384526
1E614C07,BOBO,2022-08-07,50,wish_well,0.22991819992132465,0.6561744858384526
1E614C07,BOBO,2022-08-07,95,off_field,0.04860895633646555,NA
1E614C07,BOBO,2022-08-07,50,off_field,0.03188164584298355,NA
1E614C07,BOBO,2022-08-15,95,blue_silo,0.01212378396277153,0
1E614C07,BOBO,2022-08-15,95,frog,0.08410205940041507,0.24203170989184017
1E614C07,BOBO,2022-08-15,50,frog,0.03867118886901515,0.24203170989184017
1E614C07,BOBO,2022-08-15,95,horse,0.04791067708044671,0
1E614C07,BOBO,2022-08-15,95,pear_tree,0.06749639227776633,0.5712604593552714
1E614C07,BOBO,2022-08-15,50,pear_tree,0.07325265149117968,0.5712604593552714
1E614C07,BOBO,2022-08-15,95,underhill,0.01308206690506321,0
1E614C07,BOBO,2022-08-15,95,wheat,0.5168814566169784,0.8082481331201865
1E614C07,BOBO,2022-08-15,50,wheat,0.7936778979796814,0.8082481331201865
1E614C07,BOBO,2022-08-15,95,quarter,0.01107418778732589,0
1E614C07,BOBO,2022-08-15,95,retired,0.01152895035827733,0
1E614C07,BOBO,2022-08-15,95,front_hay,0.03958624348731594,0
1E614C07,BOBO,2022-08-15,95,cattle,0.04035630499860238,0
1E614C07,BOBO,2022-08-15,95,wish_well,0.09160763939299572,0.2786030923376509
1E614C07,BOBO,2022-08-15,50,wish_well,0.04848710436759289,0.2786030923376509
1E614C07,BOBO,2022-08-15,95,off_field,0.06213502491466254,NA
1E614C07,BOBO,2022-08-15,50,off_field,0.04591115729253087,NA
1E614C07,BOBO,2022-08-23,95,blue_silo,0.00671359731288272,0
1E614C07,BOBO,2022-08-23,95,bobolink,0.02011251418904303,0
1E614C07,BOBO,2022-08-23,95,frog,0.07591562299112195,0.24703108007302876
1E614C07,BOBO,2022-08-23,50,frog,0.03560617415612528,0.24703108007302876
1E614C07,BOBO,2022-08-23,95,horse,0.01166792336568279,0
1E614C07,BOBO,2022-08-23,95,pear_tree,0.02177907275781524,0
1E614C07,BOBO,2022-08-23,95,underhill,0.09005719293779378,0.2631662984127224
1E614C07,BOBO,2022-08-23,50,underhill,0.04499779491900868,0.2631662984127224
1E614C07,BOBO,2022-08-23,95,wheat,0.34440345969863195,0.8293883438242944
1E614C07,BOBO,2022-08-23,50,wheat,0.5423354424601473,0.8293883438242944
1E614C07,BOBO,2022-08-23,95,quarter,0.05121336743738042,0.2002450239302043
1E614C07,BOBO,2022-08-23,50,quarter,0.01947097144432574,0.2002450239302043
1E614C07,BOBO,2022-08-23,95,retired,0.01438987670913652,0
1E614C07,BOBO,2022-08-23,95,front_hay,0.27820544721797724,0.6559395787027416
1E614C07,BOBO,2022-08-23,50,front_hay,0.34647509289218686,0.6559395787027416
1E614C07,BOBO,2022-08-23,95,entrance,0.02294245137808449,0
1E614C07,BOBO,2022-08-23,95,cattle,0.01544076230041685,0
1E614C07,BOBO,2022-08-23,95,off_field,0.0468687217613237,NA
1E614C07,BOBO,2022-08-23,50,off_field,0.01111452412820607,NA
1E614C07,BOBO,2022-08-31,95,alfalfa,0.04486314074362227,0
1E614C07,BOBO,2022-08-31,95,blue_silo,0.03473212549647123,0
1E614C07,BOBO,2022-08-31,95,swale,0.8775009132201355,0.6009276473650133
1E614C07,BOBO,2022-08-31,50,swale,0.9999999730963544,0.6009276473650133
1E614C07,BOBO,2022-08-31,95,cat_barn,0.00898101092997693,0
1E614C07,BOBO,2022-08-31,95,off_field,0.02872502578923379,NA
1E614C07,BOBO,2022-08-31,50,off_field,2.6903645565733785e-8,NA
1E614C07,BOBO,2022-07-25,95,blue_silo,0.02528596901300943,0
1E614C07,BOBO,2022-07-25,95,frog,0.23903670863579415,0.728823425653889
1E614C07,BOBO,2022-07-25,50,frog,0.3309243735593691,0.728823425653889
1E614C07,BOBO,2022-07-25,95,pear_tree,0.00698659531639144,0
1E614C07,BOBO,2022-07-25,95,wheat,0.35424815430296713,0.3658393333049948
1E614C07,BOBO,2022-07-25,50,wheat,0.24617266378322164,0.3658393333049948
1E614C07,BOBO,2022-07-25,95,quarter,0.29124339423359474,0.740370685754837
1E614C07,BOBO,2022-07-25,50,quarter,0.4095879117627167,0.740370685754837
1E614C07,BOBO,2022-07-25,95,cattle,0.03313857387246188,0.2906926895282525
1E614C07,BOBO,2022-07-25,50,cattle,0.01829825841463702,0.2906926895282525
1E614C07,BOBO,2022-07-25,95,off_field,0.04877925599164691,NA
1E614C07,BOBO,2022-07-25,50,off_field,0,NA
1E614C07,BOBO,2022-07-29,95,frog,0.16228127451928503,0.3849943545814548
1E614C07,BOBO,2022-07-29,50,frog,0.1186404481851544,0.3849943545814548
1E614C07,BOBO,2022-07-29,95,pear_tree,0.03744355312497986,0
1E614C07,BOBO,2022-07-29,95,wheat,0.7023905499802624,0.6630223444377392
1E614C07,BOBO,2022-07-29,50,wheat,0.8843350375489426,0.6630223444377392
1E614C07,BOBO,2022-07-29,95,quarter,0.01054561904627217,0
1E614C07,BOBO,2022-07-29,95,cattle,0.04503476228272822,0.00312558664683278
1E614C07,BOBO,2022-07-29,95,off_field,0.04127650459259654,NA
1E614C07,BOBO,2022-07-29,50,off_field,0,NA
1E614C07,BOBO,2022-08-19,95,frog,0.08227808053295856,0.596449370336909
1E614C07,BOBO,2022-08-19,50,frog,0.09322088172700813,0.596449370336909
1E614C07,BOBO,2022-08-19,95,horse,0.1422363796310245,0.381649301314376
1E614C07,BOBO,2022-08-19,50,horse,0.10311708599369852,0.381649301314376
1E614C07,BOBO,2022-08-19,95,pear_tree,0.0165016963582339,0
1E614C07,BOBO,2022-08-19,95,underhill,0.01108873292492512,0
1E614C07,BOBO,2022-08-19,95,wheat,0.3366568044659658,0.6985436846820161
1E614C07,BOBO,2022-08-19,50,wheat,0.4467210711312701,0.6985436846820161
1E614C07,BOBO,2022-08-19,95,quarter,0.2114252348761499,0.5779851689689306
1E614C07,BOBO,2022-08-19,50,quarter,0.23212877889008343,0.5779851689689306
1E614C07,BOBO,2022-08-19,95,native_ws,0.0402600650426475,0.21701567713391848
1E614C07,BOBO,2022-08-19,50,native_ws,0.01659667352040147,0.21701567713391848
1E614C07,BOBO,2022-08-19,95,cattle,0.0061722855686715,0
1E614C07,BOBO,2022-08-19,95,wish_well,0.1290142349173342,0.4046169244104471
1E614C07,BOBO,2022-08-19,50,wish_well,0.09916014343748782,0.4046169244104471
1E614C07,BOBO,2022-08-19,95,off_field,0.02130245203755573,NA
1E614C07,BOBO,2022-08-19,50,off_field,0.00905536530005057,NA
1E614C07,BOBO,2022-08-21,95,blue_silo,0.03786250072474635,0.3290507351230906
1E614C07,BOBO,2022-08-21,50,blue_silo,0.02366154204176585,0.3290507351230906
1E614C07,BOBO,2022-08-21,95,bobolink,0.1038836037760772,0.6262445459464983
1E614C07,BOBO,2022-08-21,50,bobolink,0.1235554333273428,0.6262445459464983
1E614C07,BOBO,2022-08-21,95,frog,0.02642207753514112,0.1709771928861065
1E614C07,BOBO,2022-08-21,50,frog,0.00857977758460999,0.1709771928861065
1E614C07,BOBO,2022-08-21,95,horse,0.1305048456580616,0.7999784176460728
1E614C07,BOBO,2022-08-21,50,horse,0.1982785765074409,0.7999784176460728
1E614C07,BOBO,2022-08-21,95,pear_tree,0.02753337493147878,0.01496098402983767
1E614C07,BOBO,2022-08-21,95,underhill,0.02788059779669456,0.03248189404134909
1E614C07,BOBO,2022-08-21,95,wheat,0.21377187260803007,0.6664339938894008
1E614C07,BOBO,2022-08-21,50,wheat,0.27056934346951833,0.6664339938894008
1E614C07,BOBO,2022-08-21,95,quarter,0.15423759073983917,0.8059931534062599
1E614C07,BOBO,2022-08-21,50,quarter,0.23609808792617537,0.8059931534062599
1E614C07,BOBO,2022-08-21,95,retired,0.01213427056559713,0
1E614C07,BOBO,2022-08-21,95,front_hay,0.06821166612904231,0.02923607866921515
1E614C07,BOBO,2022-08-21,95,clydesdale,0.00725780184219474,0.00564383185339868
1E614C07,BOBO,2022-08-21,95,native_ws,0.0720434701486972,0.5362123575245149
1E614C07,BOBO,2022-08-21,50,native_ws,0.07336726446511878,0.5362123575245149
1E614C07,BOBO,2022-08-21,95,cattle,0.00557671348152348,0
1E614C07,BOBO,2022-08-21,95,wish_well,0.0480220811977014,0.21655164019959733
1E614C07,BOBO,2022-08-21,50,wish_well,0.01975028376222656,0.21655164019959733
1E614C07,BOBO,2022-08-21,95,off_field,0.06358058424151251,NA
1E614C07,BOBO,2022-08-21,50,off_field,0.03977215596271263,NA
1E614C07,BOBO,2022-07-21,95,frog,0.3370725128117912,0.7014380289634715
1E614C07,BOBO,2022-07-21,50,frog,0.4489728036555178,0.7014380289634715
1E614C07,BOBO,2022-07-21,95,horse,0.09387530156784656,0.20877441835255992
1E614C07,BOBO,2022-07-21,50,horse,0.03721654181522726,0.20877441835255992
1E614C07,BOBO,2022-07-21,95,wheat,0.3741225422713992,0.6712677976150623
1E614C07,BOBO,2022-07-21,50,wheat,0.4768887512661688,0.6712677976150623
1E614C07,BOBO,2022-07-21,95,quarter,0.16373721699929483,0.12076509272633192
1E614C07,BOBO,2022-07-21,50,quarter,0.03754881293995939,0.12076509272633192
1E614C07,BOBO,2022-07-21,95,cattle,0.03229467582993136,0
1E614C07,BOBO,2022-07-21,95,off_field,0,NA
1E614C07,BOBO,2022-07-21,50,off_field,0,NA
1E614C07,BOBO,2022-07-26,95,blue_silo,0.02043266116895414,0
1E614C07,BOBO,2022-07-26,95,frog,0.04389480759510494,0
1E614C07,BOBO,2022-07-26,95,pear_tree,0.11494051413196324,0
1E614C07,BOBO,2022-07-26,95,wheat,0.6387345076371297,0.7364149550408405
1E614C07,BOBO,2022-07-26,50,wheat,0.8936655031379976,0.7364149550408405
1E614C07,BOBO,2022-07-26,95,quarter,0.11179637457804809,0.498839294933404
1E614C07,BOBO,2022-07-26,50,quarter,0.1059547403588447,0.498839294933404
1E614C07,BOBO,2022-07-26,95,cattle,0.00935550687649304,0
1E614C07,BOBO,2022-07-26,95,off_field,0.05903391485127903,NA
1E614C07,BOBO,2022-07-26,50,off_field,3.797565031576749e-4,NA
1E614C07,BOBO,2022-07-31,95,frog,0.14300634755529065,0.2819013775370245
1E614C07,BOBO,2022-07-31,50,frog,0.07654757130067286,0.2819013775370245
1E614C07,BOBO,2022-07-31,95,horse,0.01196447168325877,0
1E614C07,BOBO,2022-07-31,95,pear_tree,0.15774451423362484,0.6620765693322033
1E614C07,BOBO,2022-07-31,50,pear_tree,0.19830852614236047,0.6620765693322033
1E614C07,BOBO,2022-07-31,95,wheat,0.6335447503090054,0.5728726023478121
1E614C07,BOBO,2022-07-31,50,wheat,0.6891507805167975,0.5728726023478121
1E614C07,BOBO,2022-07-31,95,quarter,0.04828801763622517,0.3889223539545347
1E614C07,BOBO,2022-07-31,50,quarter,0.03565998741135318,0.3889223539545347
1E614C07,BOBO,2022-07-31,95,cattle,0.00772853663951072,0
1E614C07,BOBO,2022-07-31,95,off_field,0,NA
1E614C07,BOBO,2022-07-31,50,off_field,3.331346288160197e-4,NA
1E614C07,BOBO,2022-08-06,95,frog,0.05278033174945162,0.1652328046998362
1E614C07,BOBO,2022-08-06,50,frog,0.01656251825551044,0.1652328046998362
1E614C07,BOBO,2022-08-06,95,horse,0.09844626757353515,0.35868865371136543
1E614C07,BOBO,2022-08-06,50,horse,0.06706174868811185,0.35868865371136543
1E614C07,BOBO,2022-08-06,95,pear_tree,0.00854205366104875,0
1E614C07,BOBO,2022-08-06,95,wheat,0.2832051934877979,0.4927105969232958
1E614C07,BOBO,2022-08-06,50,wheat,0.26500318632332387,0.4927105969232958
1E614C07,BOBO,2022-08-06,95,quarter,0.06819263794236521,0.210419307078906
1E614C07,BOBO,2022-08-06,50,quarter,0.02725091295972614,0.210419307078906
1E614C07,BOBO,2022-08-06,95,cat_barn,0.0087358729822954,0
1E614C07,BOBO,2022-08-06,95,native_ws,0.01329103908270997,0
1E614C07,BOBO,2022-08-06,95,cattle,0.3663635528939721,0.8943412503560626
1E614C07,BOBO,2022-08-06,50,cattle,0.6222623204024363,0.8943412503560626
1E614C07,BOBO,2022-08-06,95,wish_well,0.03766157160145545,0
1E614C07,BOBO,2022-08-06,95,off_field,0.0627814790253684,NA
1E614C07,BOBO,2022-08-06,50,off_field,0.00185931337089136,NA
1E614C07,BOBO,2022-08-20,95,frog,0.03406865259444656,0.3144342125466252
1E614C07,BOBO,2022-08-20,50,frog,0.02034365196106832,0.3144342125466252
1E614C07,BOBO,2022-08-20,95,horse,0.1595071235305406,0.5288248064816521
1E614C07,BOBO,2022-08-20,50,horse,0.16019024586847877,0.5288248064816521
1E614C07,BOBO,2022-08-20,95,pear_tree,0.03322561513521541,0
1E614C07,BOBO,2022-08-20,95,wheat,0.12105266049771632,0.2503499210786546
1E614C07,BOBO,2022-08-20,50,wheat,0.05755273451767687,0.2503499210786546
1E614C07,BOBO,2022-08-20,95,quarter,0.10529605255607342,0.1408574137166633
1E614C07,BOBO,2022-08-20,50,quarter,0.02816669984708751,0.1408574137166633
1E614C07,BOBO,2022-08-20,95,native_ws,0.20339368877674405,0.7384104507948281
1E614C07,BOBO,2022-08-20,50,native_ws,0.2852196699876349,0.7384104507948281
1E614C07,BOBO,2022-08-20,95,cattle,0.02243689333976758,0
1E614C07,BOBO,2022-08-20,95,wish_well,0.25844735600361357,0.7779364512173106
1E614C07,BOBO,2022-08-20,50,wish_well,0.3818215009352357,0.7779364512173106
1E614C07,BOBO,2022-08-20,95,off_field,0.05793294193829374,NA
1E614C07,BOBO,2022-08-20,50,off_field,0.06670549688281796,NA
1E614C07,BOBO,2022-08-01,95,blue_silo,0.29862314179242944,0.93205530942411
1E614C07,BOBO,2022-08-01,50,blue_silo,0.5284710465748562,0.93205530942411
1E614C07,BOBO,2022-08-01,95,frog,0.04014314663029578,0
1E614C07,BOBO,2022-08-01,95,pear_tree,0.02242380709885735,0
1E614C07,BOBO,2022-08-01,95,wheat,0.4074897757572548,0.363075966733487
1E614C07,BOBO,2022-08-01,50,wheat,0.28091198737726475,0.363075966733487
1E614C07,BOBO,2022-08-01,95,quarter,0.05771995009421233,0.01176299817687038
1E614C07,BOBO,2022-08-01,95,retired,0.01168785633940968,0.6452124345653941
1E614C07,BOBO,2022-08-01,50,retired,0.01431837217789588,0.6452124345653941
1E614C07,BOBO,2022-08-01,95,donkey,0.02946755876704801,0.9682834640404688
1E614C07,BOBO,2022-08-01,50,donkey,0.05417547489635391,0.9682834640404688
1E614C07,BOBO,2022-08-01,95,cattle,0.01803309978150476,0
1E614C07,BOBO,2022-08-01,95,off_field,0.11081875607299012,NA
1E614C07,BOBO,2022-08-01,50,off_field,0.12083397913391464,NA
1E614C07,BOBO,2022-08-12,95,frog,0.34621005663275,0.8799835832307286
1E614C07,BOBO,2022-08-12,50,frog,0.5784241952538406,0.8799835832307286
1E614C07,BOBO,2022-08-12,95,horse,0.02309555396128578,0
1E614C07,BOBO,2022-08-12,95,pear_tree,0.02613914165511494,0
1E614C07,BOBO,2022-08-12,95,underhill,0.026519093338371,0
1E614C07,BOBO,2022-08-12,95,wheat,0.1272650877766679,0.298781656554894
1E614C07,BOBO,2022-08-12,50,wheat,0.07219305397138717,0.298781656554894
1E614C07,BOBO,2022-08-12,95,quarter,0.01343030142141777,0
1E614C07,BOBO,2022-08-12,95,front_hay,0.03121726710073594,0
1E614C07,BOBO,2022-08-12,95,native_ws,0.06229894162787998,0.3744300611415796
1E614C07,BOBO,2022-08-12,50,native_ws,0.04428774617421247,0.3744300611415796
1E614C07,BOBO,2022-08-12,95,cattle,0.18060154710046733,0.7313685681231248
1E614C07,BOBO,2022-08-12,50,cattle,0.2507783034731774,0.7313685681231248
1E614C07,BOBO,2022-08-12,95,wish_well,0.11955030382583988,0.21871995258840096
1E614C07,BOBO,2022-08-12,50,wish_well,0.04964451693346947,0.21871995258840096
1E614C07,BOBO,2022-08-12,95,off_field,0.03278960625176973,NA
1E614C07,BOBO,2022-08-12,50,off_field,0.00467218419391288,NA
1E614C07,BOBO,2022-08-29,95,alfalfa,0.01468773023002264,0
1E614C07,BOBO,2022-08-29,95,blue_silo,0.02424850529637859,0
1E614C07,BOBO,2022-08-29,95,swale,0.9341128739710878,0.5635415691861196
1E614C07,BOBO,2022-08-29,50,swale,0.9999999650261528,0.5635415691861196
1E614C07,BOBO,2022-08-29,95,off_field,0.02040144752822798,NA
1E614C07,BOBO,2022-08-29,50,off_field,3.497384710784035e-8,NA
2A2D3352,BOBO,2024-06-14,95,blue_silo,0.1748097202322516,0.5967603928180767
2A2D3352,BOBO,2024-06-14,50,blue_silo,0.19807505170578857,0.5967603928180767
2A2D3352,BOBO,2024-06-14,95,bobolink,0.2340949312053519,0.522977576069184
2A2D3352,BOBO,2024-06-14,50,bobolink,0.2324552113875,0.522977576069184
2A2D3352,BOBO,2024-06-14,95,swale,0.20259668629899155,0.5165220272286442
2A2D3352,BOBO,2024-06-14,50,swale,0.1986942931622745,0.5165220272286442
2A2D3352,BOBO,2024-06-14,95,clydesdale,0.01104677443742658,0
2A2D3352,BOBO,2024-06-14,95,pond,0.06183671785653762,0
2A2D3352,BOBO,2024-06-14,95,off_field,0.31561516996944067,NA
2A2D3352,BOBO,2024-06-14,50,off_field,0.370775443744437,NA
2A2D3352,BOBO,2024-06-26,95,blue_silo,0.11222673496395572,0.1577426332981441
2A2D3352,BOBO,2024-06-26,50,blue_silo,0.03362042575291539,0.1577426332981441
2A2D3352,BOBO,2024-06-26,95,bobolink,0.47641141453721786,0.6630792229004694
2A2D3352,BOBO,2024-06-26,50,bobolink,0.599936620643244,0.6630792229004694
2A2D3352,BOBO,2024-06-26,95,swale,0.0695195276928038,0
2A2D3352,BOBO,2024-06-26,95,pond,0.0833824043690984,0.24306220366896375
2A2D3352,BOBO,2024-06-26,50,pond,0.03849015316647061,0.24306220366896375
2A2D3352,BOBO,2024-06-26,95,off_field,0.25845991843692423,NA
2A2D3352,BOBO,2024-06-26,50,off_field,0.3279528004373699,NA
2A2D3352,BOBO,2024-07-08,95,blue_silo,0.0142892776475421,0
2A2D3352,BOBO,2024-07-08,95,bobolink,0.7577083348572999,0.5488081701804327
2A2D3352,BOBO,2024-07-08,50,bobolink,0.7883392009912628,0.5488081701804327
2A2D3352,BOBO,2024-07-08,95,pond,0.0129392744966523,0.1161883960138119
2A2D3352,BOBO,2024-07-08,95,off_field,0.2143067486230457,NA
2A2D3352,BOBO,2024-07-08,50,off_field,0.20881067883209847,NA
2A2D3352,BOBO,2024-06-24,95,blue_silo,0.03951889196746144,0
2A2D3352,BOBO,2024-06-24,95,bobolink,0.20896756841454409,0.3634371806118296
2A2D3352,BOBO,2024-06-24,50,bobolink,0.14424533931844405,0.3634371806118296
2A2D3352,BOBO,2024-06-24,95,swale,0.05933506612206552,0
2A2D3352,BOBO,2024-06-24,95,pond,0.11752845136368072,8.643421202652034e-5
2A2D3352,BOBO,2024-06-24,95,off_field,0.5746500221322483,NA
2A2D3352,BOBO,2024-06-24,50,off_field,0.855735366683233,NA
2A2D3352,BOBO,2024-07-01,95,blue_silo,0.11996523974198618,0.14601929557984217
2A2D3352,BOBO,2024-07-01,50,blue_silo,0.03327452308517383,0.14601929557984217
2A2D3352,BOBO,2024-07-01,95,bobolink,0.40458398578227744,0.5492518311653534
2A2D3352,BOBO,2024-07-01,50,bobolink,0.42211070507964127,0.5492518311653534
2A2D3352,BOBO,2024-07-01,95,swale,0.00976123777577418,0
2A2D3352,BOBO,2024-07-01,95,pond,0.03978067304206292,0
2A2D3352,BOBO,2024-07-01,95,off_field,0.4259088636578993,NA
2A2D3352,BOBO,2024-07-01,50,off_field,0.5446147718351849,NA
2A2D3352,BOBO,2024-07-05,95,blue_silo,0.1174210373299036,0.4846361348580161
2A2D3352,BOBO,2024-07-05,50,blue_silo,0.10808139475520212,0.4846361348580161
2A2D3352,BOBO,2024-07-05,95,bobolink,0.6065185211914155,0.6990816347483265
2A2D3352,BOBO,2024-07-05,50,bobolink,0.8053064841095848,0.6990816347483265
2A2D3352,BOBO,2024-07-05,95,swale,0.02205737894453059,0
2A2D3352,BOBO,2024-07-05,95,retired,0.0050864738655355,0
2A2D3352,BOBO,2024-07-05,95,clydesdale,0.03416660825634004,0
2A2D3352,BOBO,2024-07-05,95,pond,0.0313101235480858,0
2A2D3352,BOBO,2024-07-05,95,off_field,0.18254790512003513,NA
2A2D3352,BOBO,2024-07-05,50,off_field,0.08661212113521305,NA
2A2D3352,BOBO,2024-07-10,95,blue_silo,0.00614736566392583,0
2A2D3352,BOBO,2024-07-10,95,bobolink,0.8843290018146821,0.5956110311627858
2A2D3352,BOBO,2024-07-10,50,bobolink,0.9999999875431518,0.5956110311627858
2A2D3352,BOBO,2024-07-10,95,front_hay,0.01549992790020801,0
2A2D3352,BOBO,2024-07-10,95,clydesdale,0.03512757331241385,0
2A2D3352,BOBO,2024-07-10,95,off_field,0.05504112613563398,NA
2A2D3352,BOBO,2024-07-10,50,off_field,1.2456848272874412e-8,NA
2A2D3352,BOBO,2024-07-17,95,blue_silo,0.21173865323280444,0.8571060114965228
2A2D3352,BOBO,2024-07-17,50,blue_silo,0.34473995718259715,0.8571060114965228
2A2D3352,BOBO,2024-07-17,95,bobolink,0.09956435490349762,0.5681068881550217
2A2D3352,BOBO,2024-07-17,50,bobolink,0.10744615408969509,0.5681068881550217
2A2D3352,BOBO,2024-07-17,95,pear_tree,0.0096236736628347,0.01795606907207351
2A2D3352,BOBO,2024-07-17,95,underhill,0.110485392682196,0.5965870587840161
2A2D3352,BOBO,2024-07-17,50,underhill,0.12520902327967054,0.5965870587840161
2A2D3352,BOBO,2024-07-17,95,retired,0.1392680306076108,0.9573112302344312
2A2D3352,BOBO,2024-07-17,50,retired,0.25325703829856794,0.9573112302344312
2A2D3352,BOBO,2024-07-17,95,front_hay,0.07611955432657734,0.463622774184483
2A2D3352,BOBO,2024-07-17,50,front_hay,0.06703751914497667,0.463622774184483
2A2D3352,BOBO,2024-07-17,95,entrance,0.0506422715748972,0
2A2D3352,BOBO,2024-07-17,95,clydesdale,0.06308278009421273,0
2A2D3352,BOBO,2024-07-17,95,pond,0.00893650014355986,0
2A2D3352,BOBO,2024-07-17,95,off_field,0.23022059514278767,NA
2A2D3352,BOBO,2024-07-17,50,off_field,0.1019820547120209,NA
2A2D3352,BOBO,2024-06-21,95,blue_silo,0.01995568723896814,0
2A2D3352,BOBO,2024-06-21,95,bobolink,0.2966472509624413,0.4783418855961658
2A2D3352,BOBO,2024-06-21,50,bobolink,0.26947884262167554,0.4783418855961658
2A2D3352,BOBO,2024-06-21,95,swale,0.14274219630242188,0.0165220210753517
2A2D3352,BOBO,2024-06-21,95,clydesdale,0.03391138433574879,0
2A2D3352,BOBO,2024-06-21,95,pond,0.11939095327880536,0.5567674620809584
2A2D3352,BOBO,2024-06-21,50,pond,0.1262383184446943,0.5567674620809584
2A2D3352,BOBO,2024-06-21,95,off_field,0.38735252788161456,NA
2A2D3352,BOBO,2024-06-21,50,off_field,0.599804040880432,NA
2A2D3352,BOBO,2024-07-20,95,alfalfa,0.01183014949158354,0
2A2D3352,BOBO,2024-07-20,95,blue_silo,0.37892692915192294,0.8551760878256869
2A2D3352,BOBO,2024-07-20,50,blue_silo,0.6155643691038539,0.8551760878256869
2A2D3352,BOBO,2024-07-20,95,bobolink,0.02405043674538386,0
2A2D3352,BOBO,2024-07-20,95,horse,0.01134613655016377,0
2A2D3352,BOBO,2024-07-20,95,pear_tree,0.1172616175428708,0.2567610645747587
2A2D3352,BOBO,2024-07-20,50,pear_tree,0.05719360909720359,0.2567610645747587
2A2D3352,BOBO,2024-07-20,95,swale,0.06233231588039234,0.08047918967200972
2A2D3352,BOBO,2024-07-20,50,swale,0.00952926297581422,0.08047918967200972
2A2D3352,BOBO,2024-07-20,95,underhill,0.07840477769632051,0.22764820827065133
2A2D3352,BOBO,2024-07-20,50,underhill,0.0339054270391148,0.22764820827065133
2A2D3352,BOBO,2024-07-20,95,wheat,0.02783955817854363,0
2A2D3352,BOBO,2024-07-20,95,retired,0.09942177506991524,0.9139619279746236
2A2D3352,BOBO,2024-07-20,50,retired,0.17261243229357434,0.9139619279746236
2A2D3352,BOBO,2024-07-20,95,donkey,0.00585516862640216,1
2A2D3352,BOBO,2024-07-20,50,donkey,0.01112248583931658,1
2A2D3352,BOBO,2024-07-20,95,front_hay,0.01414090872329788,0
2A2D3352,BOBO,2024-07-20,95,wish_well,0.00566661470944105,0
2A2D3352,BOBO,2024-07-20,95,off_field,0.15548738749030583,NA
2A2D3352,BOBO,2024-07-20,50,off_field,0.1000724136511225,NA
2A2D3352,BOBO,2024-07-22,95,alfalfa,0.04835295616937125,0
2A2D3352,BOBO,2024-07-22,95,blue_silo,0.43041646109599696,0.8238206176078982
2A2D3352,BOBO,2024-07-22,50,blue_silo,0.6733189430421038,0.8238206176078982
2A2D3352,BOBO,2024-07-22,95,bobolink,0.00567045666259972,0
2A2D3352,BOBO,2024-07-22,95,pear_tree,0.03141622561951969,0.06102560708103252
2A2D3352,BOBO,2024-07-22,95,swale,0.09882531866217006,0
2A2D3352,BOBO,2024-07-22,95,underhill,0.06981037065133172,0.27279959692499667
2A2D3352,BOBO,2024-07-22,50,underhill,0.03616287681545305,0.27279959692499667
2A2D3352,BOBO,2024-07-22,95,wheat,0.02062041355933352,0
2A2D3352,BOBO,2024-07-22,95,retired,0.12840634922940475,0.8904051457004766
2A2D3352,BOBO,2024-07-22,50,retired,0.21710681867515655,0.8904051457004766
2A2D3352,BOBO,2024-07-22,95,front_hay,0.0083510506838823,0
2A2D3352,BOBO,2024-07-22,95,entrance,0.02438939739769362,0
2A2D3352,BOBO,2024-07-22,95,pond,0.03108300464392947,0
2A2D3352,BOBO,2024-07-22,95,back_woods,0.00929173277230622,0
2A2D3352,BOBO,2024-07-22,95,off_field,0.09086799767334432,NA
2A2D3352,BOBO,2024-07-22,50,off_field,0.06977082471675163,NA
2A2D3352,BOBO,2024-06-29,95,blue_silo,0.09912295599192984,0.01616600291569205
2A2D3352,BOBO,2024-06-29,95,bobolink,0.24383113386988367,0.4836888795052397
2A2D3352,BOBO,2024-06-29,50,bobolink,0.22390084310510497,0.4836888795052397
2A2D3352,BOBO,2024-06-29,95,swale,0.04730240750158148,0
2A2D3352,BOBO,2024-06-29,95,pond,0.10693871853950832,0.11691653530721516
2A2D3352,BOBO,2024-06-29,50,pond,0.02373621027619847,0.11691653530721516
2A2D3352,BOBO,2024-06-29,95,off_field,0.5028047840970967,NA
2A2D3352,BOBO,2024-06-29,50,off_field,0.7493208194430196,NA
2A2D3352,BOBO,2024-07-25,95,blue_silo,0.2814300854928058,0.7359121832196448
2A2D3352,BOBO,2024-07-25,50,blue_silo,0.393448876153649,0.7359121832196448
2A2D3352,BOBO,2024-07-25,95,bobolink,0.199491992285246,0.7707826774420804
2A2D3352,BOBO,2024-07-25,50,bobolink,0.2921118713859349,0.7707826774420804
2A2D3352,BOBO,2024-07-25,95,pear_tree,0.04144734194682013,0.16939929636720985
2A2D3352,BOBO,2024-07-25,50,pear_tree,0.01333828767417578,0.16939929636720985
2A2D3352,BOBO,2024-07-25,95,swale,0.08596217709893285,0.14724166571917388
2A2D3352,BOBO,2024-07-25,50,swale,0.0240452845905305,0.14724166571917388
2A2D3352,BOBO,2024-07-25,95,underhill,0.0410305017737967,0.30520154001028016
2A2D3352,BOBO,2024-07-25,50,underhill,0.02378950154461536,0.30520154001028016
2A2D3352,BOBO,2024-07-25,95,retired,0.06892591893886797,0.7143295920525441
2A2D3352,BOBO,2024-07-25,50,retired,0.09353475227134606,0.7143295920525441
2A2D3352,BOBO,2024-07-25,95,front_hay,0.06908938039186961,0.5214400480020333
2A2D3352,BOBO,2024-07-25,50,front_hay,0.06843960189397795,0.5214400480020333
2A2D3352,BOBO,2024-07-25,95,pond,0.01844253619026541,3.6532049227181487e-4
2A2D3352,BOBO,2024-07-25,95,cat_barn,0.04968961379173462,0.26786861365401055
2A2D3352,BOBO,2024-07-25,50,cat_barn,0.02528594825858192,0.26786861365401055
2A2D3352,BOBO,2024-07-25,95,gi,0.01140043186828339,0
2A2D3352,BOBO,2024-07-25,95,off_field,0.11412776853929622,NA
2A2D3352,BOBO,2024-07-25,50,off_field,0.06408706459755292,NA
2A2D3352,BOBO,2024-06-15,95,blue_silo,0.00854264234642708,0
2A2D3352,BOBO,2024-06-15,95,bobolink,0.26450793367995684,0.5011740504474362
2A2D3352,BOBO,2024-06-15,50,bobolink,0.25168692010246263,0.5011740504474362
2A2D3352,BOBO,2024-06-15,95,swale,0.1615634165634381,0.14600115279312748
2A2D3352,BOBO,2024-06-15,50,swale,0.04478501053689061,0.14600115279312748
2A2D3352,BOBO,2024-06-15,95,pond,0.18615207377178888,0.5171849348962491
2A2D3352,BOBO,2024-06-15,50,pond,0.1827877604355353,0.5171849348962491
2A2D3352,BOBO,2024-06-15,95,off_field,0.37803433541714526,NA
2A2D3352,BOBO,2024-06-15,50,off_field,0.5207403089251115,NA
2A2D3352,BOBO,2024-06-30,95,blue_silo,0.07627772550243248,0.3741137824883766
2A2D3352,BOBO,2024-06-30,50,blue_silo,0.05416049976677638,0.3741137824883766
2A2D3352,BOBO,2024-06-30,95,bobolink,0.4438806303058373,0.5201957270266567
2A2D3352,BOBO,2024-06-30,50,bobolink,0.4382422000630577,0.5201957270266567
2A2D3352,BOBO,2024-06-30,95,swale,0.01430185328073007,0
2A2D3352,BOBO,2024-06-30,95,pond,0.09289176126703227,0.210048087932777
2A2D3352,BOBO,2024-06-30,50,pond,0.03703199852434053,0.210048087932777
2A2D3352,BOBO,2024-06-30,95,off_field,0.37140215653455466,NA
2A2D3352,BOBO,2024-06-30,50,off_field,0.4705653016458254,NA
2A2D3352,BOBO,2024-06-17,95,blue_silo,0.0307205680900622,0
2A2D3352,BOBO,2024-06-17,95,bobolink,0.5357120748033084,0.5030204440904276
2A2D3352,BOBO,2024-06-17,50,bobolink,0.5116352655779615,0.5030204440904276
2A2D3352,BOBO,2024-06-17,95,swale,0.00770120311973655,0
2A2D3352,BOBO,2024-06-17,95,clydesdale,0.01325745736536283,0
2A2D3352,BOBO,2024-06-17,95,pond,0.04743394548096926,0.0015802466626517
2A2D3352,BOBO,2024-06-17,95,off_field,0.3651747511405607,NA
2A2D3352,BOBO,2024-06-17,50,off_field,0.4882224171758091,NA
2A2D3352,BOBO,2024-06-19,95,bobolink,0.8846583455840094,0.5424710557991247
2A2D3352,BOBO,2024-06-19,50,bobolink,0.9099064864524954,0.5424710557991247
2A2D3352,BOBO,2024-06-19,95,pond,0.00757484329074802,0
2A2D3352,BOBO,2024-06-19,95,off_field,0.10776681112524258,NA
2A2D3352,BOBO,2024-06-19,50,off_field,0.0900935135475046,NA
2A2D3352,BOBO,2024-07-04,95,blue_silo,0.15298587558996066,0.4036051978269235
2A2D3352,BOBO,2024-07-04,50,blue_silo,0.11721463154584057,0.4036051978269235
2A2D3352,BOBO,2024-07-04,95,bobolink,0.431909957913402,0.6740855409368894
2A2D3352,BOBO,2024-07-04,50,bobolink,0.5526904600551106,0.6740855409368894
2A2D3352,BOBO,2024-07-04,95,pear_tree,0.00864910649842437,0
2A2D3352,BOBO,2024-07-04,95,swale,0.02114124267423046,0
2A2D3352,BOBO,2024-07-04,95,pond,0.07073341100343487,0.1409497753965697
2A2D3352,BOBO,2024-07-04,50,pond,0.0189261696849683,0.1409497753965697
2A2D3352,BOBO,2024-07-04,95,off_field,0.3145804063205477,NA
2A2D3352,BOBO,2024-07-04,50,off_field,0.3111687387140806,NA
2A2D3352,BOBO,2024-07-19,95,blue_silo,0.42174806387049607,0.6897350212303196
2A2D3352,BOBO,2024-07-19,50,blue_silo,0.5525828077131325,0.6897350212303196
2A2D3352,BOBO,2024-07-19,95,bobolink,0.03390504276661851,0
2A2D3352,BOBO,2024-07-19,95,horse,0.01340346745332931,0
2A2D3352,BOBO,2024-07-19,95,pear_tree,0.04033762479446502,0.00114436759178463
2A2D3352,BOBO,2024-07-19,95,swale,0.0123850033426773,0
2A2D3352,BOBO,2024-07-19,95,underhill,0.12156470335467438,0.3666936225025259
2A2D3352,BOBO,2024-07-19,50,underhill,0.08467843927975187,0.3666936225025259
2A2D3352,BOBO,2024-07-19,95,wheat,0.0088979615660483,0
2A2D3352,BOBO,2024-07-19,95,quarter,0.00889359927418394,0
2A2D3352,BOBO,2024-07-19,95,retired,0.15941153735874294,0.8997250303051848
2A2D3352,BOBO,2024-07-19,50,retired,0.27245296983470135,0.8997250303051848
2A2D3352,BOBO,2024-07-19,95,front_hay,0.03197862277400214,0
2A2D3352,BOBO,2024-07-19,95,cat_barn,0.00860330365874763,0
2A2D3352,BOBO,2024-07-19,95,gi,0.01195078627998057,0
2A2D3352,BOBO,2024-07-19,95,native_ws,0.00573260700405981,0
2A2D3352,BOBO,2024-07-19,95,off_field,0.11430524867470704,NA
2A2D3352,BOBO,2024-07-19,50,off_field,0.09019809563662735,NA
2A2D3352,BOBO,2024-06-20,95,bobolink,0.7646027653885643,0.6781355634984506
2A2D3352,BOBO,2024-06-20,50,bobolink,0.9836489374365176,0.6781355634984506
2A2D3352,BOBO,2024-06-20,95,swale,0.0173649641940541,0
2A2D3352,BOBO,2024-06-20,95,pond,0.03863838587957238,0
2A2D3352,BOBO,2024-06-20,95,off_field,0.17720623901938362,NA
2A2D3352,BOBO,2024-06-20,50,off_field,0.0163510625634823,NA
2A2D3352,BOBO,2024-06-22,95,blue_silo,0.0537566865800454,0
2A2D3352,BOBO,2024-06-22,95,bobolink,0.30488574404798546,0.43128821312531057
2A2D3352,BOBO,2024-06-22,50,bobolink,0.2495877060322769,0.43128821312531057
2A2D3352,BOBO,2024-06-22,95,swale,0.01769100914978821,0
2A2D3352,BOBO,2024-06-22,95,pond,0.03508110285542752,0
2A2D3352,BOBO,2024-06-22,95,off_field,0.5883686350082331,NA
2A2D3352,BOBO,2024-06-22,50,off_field,0.7504122939677231,NA
2A2D3352,BOBO,2024-06-23,95,blue_silo,0.04006936401668389,0
2A2D3352,BOBO,2024-06-23,95,bobolink,0.42639947968114594,0.6334104246381136
2A2D3352,BOBO,2024-06-23,50,bobolink,0.5127025753949953,0.6334104246381136
2A2D3352,BOBO,2024-06-23,95,swale,0.06651803046097861,0
2A2D3352,BOBO,2024-06-23,95,pond,0.08025876586467573,0
2A2D3352,BOBO,2024-06-23,95,off_field,0.38675435997651586,NA
2A2D3352,BOBO,2024-06-23,50,off_field,0.4872974246050047,NA
2A2D3352,BOBO,2024-06-25,95,alfalfa,0.00584282076983277,0
2A2D3352,BOBO,2024-06-25,95,blue_silo,0.11150484851477552,0.11675289100894312
2A2D3352,BOBO,2024-06-25,50,blue_silo,0.0247275141789336,0.11675289100894312
2A2D3352,BOBO,2024-06-25,95,bobolink,0.4456561115941131,0.7318432773573897
2A2D3352,BOBO,2024-06-25,50,bobolink,0.619493877749691,0.7318432773573897
2A2D3352,BOBO,2024-06-25,95,swale,0.10720754033427944,0
2A2D3352,BOBO,2024-06-25,95,clydesdale,0.00810946250192085,0
2A2D3352,BOBO,2024-06-25,95,pond,0.07815085076301173,0.22439860253060845
2A2D3352,BOBO,2024-06-25,50,pond,0.03330986882374927,0.22439860253060845
2A2D3352,BOBO,2024-06-25,95,off_field,0.23436826237434216,NA
2A2D3352,BOBO,2024-06-25,50,off_field,0.32246873924762615,NA
2A2D3352,BOBO,2024-06-27,95,blue_silo,0.0587480787223774,0.20060525324190215
2A2D3352,BOBO,2024-06-27,50,blue_silo,0.02238920196739492,0.20060525324190215
2A2D3352,BOBO,2024-06-27,95,bobolink,0.30394072392521787,0.3084933555534174
2A2D3352,BOBO,2024-06-27,50,bobolink,0.17813011660131736,0.3084933555534174
2A2D3352,BOBO,2024-06-27,95,swale,0.283651922444942,0.7296768678830355
2A2D3352,BOBO,2024-06-27,50,swale,0.3932049296958029,0.7296768678830355
2A2D3352,BOBO,2024-06-27,95,front_hay,0.01459745244055405,0
2A2D3352,BOBO,2024-06-27,95,clydesdale,0.00649414124351098,0
2A2D3352,BOBO,2024-06-27,95,pond,0.1018498071606802,0.3968823732069968
2A2D3352,BOBO,2024-06-27,50,pond,0.076793536144294,0.3968823732069968
2A2D3352,BOBO,2024-06-27,95,off_field,0.2307178740627175,NA
2A2D3352,BOBO,2024-06-27,50,off_field,0.3294822155911908,NA
2A2D3352,BOBO,2024-06-28,95,blue_silo,0.09880838158170951,0.0521015728383658
2A2D3352,BOBO,2024-06-28,50,blue_silo,0.00977460106433978,0.0521015728383658
2A2D3352,BOBO,2024-06-28,95,bobolink,0.4318719628555397,0.5124200216193444
2A2D3352,BOBO,2024-06-28,50,bobolink,0.42018014104837825,0.5124200216193444
2A2D3352,BOBO,2024-06-28,95,swale,0.0110168838818476,0
2A2D3352,BOBO,2024-06-28,95,pond,0.09352637248736408,0.08649208029842344
2A2D3352,BOBO,2024-06-28,50,pond,0.01535906769292844,0.08649208029842344
2A2D3352,BOBO,2024-06-28,95,off_field,0.36167205452888374,NA
2A2D3352,BOBO,2024-06-28,50,off_field,0.5546861901943535,NA
2A2D3352,BOBO,2024-07-06,95,blue_silo,0.0162090479933011,0.02686424001914509
2A2D3352,BOBO,2024-07-06,95,bobolink,0.6972017193719958,0.6569419274425022
2A2D3352,BOBO,2024-07-06,50,bobolink,0.8700103155555058,0.6569419274425022
2A2D3352,BOBO,2024-07-06,95,swale,0.00521177961105072,0
2A2D3352,BOBO,2024-07-06,95,clydesdale,0.10534539647132908,0.31140029332352753
2A2D3352,BOBO,2024-07-06,50,clydesdale,0.06231226696153593,0.31140029332352753
2A2D3352,BOBO,2024-07-06,95,pond,0.00677409322132764,0
2A2D3352,BOBO,2024-07-06,95,off_field,0.16925796333099563,NA
2A2D3352,BOBO,2024-07-06,50,off_field,0.06685029268917414,NA
2A2D3352,BOBO,2024-06-16,95,blue_silo,0.05414245921614143,0
2A2D3352,BOBO,2024-06-16,95,bobolink,0.3378905219048979,0.5605126876606353
2A2D3352,BOBO,2024-06-16,50,bobolink,0.3597548019146065,0.5605126876606353
2A2D3352,BOBO,2024-06-16,95,swale,0.06377845428097417,0
2A2D3352,BOBO,2024-06-16,95,clydesdale,0.01159352777722203,0
2A2D3352,BOBO,2024-06-16,95,pond,0.06720008516830081,0
2A2D3352,BOBO,2024-06-16,95,off_field,0.4653949516524637,NA
2A2D3352,BOBO,2024-06-16,50,off_field,0.6402451980853935,NA
2A2D3352,BOBO,2024-07-09,95,blue_silo,0.01507315967381533,0
2A2D3352,BOBO,2024-07-09,95,bobolink,0.7219704392017169,0.6344848384346026
2A2D3352,BOBO,2024-07-09,50,bobolink,0.8697862358683667,0.6344848384346026
2A2D3352,BOBO,2024-07-09,95,clydesdale,0.1005502193741167,0.28630083729247385
2A2D3352,BOBO,2024-07-09,50,clydesdale,0.05466099170275984,0.28630083729247385
2A2D3352,BOBO,2024-07-09,95,pond,0.0188255884992427,0
2A2D3352,BOBO,2024-07-09,95,off_field,0.13994793609975176,NA
2A2D3352,BOBO,2024-07-09,50,off_field,0.07555277242887354,NA
2A2D3352,BOBO,2024-07-21,95,blue_silo,0.1984154582174202,0.8329067858199596
2A2D3352,BOBO,2024-07-21,50,blue_silo,0.3139450570426088,0.8329067858199596
2A2D3352,BOBO,2024-07-21,95,bobolink,0.06690084658453517,0.48366557024776313
2A2D3352,BOBO,2024-07-21,50,bobolink,0.06146933739487232,0.48366557024776313
2A2D3352,BOBO,2024-07-21,95,pear_tree,0.0429897222049783,0.01040560991107329
2A2D3352,BOBO,2024-07-21,95,swale,0.0395799675542376,0
2A2D3352,BOBO,2024-07-21,95,underhill,0.19556475066324264,0.8192356540626815
2A2D3352,BOBO,2024-07-21,50,underhill,0.30435551004232364,0.8192356540626815
2A2D3352,BOBO,2024-07-21,95,wheat,0.01192638734932346,0
2A2D3352,BOBO,2024-07-21,95,retired,0.08387930780816724,0.9187226364669736
2A2D3352,BOBO,2024-07-21,50,retired,0.14639323232319973,0.9187226364669736
2A2D3352,BOBO,2024-07-21,95,front_hay,0.08298227782754523,0.5722725444937856
2A2D3352,BOBO,2024-07-21,50,front_hay,0.0902131832195792,0.5722725444937856
2A2D3352,BOBO,2024-07-21,95,pond,0.04228421275730651,0
2A2D3352,BOBO,2024-07-21,95,back_woods,0.01702404774256165,0
2A2D3352,BOBO,2024-07-21,95,off_field,0.20451394657705255,NA
2A2D3352,BOBO,2024-07-21,50,off_field,0.08277388546042848,NA
2A2D3352,BOBO,2024-07-23,95,alfalfa,0.01326111594346319,0
2A2D3352,BOBO,2024-07-23,95,blue_silo,0.34606096496000976,0.839570332949557
2A2D3352,BOBO,2024-07-23,50,blue_silo,0.5516555132141276,0.839570332949557
2A2D3352,BOBO,2024-07-23,95,bobolink,0.0822886185963672,0.1859598149105337
2A2D3352,BOBO,2024-07-23,50,bobolink,0.02905474990185276,0.1859598149105337
2A2D3352,BOBO,2024-07-23,95,horse,0.00887811540575306,0
2A2D3352,BOBO,2024-07-23,95,pear_tree,0.01215120378803417,0
2A2D3352,BOBO,2024-07-23,95,swale,0.08938046278487831,0.08483872050628143
2A2D3352,BOBO,2024-07-23,50,swale,0.01439776144544713,0.08483872050628143
2A2D3352,BOBO,2024-07-23,95,underhill,0.12668878211042744,0.4591452576077332
2A2D3352,BOBO,2024-07-23,50,underhill,0.11044511928978289,0.4591452576077332
2A2D3352,BOBO,2024-07-23,95,retired,0.1072356200520275,0.908155608089046
2A2D3352,BOBO,2024-07-23,50,retired,0.184908808827452,0.908155608089046
2A2D3352,BOBO,2024-07-23,95,front_hay,0.05923381833518148,0.17808858679281458
2A2D3352,BOBO,2024-07-23,50,front_hay,0.02002922204290412,0.17808858679281458
2A2D3352,BOBO,2024-07-23,95,clydesdale,0.00594669250110971,0
2A2D3352,BOBO,2024-07-23,95,native_ws,0.01406422999559908,0
2A2D3352,BOBO,2024-07-23,95,off_field,0.11767870481245514,NA
2A2D3352,BOBO,2024-07-23,50,off_field,0.0895088252784335,NA
2A2D3352,BOBO,2024-07-07,95,blue_silo,0.00708033664365966,0
2A2D3352,BOBO,2024-07-07,95,bobolink,0.7357990016101095,0.5845006984984927
2A2D3352,BOBO,2024-07-07,50,bobolink,0.8164191126796863,0.5845006984984927
2A2D3352,BOBO,2024-07-07,95,clydesdale,0.11296319916670172,0.3934057491966008
2A2D3352,BOBO,2024-07-07,50,clydesdale,0.08436195201073479,0.3934057491966008
2A2D3352,BOBO,2024-07-07,95,off_field,0.13771853944708365,NA
2A2D3352,BOBO,2024-07-07,50,off_field,0.09921893530957895,NA
2A2D3352,BOBO,2024-07-16,95,blue_silo,0.18964579748697133,0.6119700207166479
2A2D3352,BOBO,2024-07-16,50,blue_silo,0.22043216465195853,0.6119700207166479
2A2D3352,BOBO,2024-07-16,95,bobolink,0.2821688250096041,0.8730528965380312
2A2D3352,BOBO,2024-07-16,50,bobolink,0.4678979927061374,0.8730528965380312
2A2D3352,BOBO,2024-07-16,95,pear_tree,0.01897121486089666,0
2A2D3352,BOBO,2024-07-16,95,underhill,0.0686249085222271,0.24983529357529252
2A2D3352,BOBO,2024-07-16,50,underhill,0.03256395630786497,0.24983529357529252
2A2D3352,BOBO,2024-07-16,95,wheat,0.00835775047707604,0
2A2D3352,BOBO,2024-07-16,95,retired,0.08904158148488868,0.8613796482263618
2A2D3352,BOBO,2024-07-16,50,retired,0.14567635498164455,0.8613796482263618
2A2D3352,BOBO,2024-07-16,95,front_hay,0.09948490142233588,0.2721538319642895
2A2D3352,BOBO,2024-07-16,50,front_hay,0.05142487235559901,0.2721538319642895
2A2D3352,BOBO,2024-07-16,95,entrance,0.03907233211759102,0
2A2D3352,BOBO,2024-07-16,95,clydesdale,0.05733571480903237,0.06449434244611435
2A2D3352,BOBO,2024-07-16,50,clydesdale,0.00702341685222179,0.06449434244611435
2A2D3352,BOBO,2024-07-16,95,off_field,0.1432919105454925,NA
2A2D3352,BOBO,2024-07-16,50,off_field,0.07498124214457372,NA
2A2D3352,BOBO,2024-07-02,95,blue_silo,0.11790720467905674,0.1881749503385117
2A2D3352,BOBO,2024-07-02,50,blue_silo,0.04213275073124301,0.1881749503385117
2A2D3352,BOBO,2024-07-02,95,bobolink,0.5054482074211973,0.6456780486492065
2A2D3352,BOBO,2024-07-02,50,bobolink,0.6197411632451771,0.6456780486492065
2A2D3352,BOBO,2024-07-02,95,swale,0.02642865407381502,0
2A2D3352,BOBO,2024-07-02,95,pond,0.0644533635673678,0
2A2D3352,BOBO,2024-07-02,95,off_field,0.2857625702585631,NA
2A2D3352,BOBO,2024-07-02,50,off_field,0.33812608602357985,NA
2A2D3352,BOBO,2024-07-18,95,blue_silo,0.4443210202221763,0.641901653328848
2A2D3352,BOBO,2024-07-18,50,blue_silo,0.5417662189769582,0.641901653328848
2A2D3352,BOBO,2024-07-18,95,bobolink,0.02499682127885568,0
2A2D3352,BOBO,2024-07-18,95,pear_tree,0.02845192282715556,0
2A2D3352,BOBO,2024-07-18,95,underhill,0.10252806566910808,0.4490388567195713
2A2D3352,BOBO,2024-07-18,50,underhill,0.08745270662048008,0.4490388567195713
2A2D3352,BOBO,2024-07-18,95,retired,0.17285367815241587,0.8614011420623316
2A2D3352,BOBO,2024-07-18,50,retired,0.2828333623007403,0.8614011420623316
2A2D3352,BOBO,2024-07-18,95,donkey,0.00883620850506874,5.85735663258642e-4
2A2D3352,BOBO,2024-07-18,95,front_hay,0.10020897270408093,0.07504787305299841
2A2D3352,BOBO,2024-07-18,50,front_hay,0.01428537239449328,0.07504787305299841
2A2D3352,BOBO,2024-07-18,95,off_field,0.11479170240801671,NA
2A2D3352,BOBO,2024-07-18,50,off_field,0.07365250833394231,NA
2A2D3352,BOBO,2024-07-14,95,blue_silo,0.03666574588550585,0.00142192917531828
2A2D3352,BOBO,2024-07-14,95,bobolink,0.29710722006311263,0.7907829204398092
2A2D3352,BOBO,2024-07-14,50,bobolink,0.44634809144025817,0.7907829204398092
2A2D3352,BOBO,2024-07-14,95,swale,0.00532441873703692,0
2A2D3352,BOBO,2024-07-14,95,underhill,0.0780132611007587,0.30071867341055797
2A2D3352,BOBO,2024-07-14,50,underhill,0.04456891124599651,0.30071867341055797
2A2D3352,BOBO,2024-07-14,95,retired,0.04727993119911392,0.5005297467174004
2A2D3352,BOBO,2024-07-14,50,retired,0.04495830449172815,0.5005297467174004
2A2D3352,BOBO,2024-07-14,95,front_hay,0.3516783883412063,0.5909888482689812
2A2D3352,BOBO,2024-07-14,50,front_hay,0.39484638120604665,0.5909888482689812
2A2D3352,BOBO,2024-07-14,95,entrance,0.03445715013327195,0
2A2D3352,BOBO,2024-07-14,95,clydesdale,0.03962016341855131,0.00209991543573137
2A2D3352,BOBO,2024-07-14,95,off_field,0.10827732185489725,NA
2A2D3352,BOBO,2024-07-14,50,off_field,0.0690212047937932,NA
2A2D3352,BOBO,2024-07-15,95,blue_silo,0.03585007982331079,0
2A2D3352,BOBO,2024-07-15,95,bobolink,0.39791904210812246,0.818403490844072
2A2D3352,BOBO,2024-07-15,50,bobolink,0.6182884320988812,0.818403490844072
2A2D3352,BOBO,2024-07-15,95,swale,0.02073857376799415,0
2A2D3352,BOBO,2024-07-15,95,underhill,0.03495777960214683,0
2A2D3352,BOBO,2024-07-15,95,retired,0.01689963737433128,0
2A2D3352,BOBO,2024-07-15,95,front_hay,0.2250791672323759,0.6511957801374217
2A2D3352,BOBO,2024-07-15,50,front_hay,0.2782760324415568,0.6511957801374217
2A2D3352,BOBO,2024-07-15,95,entrance,0.02216428592176821,0
2A2D3352,BOBO,2024-07-15,95,clydesdale,0.0321902139872666,0
2A2D3352,BOBO,2024-07-15,95,pond,0.0849468028027264,0.2274316219976316
2A2D3352,BOBO,2024-07-15,50,pond,0.03667978757442072,0.2274316219976316
2A2D3352,BOBO,2024-07-15,95,back_woods,0.06148030222691338,0.3205559091135327
2A2D3352,BOBO,2024-07-15,50,back_woods,0.03741697780336432,0.3205559091135327
2A2D3352,BOBO,2024-07-15,95,off_field,0.06757258162994109,NA
2A2D3352,BOBO,2024-07-15,50,off_field,0.02933877008177704,NA
2A2D3352,BOBO,2024-06-18,95,blue_silo,0.07360586763668978,0.00574122286795233
2A2D3352,BOBO,2024-06-18,95,bobolink,0.4697666247861066,0.4863755663750148
2A2D3352,BOBO,2024-06-18,50,bobolink,0.43382892336996687,0.4863755663750148
2A2D3352,BOBO,2024-06-18,95,swale,0.02048866673182199,0
2A2D3352,BOBO,2024-06-18,95,pond,0.05449907690036356,0.0165739950251956
2A2D3352,BOBO,2024-06-18,95,off_field,0.3804352981476926,NA
2A2D3352,BOBO,2024-06-18,50,off_field,0.5636536277231625,NA
2A2D3352,BOBO,2024-07-12,95,blue_silo,0.01284729445298899,0
2A2D3352,BOBO,2024-07-12,95,bobolink,0.6084029131741908,0.7366369367729894
2A2D3352,BOBO,2024-07-12,50,bobolink,0.8515344146769666,0.7366369367729894
2A2D3352,BOBO,2024-07-12,95,underhill,0.02386851116629494,0
2A2D3352,BOBO,2024-07-12,95,retired,0.02593047199167518,0
2A2D3352,BOBO,2024-07-12,95,front_hay,0.25372864602650236,0.22277189701268993
2A2D3352,BOBO,2024-07-12,50,front_hay,0.10739580882241886,0.22277189701268993
2A2D3352,BOBO,2024-07-12,95,clydesdale,0.02136256191878375,0
2A2D3352,BOBO,2024-07-12,95,off_field,0.05385960126956401,NA
2A2D3352,BOBO,2024-07-12,50,off_field,0.04106977650061455,NA
2A2D3352,BOBO,2024-07-03,95,blue_silo,0.11455270138606924,0.5894475885760571
2A2D3352,BOBO,2024-07-03,50,blue_silo,0.128293010160019,0.5894475885760571
2A2D3352,BOBO,2024-07-03,95,bobolink,0.5890509051894507,0.6482108790791166
2A2D3352,BOBO,2024-07-03,50,bobolink,0.7254735914671666,0.6482108790791166
2A2D3352,BOBO,2024-07-03,95,swale,0.01016583454690369,0
2A2D3352,BOBO,2024-07-03,95,clydesdale,0.03571318649944877,0.01117414623961098
2A2D3352,BOBO,2024-07-03,95,pond,0.03668476791044966,0
2A2D3352,BOBO,2024-07-03,95,off_field,0.21383260446767793,NA
2A2D3352,BOBO,2024-07-03,50,off_field,0.14547517805627877,NA
2A2D3352,BOBO,2024-07-11,95,bobolink,0.7106392200419042,0.6235473501001567
2A2D3352,BOBO,2024-07-11,50,bobolink,0.8408575666759784,0.6235473501001567
2A2D3352,BOBO,2024-07-11,95,front_hay,0.04992945155564646,0
2A2D3352,BOBO,2024-07-11,95,clydesdale,0.17033747178588493,0.3625357812635535
2A2D3352,BOBO,2024-07-11,50,clydesdale,0.11718307764114326,0.3625357812635535
2A2D3352,BOBO,2024-07-11,95,off_field,0.06223842567639007,NA
2A2D3352,BOBO,2024-07-11,50,off_field,0.04195935568287835,NA
2A2D3352,BOBO,2024-07-13,95,blue_silo,0.01132363251550111,0
2A2D3352,BOBO,2024-07-13,95,bobolink,0.7831043650603845,0.6001823723037837
2A2D3352,BOBO,2024-07-13,50,bobolink,0.8924283132761321,0.6001823723037837
2A2D3352,BOBO,2024-07-13,95,front_hay,0.03645113724050904,0
2A2D3352,BOBO,2024-07-13,95,off_field,0.16635925114071878,NA
2A2D3352,BOBO,2024-07-13,50,off_field,0.10757168672386788,NA
2A342D1E,BOBO,2022-07-28,95,frog,0.1739362115409477,0.3013188046366023
2A342D1E,BOBO,2022-07-28,50,frog,0.09956332189566557,0.3013188046366023
2A342D1E,BOBO,2022-07-28,95,horse,0.0219672235615281,0
2A342D1E,BOBO,2022-07-28,95,wheat,0.7109967030421682,0.6116773428166291
2A342D1E,BOBO,2022-07-28,50,wheat,0.8261770309765287,0.6116773428166291
2A342D1E,BOBO,2022-07-28,95,quarter,0.09702739155768302,0.43169805950826184
2A342D1E,BOBO,2022-07-28,50,quarter,0.07957150795979144,0.43169805950826184
2A342D1E,BOBO,2022-07-28,95,off_field,0,NA
2A342D1E,BOBO,2022-07-28,50,off_field,0,NA
2A342D1E,BOBO,2022-08-05,95,blue_silo,0.0169562462396464,0
2A342D1E,BOBO,2022-08-05,95,frog,0.05145642433697389,0
2A342D1E,BOBO,2022-08-05,95,horse,0.0184297792524112,0
2A342D1E,BOBO,2022-08-05,95,pear_tree,0.08742537136838742,0.2810619565756096
2A342D1E,BOBO,2022-08-05,50,pear_tree,0.04667694176727615,0.2810619565756096
2A342D1E,BOBO,2022-08-05,95,wheat,0.4677603626315499,0.7121047288962943
2A342D1E,BOBO,2022-08-05,50,wheat,0.6327470513988788,0.7121047288962943
2A342D1E,BOBO,2022-08-05,95,quarter,0.04164574668155006,0
2A342D1E,BOBO,2022-08-05,95,cattle,0.01105783781942284,0
2A342D1E,BOBO,2022-08-05,95,off_field,0.3027236588561529,NA
2A342D1E,BOBO,2022-08-05,50,off_field,0.3205760068338451,NA
2A342D1E,BOBO,2022-08-16,95,blue_silo,0.00683481874432421,0
2A342D1E,BOBO,2022-08-16,95,frog,0.02307564937734315,0
2A342D1E,BOBO,2022-08-16,95,horse,0.121414733683953,0.8022443007174315
2A342D1E,BOBO,2022-08-16,50,horse,0.1850250213283056,0.8022443007174315
2A342D1E,BOBO,2022-08-16,95,pear_tree,0.0880067411525556,0.35972925914544013
2A342D1E,BOBO,2022-08-16,50,pear_tree,0.0601373288239089,0.35972925914544013
2A342D1E,BOBO,2022-08-16,95,underhill,0.02222464280266492,0
2A342D1E,BOBO,2022-08-16,95,wheat,0.12309646628507435,0.3697558078363522
2A342D1E,BOBO,2022-08-16,50,wheat,0.08645955999744184,0.3697558078363522
2A342D1E,BOBO,2022-08-16,95,quarter,0.03858109951329754,0.09844243211248035
2A342D1E,BOBO,2022-08-16,50,quarter,0.00721455196712298,0.09844243211248035
2A342D1E,BOBO,2022-08-16,95,retired,0.01467942030053452,0.00148269144962856
2A342D1E,BOBO,2022-08-16,95,front_hay,0.02838251837334198,0
2A342D1E,BOBO,2022-08-16,95,native_ws,0.05081141246403199,0.25996079622997437
2A342D1E,BOBO,2022-08-16,50,native_ws,0.02509120721357072,0.25996079622997437
2A342D1E,BOBO,2022-08-16,95,cattle,0.09128035220956388,0.3916717606242748
2A342D1E,BOBO,2022-08-16,50,cattle,0.06791285656747038,0.3916717606242748
2A342D1E,BOBO,2022-08-16,95,wish_well,0.3130618662496347,0.8595394989511841
2A342D1E,BOBO,2022-08-16,50,wish_well,0.5111500876773543,0.8595394989511841
2A342D1E,BOBO,2022-08-16,95,off_field,0.07200716211600197,NA
2A342D1E,BOBO,2022-08-16,50,off_field,0.05694922964602803,NA
2A342D1E,BOBO,2022-08-04,95,pear_tree,0.13505223997763385,0.3881475096620963
2A342D1E,BOBO,2022-08-04,50,pear_tree,0.09950201942808284,0.3881475096620963
2A342D1E,BOBO,2022-08-04,95,wheat,0.5008867232910086,0.6316898578736692
2A342D1E,BOBO,2022-08-04,50,wheat,0.6005881008265656,0.6316898578736692
2A342D1E,BOBO,2022-08-04,95,off_field,0.3640610367313576,NA
2A342D1E,BOBO,2022-08-04,50,off_field,0.29990987974535166,NA
2A342D1E,BOBO,2022-07-27,95,frog,0.2798845508987652,0.4669397980903718
2A342D1E,BOBO,2022-07-27,50,frog,0.24829676485365332,0.4669397980903718
2A342D1E,BOBO,2022-07-27,95,wheat,0.7026435200426117,0.5690047912914818
2A342D1E,BOBO,2022-07-27,50,wheat,0.7595952001098398,0.5690047912914818
2A342D1E,BOBO,2022-07-27,95,cattle,0.01691026448557707,0
2A342D1E,BOBO,2022-07-27,95,off_field,0,NA
2A342D1E,BOBO,2022-07-27,50,off_field,0,NA
2A342D1E,BOBO,2022-08-03,95,frog,0.08132808700546958,0.7716439111924822
2A342D1E,BOBO,2022-08-03,50,frog,0.11920873334985842,0.7716439111924822
2A342D1E,BOBO,2022-08-03,95,horse,0.1939216236657242,0.8587748367606797
2A342D1E,BOBO,2022-08-03,50,horse,0.31634147269089374,0.8587748367606797
2A342D1E,BOBO,2022-08-03,95,pear_tree,0.03204816077709339,0
2A342D1E,BOBO,2022-08-03,95,wheat,0.4019951795922849,0.6023571523333308
2A342D1E,BOBO,2022-08-03,50,wheat,0.4599657555631923,0.6023571523333308
2A342D1E,BOBO,2022-08-03,95,quarter,0.06729388971455971,0.32648988920385386
2A342D1E,BOBO,2022-08-03,50,quarter,0.04173457078263462,0.32648988920385386
2A342D1E,BOBO,2022-08-03,95,cattle,0.01261320171549041,0.19164765138556328
2A342D1E,BOBO,2022-08-03,95,wish_well,0.07721404806643509,0.28300766890869633
2A342D1E,BOBO,2022-08-03,50,wish_well,0.04150927122308716,0.28300766890869633
2A342D1E,BOBO,2022-08-03,95,off_field,0.12973718281404825,NA
2A342D1E,BOBO,2022-08-03,50,off_field,0.01664843380078812,NA
2A342D1E,BOBO,2022-08-01,95,blue_silo,0.00910293836687504,0
2A342D1E,BOBO,2022-08-01,95,frog,0.05607823600297502,0
2A342D1E,BOBO,2022-08-01,95,horse,0.00520473033505235,0
2A342D1E,BOBO,2022-08-01,95,pear_tree,0.01418977504599707,0
2A342D1E,BOBO,2022-08-01,95,wheat,0.7299140301955029,0.6758002763140335
2A342D1E,BOBO,2022-08-01,50,wheat,0.936642744905235,0.6758002763140335
2A342D1E,BOBO,2022-08-01,95,quarter,0.11991867944146672,0.277027321842721
2A342D1E,BOBO,2022-08-01,50,quarter,0.0630802401058057,0.277027321842721
2A342D1E,BOBO,2022-08-01,95,cattle,0.02195284027898265,0
2A342D1E,BOBO,2022-08-01,95,off_field,0.03867136613535085,NA
2A342D1E,BOBO,2022-08-01,50,off_field,2.770149889593247e-4,NA
2A342D1E,BOBO,2022-08-12,95,blue_silo,0.1422019508023424,0.7473627179935795
2A342D1E,BOBO,2022-08-12,50,blue_silo,0.20191812340383217,0.7473627179935795
2A342D1E,BOBO,2022-08-12,95,bobolink,0.12144643994771766,0.8659466783333267
2A342D1E,BOBO,2022-08-12,50,bobolink,0.19980863678422112,0.8659466783333267
2A342D1E,BOBO,2022-08-12,95,frog,0.03807100707682257,0.7843181865637422
2A342D1E,BOBO,2022-08-12,50,frog,0.0567315916524553,0.7843181865637422
2A342D1E,BOBO,2022-08-12,95,horse,0.03160818188485923,0.35794921627635606
2A342D1E,BOBO,2022-08-12,50,horse,0.02149607898817634,0.35794921627635606
2A342D1E,BOBO,2022-08-12,95,pear_tree,0.0159997103777103,0
2A342D1E,BOBO,2022-08-12,95,swale,0.1745630551727817,0.8453776941298998
2A342D1E,BOBO,2022-08-12,50,swale,0.2803763878689751,0.8453776941298998
2A342D1E,BOBO,2022-08-12,95,underhill,0.00998155743959376,0
2A342D1E,BOBO,2022-08-12,95,wheat,0.07823642840442092,0.5774856549590369
2A342D1E,BOBO,2022-08-12,50,wheat,0.0858397678318964,0.5774856549590369
2A342D1E,BOBO,2022-08-12,95,quarter,0.02574511497169365,0.06887590534759903
2A342D1E,BOBO,2022-08-12,95,retired,0.0127032237933608,0.00212092708865329
2A342D1E,BOBO,2022-08-12,95,front_hay,0.02699842534252026,0
2A342D1E,BOBO,2022-08-12,95,entrance,0.00617048801356142,0
2A342D1E,BOBO,2022-08-12,95,clydesdale,0.02153991041391617,0
2A342D1E,BOBO,2022-08-12,95,pond,0.02050246908804362,0.28635151240746964
2A342D1E,BOBO,2022-08-12,50,pond,0.01115434221839159,0.28635151240746964
2A342D1E,BOBO,2022-08-12,95,cat_barn,0.0158358016545247,0
2A342D1E,BOBO,2022-08-12,95,native_ws,0.01943353216834393,0
2A342D1E,BOBO,2022-08-12,95,cattle,0.05898954338757246,0.27300480536085997
2A342D1E,BOBO,2022-08-12,50,cattle,0.03059733796527091,0.27300480536085997
2A342D1E,BOBO,2022-08-12,95,wish_well,0.06305269153416518,0.06840278778825777
2A342D1E,BOBO,2022-08-12,50,wish_well,0.00819437339439571,0.06840278778825777
2A342D1E,BOBO,2022-08-12,95,off_field,0.10689359120562476,NA
2A342D1E,BOBO,2022-08-12,50,off_field,0.1004631748993666,NA
2A342D1E,BOBO,2022-07-16,95,blue_silo,0.0402095520804018,0
2A342D1E,BOBO,2022-07-16,95,frog,0.2143798111625257,0.6520758296336306
2A342D1E,BOBO,2022-07-16,50,frog,0.26558550568027794,0.6520758296336306
2A342D1E,BOBO,2022-07-16,95,pear_tree,0.02384788504904524,0
2A342D1E,BOBO,2022-07-16,95,underhill,0.01866057680328669,0
2A342D1E,BOBO,2022-07-16,95,wheat,0.5552815501182604,0.6749068197729495
2A342D1E,BOBO,2022-07-16,50,wheat,0.7119990980459722,0.6749068197729495
2A342D1E,BOBO,2022-07-16,95,quarter,0.01797173264580734,0
2A342D1E,BOBO,2022-07-16,95,retired,0.00616950440240257,0
2A342D1E,BOBO,2022-07-16,95,cattle,0.07527436149297509,0.22569894181255992
2A342D1E,BOBO,2022-07-16,50,cattle,0.03227743285375863,0.22569894181255992
2A342D1E,BOBO,2022-07-16,95,off_field,0.04696035889167158,NA
2A342D1E,BOBO,2022-07-16,50,off_field,0,NA
2A342D1E,BOBO,2022-08-10,95,frog,0.03460721751515715,0
2A342D1E,BOBO,2022-08-10,95,horse,0.05619480959189946,0.3033469355827021
2A342D1E,BOBO,2022-08-10,50,horse,0.03237070368604074,0.3033469355827021
2A342D1E,BOBO,2022-08-10,95,pear_tree,0.03259607148750739,0
2A342D1E,BOBO,2022-08-10,95,wheat,0.12090975738665204,0
2A342D1E,BOBO,2022-08-10,95,quarter,0.01455279481532232,0
2A342D1E,BOBO,2022-08-10,95,native_ws,0.03031913758121126,4.678977978079719e-4
2A342D1E,BOBO,2022-08-10,95,cattle,0.2765460506202888,0.6687290001535129
2A342D1E,BOBO,2022-08-10,50,cattle,0.35118337011353834,0.6687290001535129
2A342D1E,BOBO,2022-08-10,95,wish_well,0.36280142142202687,0.8972529201636688
2A342D1E,BOBO,2022-08-10,50,wish_well,0.6181589828940499,0.8972529201636688
2A342D1E,BOBO,2022-08-10,95,off_field,0.069569258639623,NA
2A342D1E,BOBO,2022-08-10,50,off_field,0,NA
2A342D1E,BOBO,2022-08-14,95,frog,0.048483994258071,0.04754997604312331
2A342D1E,BOBO,2022-08-14,95,horse,0.29300986247858146,0.8011432849765172
2A342D1E,BOBO,2022-08-14,50,horse,0.44601893057714664,0.8011432849765172
2A342D1E,BOBO,2022-08-14,95,wheat,0.07938444233575598,0
2A342D1E,BOBO,2022-08-14,95,quarter,0.22965068100913769,0.4634733049021209
2A342D1E,BOBO,2022-08-14,50,quarter,0.20223360281733868,0.4634733049021209
2A342D1E,BOBO,2022-08-14,95,cattle,0.243062476567099,0.5862610601800421
2A342D1E,BOBO,2022-08-14,50,cattle,0.2707508471980031,0.5862610601800421
2A342D1E,BOBO,2022-08-14,95,wish_well,0.10624193009774482,0.42701588163870374
2A342D1E,BOBO,2022-08-14,50,wish_well,0.08619872383428476,0.42701588163870374
2A342D1E,BOBO,2022-08-14,95,off_field,1.666132536100919e-4,NA
2A342D1E,BOBO,2022-08-14,50,off_field,0,NA
2A342D1E,BOBO,2022-07-17,95,blue_silo,0.00604199747565611,0
2A342D1E,BOBO,2022-07-17,95,frog,0.03542256527290693,0
2A342D1E,BOBO,2022-07-17,95,pear_tree,0.16926474412551004,0.4838845501550291
2A342D1E,BOBO,2022-07-17,50,pear_tree,0.15560152108228278,0.4838845501550291
2A342D1E,BOBO,2022-07-17,95,wheat,0.40970492221736377,0.6964084195625009
2A342D1E,BOBO,2022-07-17,50,wheat,0.5420517713164721,0.6964084195625009
2A342D1E,BOBO,2022-07-17,95,quarter,0.02790859316523019,0
2A342D1E,BOBO,2022-07-17,95,cattle,0.02726530970867517,0
2A342D1E,BOBO,2022-07-17,95,off_field,0.31782472864583616,NA
2A342D1E,BOBO,2022-07-17,50,off_field,0.30234670760124516,NA
2A342D1E,BOBO,2022-07-25,95,frog,0.4753031405000571,0.7830051642463782
2A342D1E,BOBO,2022-07-25,50,frog,0.7064120419209186,0.7830051642463782
2A342D1E,BOBO,2022-07-25,95,pear_tree,0.03425354190135774,0
2A342D1E,BOBO,2022-07-25,95,wheat,0.3858543178615647,0.3581820408732224
2A342D1E,BOBO,2022-07-25,50,wheat,0.26233120540613203,0.3581820408732224
2A342D1E,BOBO,2022-07-25,95,cattle,0.1124458198056317,0.25506952035303093
2A342D1E,BOBO,2022-07-25,50,cattle,0.05444082077412281,0.25506952035303093
2A342D1E,BOBO,2022-07-25,95,off_field,0,NA
2A342D1E,BOBO,2022-07-25,50,off_field,0,NA
2A342D1E,BOBO,2022-07-29,95,frog,0.17356231137397363,0.38134878336876
2A342D1E,BOBO,2022-07-29,50,frog,0.1256978737051124,0.38134878336876
2A342D1E,BOBO,2022-07-29,95,pear_tree,0.06485568563075315,0
2A342D1E,BOBO,2022-07-29,95,wheat,0.6857683764669346,0.6779405426362691
2A342D1E,BOBO,2022-07-29,50,wheat,0.882915623323185,0.6779405426362691
2A342D1E,BOBO,2022-07-29,95,cattle,0.03183880289830406,0
2A342D1E,BOBO,2022-07-29,95,off_field,0.04397482363003457,NA
2A342D1E,BOBO,2022-07-29,50,off_field,0,NA
2A342D1E,BOBO,2022-08-09,95,horse,0.07403061638757896,0.00796171497407956
2A342D1E,BOBO,2022-08-09,95,quarter,0.01182827272149816,0
2A342D1E,BOBO,2022-08-09,95,cat_barn,0.0091212729613735,0
2A342D1E,BOBO,2022-08-09,95,native_ws,0.33180219605111083,0.6839485850812043
2A342D1E,BOBO,2022-08-09,50,native_ws,0.4306558373374751,0.6839485850812043
2A342D1E,BOBO,2022-08-09,95,cattle,0.06192860290749015,0
2A342D1E,BOBO,2022-08-09,95,wish_well,0.4381902492829602,0.5913356450308069
2A342D1E,BOBO,2022-08-09,50,wish_well,0.4917273840136231,0.5913356450308069
2A342D1E,BOBO,2022-08-09,95,off_field,0.0669673688316269,NA
2A342D1E,BOBO,2022-08-09,50,off_field,0.07649825384806984,NA
2A342D1E,BOBO,2022-07-15,95,frog,0.0516354867241872,0
2A342D1E,BOBO,2022-07-15,95,horse,0.333456924131376,0.6622669474816174
2A342D1E,BOBO,2022-07-15,50,horse,0.41954824762793475,0.6622669474816174
2A342D1E,BOBO,2022-07-15,95,wheat,0.1590364433887833,0.2017782825802847
2A342D1E,BOBO,2022-07-15,50,wheat,0.06096494227757775,0.2017782825802847
2A342D1E,BOBO,2022-07-15,95,quarter,0.3999752933939546,0.6782396861838185
2A342D1E,BOBO,2022-07-15,50,quarter,0.515377500354691,0.6782396861838185
2A342D1E,BOBO,2022-07-15,95,cattle,0.03855338635326515,0
2A342D1E,BOBO,2022-07-15,95,wish_well,0.01664828274427812,0
2A342D1E,BOBO,2022-07-15,95,off_field,6.94183264155604e-4,NA
2A342D1E,BOBO,2022-07-15,50,off_field,0.00410930973979657,NA
2A342D1E,BOBO,2022-07-24,95,frog,0.01778205619203789,0
2A342D1E,BOBO,2022-07-24,95,pear_tree,0.13953781644333985,0.5324278739450592
2A342D1E,BOBO,2022-07-24,50,pear_tree,0.14114230592521312,0.5324278739450592
2A342D1E,BOBO,2022-07-24,95,underhill,0.0065351637522909,0
2A342D1E,BOBO,2022-07-24,95,wheat,0.4925653284791231,0.5222173456438449
2A342D1E,BOBO,2022-07-24,50,wheat,0.48867445100414786,0.5222173456438449
2A342D1E,BOBO,2022-07-24,95,off_field,0.3347474488249987,NA
2A342D1E,BOBO,2022-07-24,50,off_field,0.37018324307063905,NA
2A342D1E,BOBO,2022-08-13,95,horse,0.3359428775699081,0.7708888161307896
2A342D1E,BOBO,2022-08-13,50,horse,0.4916927667742694,0.7708888161307896
2A342D1E,BOBO,2022-08-13,95,wheat,0.01137824701724087,0
2A342D1E,BOBO,2022-08-13,95,quarter,0.1031053496397701,0.4179258401985072
2A342D1E,BOBO,2022-08-13,50,quarter,0.08181200949005453,0.4179258401985072
2A342D1E,BOBO,2022-08-13,95,cat_barn,0.10393265137936308,0.1540803924092094
2A342D1E,BOBO,2022-08-13,50,cat_barn,0.03040437069335967,0.1540803924092094
2A342D1E,BOBO,2022-08-13,95,native_ws,0.05720928272425731,0.02453003753016757
2A342D1E,BOBO,2022-08-13,95,cattle,0.00680754296948779,0
2A342D1E,BOBO,2022-08-13,95,wish_well,0.10614180512531848,0.00777588441378879
2A342D1E,BOBO,2022-08-13,95,off_field,0.27460805218097817,NA
2A342D1E,BOBO,2022-08-13,50,off_field,0.3918594271285544,NA
2A342D1E,BOBO,2022-08-07,95,blue_silo,0.02503759509927699,0
2A342D1E,BOBO,2022-08-07,95,frog,0.00759354816464694,0
2A342D1E,BOBO,2022-08-07,95,pear_tree,0.17235983949392084,0.4965022620829612
2A342D1E,BOBO,2022-08-07,50,pear_tree,0.16254375367061422,0.4965022620829612
2A342D1E,BOBO,2022-08-07,95,swale,0.01408593677129151,0
2A342D1E,BOBO,2022-08-07,95,underhill,0.15215775954089378,0.3811203894099048
2A342D1E,BOBO,2022-08-07,50,underhill,0.11014613455466694,0.3811203894099048
2A342D1E,BOBO,2022-08-07,95,wheat,0.29638778214327494,0.7036139550191658
2A342D1E,BOBO,2022-08-07,50,wheat,0.3961026187613242,0.7036139550191658
2A342D1E,BOBO,2022-08-07,95,retired,0.01060101727327847,0
2A342D1E,BOBO,2022-08-07,95,front_hay,0.01137814790041899,0
2A342D1E,BOBO,2022-08-07,95,off_field,0.3048162744936434,NA
2A342D1E,BOBO,2022-08-07,50,off_field,0.33120749301339464,NA
2A342D1E,BOBO,2022-08-15,95,blue_silo,0.16314615947014852,0.6996524772536522
2A342D1E,BOBO,2022-08-15,50,blue_silo,0.21677788859147384,0.6996524772536522
2A342D1E,BOBO,2022-08-15,95,bobolink,0.03822985502186161,0.30825489790863697
2A342D1E,BOBO,2022-08-15,50,bobolink,0.02238042801620028,0.30825489790863697
2A342D1E,BOBO,2022-08-15,95,frog,0.01906488533642403,0.0172934117729996
2A342D1E,BOBO,2022-08-15,95,horse,0.06491496544180017,0.7231701150311832
2A342D1E,BOBO,2022-08-15,50,horse,0.08915404491685298,0.7231701150311832
2A342D1E,BOBO,2022-08-15,95,pear_tree,0.02734255014554635,0.2605511510805475
2A342D1E,BOBO,2022-08-15,50,pear_tree,0.01352968746243281,0.2605511510805475
2A342D1E,BOBO,2022-08-15,95,underhill,0.0496922607765969,0.6302114889986762
2A342D1E,BOBO,2022-08-15,50,underhill,0.05947450319334294,0.6302114889986762
2A342D1E,BOBO,2022-08-15,95,wheat,0.05487078286518037,0.4658717381128368
2A342D1E,BOBO,2022-08-15,50,wheat,0.04854709781083555,0.4658717381128368
2A342D1E,BOBO,2022-08-15,95,quarter,0.10812092006648875,0.9090293997381912
2A342D1E,BOBO,2022-08-15,50,quarter,0.18665662678471215,0.9090293997381912
2A342D1E,BOBO,2022-08-15,95,retired,0.07446660222423193,1
2A342D1E,BOBO,2022-08-15,50,retired,0.14142210240314837,1
2A342D1E,BOBO,2022-08-15,95,donkey,0.00532001758959401,1
2A342D1E,BOBO,2022-08-15,50,donkey,0.0101034295895038,1
2A342D1E,BOBO,2022-08-15,95,front_hay,0.05805412969716665,0.3564678383696478
2A342D1E,BOBO,2022-08-15,50,front_hay,0.03930150870878003,0.3564678383696478
2A342D1E,BOBO,2022-08-15,95,entrance,0.0138327144855593,0
2A342D1E,BOBO,2022-08-15,95,cat_barn,0.00958435713907746,0
2A342D1E,BOBO,2022-08-15,95,native_ws,0.02253146929389636,0
2A342D1E,BOBO,2022-08-15,95,cattle,0.06637679114976344,0.03378488078596351
2A342D1E,BOBO,2022-08-15,95,wish_well,0.09968996077324674,0.13595241561760038
2A342D1E,BOBO,2022-08-15,50,wish_well,0.0257391443035587,0.13595241561760038
2A342D1E,BOBO,2022-08-15,95,off_field,0.11835123831717274,NA
2A342D1E,BOBO,2022-08-15,50,off_field,0.14202852928353923,NA
2A342D1E,BOBO,2022-08-02,95,blue_silo,0.08760204914792788,0.20851864973288003
2A342D1E,BOBO,2022-08-02,50,blue_silo,0.03470210836008023,0.20851864973288003
2A342D1E,BOBO,2022-08-02,95,pear_tree,0.03051325455225809,0.07736751695834868
2A342D1E,BOBO,2022-08-02,95,wheat,0.4444570631194721,0.6191959149139948
2A342D1E,BOBO,2022-08-02,50,wheat,0.5228228824741409,0.6191959149139948
2A342D1E,BOBO,2022-08-02,95,quarter,0.23120167704119896,0.58596691687979
2A342D1E,BOBO,2022-08-02,50,quarter,0.25737168704025815,0.58596691687979
2A342D1E,BOBO,2022-08-02,95,off_field,0.2013529459306391,NA
2A342D1E,BOBO,2022-08-02,50,off_field,0.18061851383387895,NA
2A342D1E,BOBO,2022-08-08,95,frog,0.03731871510054409,0
2A342D1E,BOBO,2022-08-08,95,horse,0.16438485898492397,0.7205363375144872
2A342D1E,BOBO,2022-08-08,50,horse,0.22497360087123344,0.7205363375144872
2A342D1E,BOBO,2022-08-08,95,pear_tree,0.0336242783801613,0
2A342D1E,BOBO,2022-08-08,95,wheat,0.40747213752290307,0.7076643133181013
2A342D1E,BOBO,2022-08-08,50,wheat,0.5476953720083165,0.7076643133181013
2A342D1E,BOBO,2022-08-08,95,quarter,0.0159632383068348,0
2A342D1E,BOBO,2022-08-08,95,native_ws,0.03337335146395693,0.0757952392563243
2A342D1E,BOBO,2022-08-08,95,cattle,0.02530398958897161,0.08765301454229063
2A342D1E,BOBO,2022-08-08,95,wish_well,0.10460445309037213,0.5992791383066558
2A342D1E,BOBO,2022-08-08,50,wish_well,0.11906748798063156,0.5992791383066558
2A342D1E,BOBO,2022-08-08,95,off_field,0.17783174302810234,NA
2A342D1E,BOBO,2022-08-08,50,off_field,0.09924616807690208,NA
2A342D1E,BOBO,2022-07-26,95,frog,0.14027260709322772,0.01428470085052796
2A342D1E,BOBO,2022-07-26,95,pear_tree,0.01690096416128324,0
2A342D1E,BOBO,2022-07-26,95,wheat,0.7694436145591607,0.6831268279378587
2A342D1E,BOBO,2022-07-26,50,wheat,0.9980878895232252,0.6831268279378587
2A342D1E,BOBO,2022-07-26,95,quarter,0.00514489975462726,0
2A342D1E,BOBO,2022-07-26,95,cattle,0.0124621304795276,0
2A342D1E,BOBO,2022-07-26,95,off_field,0.05544808531214063,NA
2A342D1E,BOBO,2022-07-26,50,off_field,0,NA
2A342D1E,BOBO,2022-07-31,95,frog,0.20573106264170363,0.5031323176921066
2A342D1E,BOBO,2022-07-31,50,frog,0.19653530229960275,0.5031323176921066
2A342D1E,BOBO,2022-07-31,95,horse,0.04627436810060469,0.2479360559132886
2A342D1E,BOBO,2022-07-31,50,horse,0.02178405238931899,0.2479360559132886
2A342D1E,BOBO,2022-07-31,95,pear_tree,0.04236391289320985,0
2A342D1E,BOBO,2022-07-31,95,wheat,0.5520296359516819,0.61996798330272
2A342D1E,BOBO,2022-07-31,50,wheat,0.6498156150029047,0.61996798330272
2A342D1E,BOBO,2022-07-31,95,quarter,0.10591747316685952,0.6720992797769063
2A342D1E,BOBO,2022-07-31,50,quarter,0.1351635310707496,0.6720992797769063
2A342D1E,BOBO,2022-07-31,95,cattle,0.04466807951782545,1.1568847058276502e-4
2A342D1E,BOBO,2022-07-31,95,off_field,0.00301420207949001,NA
2A342D1E,BOBO,2022-07-31,50,off_field,0,NA
2A342D1E,BOBO,2022-08-06,95,blue_silo,0.00532761943685226,0
2A342D1E,BOBO,2022-08-06,95,pear_tree,0.11535526799643148,0.37029688222983453
2A342D1E,BOBO,2022-08-06,50,pear_tree,0.08110841450446876,0.37029688222983453
2A342D1E,BOBO,2022-08-06,95,wheat,0.35656734817823116,0.41922291656171923
2A342D1E,BOBO,2022-08-06,50,wheat,0.2838343872859453,0.41922291656171923
2A342D1E,BOBO,2022-08-06,95,quarter,0.01159532773605008,0
2A342D1E,BOBO,2022-08-06,95,off_field,0.5084700557276702,NA
2A342D1E,BOBO,2022-08-06,50,off_field,0.635057198209586,NA
2A342D1E,BOBO,2022-07-18,95,pear_tree,0.0677830672834524,0
2A342D1E,BOBO,2022-07-18,95,wheat,0.06205608492298459,0
2A342D1E,BOBO,2022-07-18,95,off_field,0.870160847793563,NA
2A342D1E,BOBO,2022-07-18,50,off_field,1,NA
2A342D1E,BOBO,2022-07-30,95,frog,0.4525631351221117,0.8085935671815182
2A342D1E,BOBO,2022-07-30,50,frog,0.6945020432045578,0.8085935671815182
2A342D1E,BOBO,2022-07-30,95,wheat,0.44336535058201704,0.325178090042968
2A342D1E,BOBO,2022-07-30,50,wheat,0.273619532760049,0.325178090042968
2A342D1E,BOBO,2022-07-30,95,quarter,0.01769241937828489,0
2A342D1E,BOBO,2022-07-30,95,cattle,0.09070881571600511,0.3024438570691698
2A342D1E,BOBO,2022-07-30,50,cattle,0.05206649421304547,0.3024438570691698
2A342D1E,BOBO,2022-07-30,95,off_field,0,NA
2A342D1E,BOBO,2022-07-30,50,off_field,0,NA
2A342D1E,BOBO,2022-08-11,95,blue_silo,0.00878241968156136,0
2A342D1E,BOBO,2022-08-11,95,frog,0.01617321785181306,0.02170074771029948
2A342D1E,BOBO,2022-08-11,95,horse,0.09453982518412278,0.822600271208132
2A342D1E,BOBO,2022-08-11,50,horse,0.1477480803313095,0.822600271208132
2A342D1E,BOBO,2022-08-11,95,pear_tree,0.05116039769943299,0.07434871684083712
2A342D1E,BOBO,2022-08-11,50,pear_tree,0.00722645983229781,0.07434871684083712
2A342D1E,BOBO,2022-08-11,95,underhill,0.01797248489533834,0
2A342D1E,BOBO,2022-08-11,95,wheat,0.17229704987442276,0.5008968499705111
2A342D1E,BOBO,2022-08-11,50,wheat,0.16396242975960787,0.5008968499705111
2A342D1E,BOBO,2022-08-11,95,quarter,0.01677906041618185,0.22656194522725928
2A342D1E,BOBO,2022-08-11,50,quarter,0.00722225480046121,0.22656194522725928
2A342D1E,BOBO,2022-08-11,95,retired,0.00968718158432937,0
2A342D1E,BOBO,2022-08-11,95,front_hay,0.0060589509559381,0
2A342D1E,BOBO,2022-08-11,95,native_ws,0.2075575480190087,0.8224641961124188
2A342D1E,BOBO,2022-08-11,50,native_ws,0.32432000365863306,0.8224641961124188
2A342D1E,BOBO,2022-08-11,95,cattle,0.01192868411675276,0.06481412784682332
2A342D1E,BOBO,2022-08-11,95,wish_well,0.1608334095839814,0.7528503095263642
2A342D1E,BOBO,2022-08-11,50,wish_well,0.23003986589964623,0.7528503095263642
2A342D1E,BOBO,2022-08-11,95,off_field,0.22211764916450047,NA
2A342D1E,BOBO,2022-08-11,50,off_field,0.1173452552546527,NA
2A344C55,BOBO,2024-06-16,95,blue_silo,0.11911038897327864,0.2769997244433148
2A344C55,BOBO,2024-06-16,50,blue_silo,0.06264928674059418,0.2769997244433148
2A344C55,BOBO,2024-06-16,95,bobolink,0.18759352357995068,0.4023793152914031
2A344C55,BOBO,2024-06-16,50,bobolink,0.1433311677372406,0.4023793152914031
2A344C55,BOBO,2024-06-16,95,swale,0.09672762720538382,0.0829713605693344
2A344C55,BOBO,2024-06-16,50,swale,0.01523933082517891,0.0829713605693344
2A344C55,BOBO,2024-06-16,95,pond,0.10862268213924202,0.09902329048160229
2A344C55,BOBO,2024-06-16,50,pond,0.02042419869762601,0.09902329048160229
2A344C55,BOBO,2024-06-16,95,off_field,0.48400667017994153,NA
2A344C55,BOBO,2024-06-16,50,off_field,0.7583560159993603,NA
2A344C55,BOBO,2024-07-09,95,blue_silo,0.22319000603906425,0.5936519105905708
2A344C55,BOBO,2024-07-09,50,blue_silo,0.2516646783384635,0.5936519105905708
2A344C55,BOBO,2024-07-09,95,bobolink,0.0794299981686754,0.2097893573377514
2A344C55,BOBO,2024-07-09,50,bobolink,0.03165072459538096,0.2097893573377514
2A344C55,BOBO,2024-07-09,95,pear_tree,0.04898533175339966,0
2A344C55,BOBO,2024-07-09,95,underhill,0.12250611398829347,0.4576835288432017
2A344C55,BOBO,2024-07-09,50,underhill,0.10649732492849084,0.4576835288432017
2A344C55,BOBO,2024-07-09,95,wheat,0.01035887202718843,0
2A344C55,BOBO,2024-07-09,95,retired,0.2564804944675893,0.9216618358954124
2A344C55,BOBO,2024-07-09,50,retired,0.44899509725036935,0.9216618358954124
2A344C55,BOBO,2024-07-09,95,front_hay,0.05567505541122041,0.2321489131773604
2A344C55,BOBO,2024-07-09,50,front_hay,0.02454951771494063,0.2321489131773604
2A344C55,BOBO,2024-07-09,95,clydesdale,0.00963436814611435,0
2A344C55,BOBO,2024-07-09,95,pond,0.03402139450704394,0
2A344C55,BOBO,2024-07-09,95,back_woods,0.01213917305453331,0
2A344C55,BOBO,2024-07-09,95,off_field,0.14289556099981443,NA
2A344C55,BOBO,2024-07-09,50,off_field,0.13664265717235471,NA
2A344C55,BOBO,2024-06-19,95,alfalfa,0.01611121222461578,0
2A344C55,BOBO,2024-06-19,95,blue_silo,0.02787864809060709,0
2A344C55,BOBO,2024-06-19,95,bobolink,0.644932432883092,0.7115429948468581
2A344C55,BOBO,2024-06-19,50,bobolink,0.8712016502645736,0.7115429948468581
2A344C55,BOBO,2024-06-19,95,swale,0.08060298286643827,0.1710113496670316
2A344C55,BOBO,2024-06-19,50,swale,0.02616853276216469,0.1710113496670316
2A344C55,BOBO,2024-06-19,95,clydesdale,0.03249259697158428,3.680482863742077e-4
2A344C55,BOBO,2024-06-19,95,pond,0.03936900959635332,0
2A344C55,BOBO,2024-06-19,95,off_field,0.1530903156385295,NA
2A344C55,BOBO,2024-06-19,50,off_field,0.1026071134871466,NA
2A344C55,BOBO,2024-07-07,95,blue_silo,0.31718049358842343,0.6589549280835425
2A344C55,BOBO,2024-07-07,50,blue_silo,0.3970111344148941,0.6589549280835425
2A344C55,BOBO,2024-07-07,95,bobolink,0.097392372110152,0.4053604232242971
2A344C55,BOBO,2024-07-07,50,bobolink,0.07499059415516653,0.4053604232242971
2A344C55,BOBO,2024-07-07,95,pear_tree,0.02847859285185383,0
2A344C55,BOBO,2024-07-07,95,underhill,0.10972759805418088,0.4336555974907639
2A344C55,BOBO,2024-07-07,50,underhill,0.09038603494274816,0.4336555974907639
2A344C55,BOBO,2024-07-07,95,wheat,0.01092568261174385,0
2A344C55,BOBO,2024-07-07,95,retired,0.1968634082617193,0.8981973747124515
2A344C55,BOBO,2024-07-07,50,retired,0.3358746966166005,0.8981973747124515
2A344C55,BOBO,2024-07-07,95,off_field,0.23215497630754584,NA
2A344C55,BOBO,2024-07-07,50,off_field,0.1017375398705907,NA
2A344C55,BOBO,2024-07-11,95,blue_silo,0.10418057346151754,0.27507535395250376
2A344C55,BOBO,2024-07-11,50,blue_silo,0.05443486589319182,0.27507535395250376
2A344C55,BOBO,2024-07-11,95,bobolink,0.06347861033769228,0.3791722582936024
2A344C55,BOBO,2024-07-11,50,bobolink,0.04571962915432454,0.3791722582936024
2A344C55,BOBO,2024-07-11,95,pear_tree,0.01784215708761044,0
2A344C55,BOBO,2024-07-11,95,underhill,0.2944087795838679,0.6299563249489685
2A344C55,BOBO,2024-07-11,50,underhill,0.352289687945185,0.6299563249489685
2A344C55,BOBO,2024-07-11,95,retired,0.15974608123387166,0.8957183489032858
2A344C55,BOBO,2024-07-11,50,retired,0.2717943454837044,0.8957183489032858
2A344C55,BOBO,2024-07-11,95,front_hay,0.16450454236828246,0.48313863547129104
2A344C55,BOBO,2024-07-11,50,front_hay,0.15096921469211969,0.48313863547129104
2A344C55,BOBO,2024-07-11,95,off_field,0.19003665931677516,NA
2A344C55,BOBO,2024-07-11,50,off_field,0.12479225683147456,NA
2A344C55,BOBO,2024-07-13,95,alfalfa,0.00944201298720676,0
2A344C55,BOBO,2024-07-13,95,blue_silo,0.14174981078378962,0.47747215346244776
2A344C55,BOBO,2024-07-13,50,blue_silo,0.1285873894453764,0.47747215346244776
2A344C55,BOBO,2024-07-13,95,bobolink,0.1403743391160276,0.5285830711684187
2A344C55,BOBO,2024-07-13,50,bobolink,0.140970687544412,0.5285830711684187
2A344C55,BOBO,2024-07-13,95,pear_tree,0.00522683429960013,0
2A344C55,BOBO,2024-07-13,95,swale,0.01498613659131306,0
2A344C55,BOBO,2024-07-13,95,underhill,0.1451774008907228,0.5815708784494374
2A344C55,BOBO,2024-07-13,50,underhill,0.1604092882634479,0.5815708784494374
2A344C55,BOBO,2024-07-13,95,retired,0.14472948539992286,0.8716491701570985
2A344C55,BOBO,2024-07-13,50,retired,0.2396771226497545,0.8716491701570985
2A344C55,BOBO,2024-07-13,95,front_hay,0.1926198777833742,0.6037945497496543
2A344C55,BOBO,2024-07-13,50,front_hay,0.2209622760561087,0.6037945497496543
2A344C55,BOBO,2024-07-13,95,entrance,0.03686532995967638,0
2A344C55,BOBO,2024-07-13,95,clydesdale,0.04274929496319554,0
2A344C55,BOBO,2024-07-13,95,off_field,0.12476309057796724,NA
2A344C55,BOBO,2024-07-13,50,off_field,0.10939323604090052,NA
2A344C55,BOBO,2024-07-06,95,blue_silo,0.35017927658959347,0.6384907012587667
2A344C55,BOBO,2024-07-06,50,blue_silo,0.4243965194642166,0.6384907012587667
2A344C55,BOBO,2024-07-06,95,bobolink,0.15774622086034126,0.16918140826895786
2A344C55,BOBO,2024-07-06,50,bobolink,0.05065687500700799,0.16918140826895786
2A344C55,BOBO,2024-07-06,95,pear_tree,0.02183539462490426,0
2A344C55,BOBO,2024-07-06,95,underhill,0.07789462630830404,0
2A344C55,BOBO,2024-07-06,95,retired,0.2659965063081599,0.8964183994619772
2A344C55,BOBO,2024-07-06,50,retired,0.4525988958804886,0.8964183994619772
2A344C55,BOBO,2024-07-06,95,front_hay,0.02677371884437248,0
2A344C55,BOBO,2024-07-06,95,off_field,0.09089739026999512,NA
2A344C55,BOBO,2024-07-06,50,off_field,0.07234770964828677,NA
2A344C55,BOBO,2024-06-24,95,bobolink,0.30524899436722897,0.57204519260559
2A344C55,BOBO,2024-06-24,50,bobolink,0.3314669495357389,0.57204519260559
2A344C55,BOBO,2024-06-24,95,clydesdale,0.3921094071528083,0.6364500796672494
2A344C55,BOBO,2024-06-24,50,clydesdale,0.4737260382825186,0.6364500796672494
2A344C55,BOBO,2024-06-24,95,pond,0.00776262220671649,0
2A344C55,BOBO,2024-06-24,95,off_field,0.2948789762732463,NA
2A344C55,BOBO,2024-06-24,50,off_field,0.19480701218174257,NA
2A344C55,BOBO,2024-07-05,95,blue_silo,0.3538175865824849,0.6947418070051349
2A344C55,BOBO,2024-07-05,50,blue_silo,0.466991730365805,0.6947418070051349
2A344C55,BOBO,2024-07-05,95,bobolink,0.01020452809288398,0
2A344C55,BOBO,2024-07-05,95,pear_tree,0.06796215686136656,0
2A344C55,BOBO,2024-07-05,95,swale,0.03625750707594086,0
2A344C55,BOBO,2024-07-05,95,underhill,0.09514681976543636,0.0440400607783829
2A344C55,BOBO,2024-07-05,50,underhill,0.00796064993963733,0.0440400607783829
2A344C55,BOBO,2024-07-05,95,wheat,0.0208159827522775,0
2A344C55,BOBO,2024-07-05,95,retired,0.2501058272649241,0.8745988142310134
2A344C55,BOBO,2024-07-05,50,retired,0.415565068967212,0.8745988142310134
2A344C55,BOBO,2024-07-05,95,front_hay,0.01384141195251805,0
2A344C55,BOBO,2024-07-05,95,pond,0.00884731889072217,0
2A344C55,BOBO,2024-07-05,95,back_woods,0.00605554254482937,0
2A344C55,BOBO,2024-07-05,95,off_field,0.13084172385817644,NA
2A344C55,BOBO,2024-07-05,50,off_field,0.10948255072734568,NA
2A344C55,BOBO,2024-07-10,95,blue_silo,0.14336943085224002,0.7265958003322491
2A344C55,BOBO,2024-07-10,50,blue_silo,0.1978617827160243,0.7265958003322491
2A344C55,BOBO,2024-07-10,95,bobolink,0.1197248845103122,0.6590560244577099
2A344C55,BOBO,2024-07-10,50,bobolink,0.14987156220511894,0.6590560244577099
2A344C55,BOBO,2024-07-10,95,pear_tree,0.0301245411632052,0
2A344C55,BOBO,2024-07-10,95,underhill,0.15616400482149145,0.7434547151500848
2A344C55,BOBO,2024-07-10,50,underhill,0.22051997334265028,0.7434547151500848
2A344C55,BOBO,2024-07-10,95,wheat,0.05910890157347145,0
2A344C55,BOBO,2024-07-10,95,retired,0.07800284918964473,0.9116959321370528
2A344C55,BOBO,2024-07-10,50,retired,0.13507437184800236,0.9116959321370528
2A344C55,BOBO,2024-07-10,95,front_hay,0.14394795083562267,0.7496320236331503
2A344C55,BOBO,2024-07-10,50,front_hay,0.204958574103229,0.7496320236331503
2A344C55,BOBO,2024-07-10,95,off_field,0.2652707120139827,NA
2A344C55,BOBO,2024-07-10,50,off_field,0.091713735784975145,NA
2A344C55,BOBO,2024-06-15,95,blue_silo,0.04978216351715071,0
2A344C55,BOBO,2024-06-15,95,bobolink,0.5229143273889739,0.8500404331666108
2A344C55,BOBO,2024-06-15,50,bobolink,0.8445291776928262,0.8500404331666108
2A344C55,BOBO,2024-06-15,95,swale,0.12740259278953942,0.04452511795604771
2A344C55,BOBO,2024-06-15,50,swale,0.01077774436837157,0.04452511795604771
2A344C55,BOBO,2024-06-15,95,underhill,0.00543735294492274,0
2A344C55,BOBO,2024-06-15,95,front_hay,0.01475517467142284,0
2A344C55,BOBO,2024-06-15,95,clydesdale,0.0472080360767488,0
2A344C55,BOBO,2024-06-15,95,pond,0.08984142427987218,0.10658681614881917
2A344C55,BOBO,2024-06-15,50,pond,0.01819385173848617,0.10658681614881917
2A344C55,BOBO,2024-06-15,95,off_field,0.14062267387633745,NA
2A344C55,BOBO,2024-06-15,50,off_field,0.12649922620031612,NA
2A344C55,BOBO,2024-06-17,95,blue_silo,0.16004113034100653,0.1921133299265207
2A344C55,BOBO,2024-06-17,50,blue_silo,0.05841677547533165,0.1921133299265207
2A344C55,BOBO,2024-06-17,95,bobolink,0.3256678640626104,0.5972421897878638
2A344C55,BOBO,2024-06-17,50,bobolink,0.3695505525416647,0.5972421897878638
2A344C55,BOBO,2024-06-17,95,swale,0.02775283336224171,0
2A344C55,BOBO,2024-06-17,95,underhill,0.02229415852751527,0
2A344C55,BOBO,2024-06-17,95,retired,0.01875622449404419,0
2A344C55,BOBO,2024-06-17,95,pond,0.07375015920328648,0.04012305673869066
2A344C55,BOBO,2024-06-17,50,pond,0.00562218905209115,0.04012305673869066
2A344C55,BOBO,2024-06-17,95,off_field,0.3694963749697126,NA
2A344C55,BOBO,2024-06-17,50,off_field,0.5664104829309126,NA
2A344C55,BOBO,2024-06-26,95,blue_silo,0.17720343501736746,0.6649910956462779
2A344C55,BOBO,2024-06-26,50,blue_silo,0.223826105206454,0.6649910956462779
2A344C55,BOBO,2024-06-26,95,bobolink,0.4420848220030389,0.534822967200058
2A344C55,BOBO,2024-06-26,50,bobolink,0.4490952122010896,0.534822967200058
2A344C55,BOBO,2024-06-26,95,swale,0.06355303976840641,0
2A344C55,BOBO,2024-06-26,95,front_hay,0.039282234135613,0
2A344C55,BOBO,2024-06-26,95,pond,0.05986133861668442,0.30306071616948954
2A344C55,BOBO,2024-06-26,50,pond,0.03445869616751672,0.30306071616948954
2A344C55,BOBO,2024-06-26,95,off_field,0.21583832764396163,NA
2A344C55,BOBO,2024-06-26,50,off_field,0.2926199864249397,NA
2A344C55,BOBO,2024-07-08,95,blue_silo,0.21633454491875928,0.7723299508861584
2A344C55,BOBO,2024-07-08,50,blue_silo,0.3172966266846963,0.7723299508861584
2A344C55,BOBO,2024-07-08,95,bobolink,0.0462989086198533,0.3849879744757051
2A344C55,BOBO,2024-07-08,50,bobolink,0.033849684201843,0.3849879744757051
2A344C55,BOBO,2024-07-08,95,pear_tree,0.07895674576561783,0.2666836864363121
2A344C55,BOBO,2024-07-08,50,pear_tree,0.03998732880610417,0.2666836864363121
2A344C55,BOBO,2024-07-08,95,underhill,0.14489693740528511,0.6241191286315182
2A344C55,BOBO,2024-07-08,50,underhill,0.17173681455655257,0.6241191286315182
2A344C55,BOBO,2024-07-08,95,wheat,0.07462726953252481,0.42445363038697137
2A344C55,BOBO,2024-07-08,50,wheat,0.06015399950904315,0.42445363038697137
2A344C55,BOBO,2024-07-08,95,retired,0.08239883156821799,0.9316636638007068
2A344C55,BOBO,2024-07-08,50,retired,0.1457863673839762,0.9316636638007068
2A344C55,BOBO,2024-07-08,95,front_hay,0.11905337184079338,0.5756967663408932
2A344C55,BOBO,2024-07-08,50,front_hay,0.13015839769863352,0.5756967663408932
2A344C55,BOBO,2024-07-08,95,entrance,0.02047789808377292,0
2A344C55,BOBO,2024-07-08,95,back_woods,0.01596736582885508,0
2A344C55,BOBO,2024-07-08,95,off_field,0.19494054009401315,NA
2A344C55,BOBO,2024-07-08,50,off_field,0.10103078115915104,NA
2A344C55,BOBO,2024-06-18,95,blue_silo,0.1935278758067156,0.525030892388786
2A344C55,BOBO,2024-06-18,50,blue_silo,0.1929039829983574,0.525030892388786
2A344C55,BOBO,2024-06-18,95,bobolink,0.19294537975402176,0.554427872258581
2A344C55,BOBO,2024-06-18,50,bobolink,0.20309173321330307,0.554427872258581
2A344C55,BOBO,2024-06-18,95,swale,0.05395551349859785,0
2A344C55,BOBO,2024-06-18,95,underhill,0.01247753973324926,0
2A344C55,BOBO,2024-06-18,95,front_hay,0.03955447890635524,0
2A344C55,BOBO,2024-06-18,95,entrance,0.01374741058678936,0
2A344C55,BOBO,2024-06-18,95,clydesdale,0.02938921970664932,0
2A344C55,BOBO,2024-06-18,95,pond,0.16127910324259875,0.5139309391083813
2A344C55,BOBO,2024-06-18,50,pond,0.15736047968585873,0.5139309391083813
2A344C55,BOBO,2024-06-18,95,off_field,0.2996493076328053,NA
2A344C55,BOBO,2024-06-18,50,off_field,0.4466438041024808,NA
2A344C55,BOBO,2024-07-12,95,blue_silo,0.22561101310861817,0.6079994871495129
2A344C55,BOBO,2024-07-12,50,blue_silo,0.2605521953302282,0.6079994871495129
2A344C55,BOBO,2024-07-12,95,bobolink,0.0586229098686712,0.2935898382006368
2A344C55,BOBO,2024-07-12,50,bobolink,0.03269185917081798,0.2935898382006368
2A344C55,BOBO,2024-07-12,95,pear_tree,0.08106216390226977,0.03163095893050593
2A344C55,BOBO,2024-07-12,95,underhill,0.20485173202605905,0.5236083871381444
2A344C55,BOBO,2024-07-12,50,underhill,0.2037405446430351,0.5236083871381444
2A344C55,BOBO,2024-07-12,95,wheat,0.00873285027831439,0
2A344C55,BOBO,2024-07-12,95,retired,0.19418988257302844,0.9149208471061272
2A344C55,BOBO,2024-07-12,50,retired,0.33747480152312265,0.9149208471061272
2A344C55,BOBO,2024-07-12,95,front_hay,0.06906064098453205,0.14999340000305517
2A344C55,BOBO,2024-07-12,50,front_hay,0.01967587173066809,0.14999340000305517
2A344C55,BOBO,2024-07-12,95,off_field,0.1540933834889726,NA
2A344C55,BOBO,2024-07-12,50,off_field,0.1409943595817791,NA
2A344C55,BOBO,2024-06-21,95,bobolink,0.6586152686308824,0.7023191129478084
2A344C55,BOBO,2024-06-21,50,bobolink,0.8783595695970466,0.7023191129478084
2A344C55,BOBO,2024-06-21,95,clydesdale,0.09018790718415325,0.280545776607279
2A344C55,BOBO,2024-06-21,50,clydesdale,0.04804609541015249,0.280545776607279
2A344C55,BOBO,2024-06-21,95,pond,0.11993223855015736,0.17635307512111026
2A344C55,BOBO,2024-06-21,50,pond,0.04016289704349488,0.17635307512111026
2A344C55,BOBO,2024-06-21,95,off_field,0.13126457342634995,NA
2A344C55,BOBO,2024-06-21,50,off_field,0.03343143794930601,NA
2A344C55,BOBO,2024-06-20,95,bobolink,0.93406417751721,0.564017708533895
2A344C55,BOBO,2024-06-20,50,bobolink,0.9999999912232586,0.564017708533895
2A344C55,BOBO,2024-06-20,95,pond,0.0098408506950479,0
2A344C55,BOBO,2024-06-20,95,off_field,0.04763471607029083,NA
2A344C55,BOBO,2024-06-20,50,off_field,8.776741413845379e-9,NA
2A344C55,BOBO,2024-06-22,95,bobolink,0.3732631486166872,0.7201344834714543
2A344C55,BOBO,2024-06-22,50,bobolink,0.5104902456630046,0.7201344834714543
2A344C55,BOBO,2024-06-22,95,clydesdale,0.21658504772201664,0.5591771290437443
2A344C55,BOBO,2024-06-22,50,clydesdale,0.23000463956860812,0.5591771290437443
2A344C55,BOBO,2024-06-22,95,pond,0.09109112480559556,0.14481534404932733
2A344C55,BOBO,2024-06-22,50,pond,0.02505240192498607,0.14481534404932733
2A344C55,BOBO,2024-06-22,95,off_field,0.3190606788557006,NA
2A344C55,BOBO,2024-06-22,50,off_field,0.2344527128434012,NA
2A344C55,BOBO,2024-06-23,95,bobolink,0.23558728127854153,0.574821641778962
2A344C55,BOBO,2024-06-23,50,bobolink,0.25727482027931103,0.574821641778962
2A344C55,BOBO,2024-06-23,95,clydesdale,0.3560544718474573,0.6312680350924171
2A344C55,BOBO,2024-06-23,50,clydesdale,0.4270144542440093,0.6312680350924171
2A344C55,BOBO,2024-06-23,95,pond,0.0589171958645748,0.00223661706860316
2A344C55,BOBO,2024-06-23,95,off_field,0.34944105100942635,NA
2A344C55,BOBO,2024-06-23,50,off_field,0.3154603763758701,NA
2A344C55,BOBO,2024-06-25,95,bobolink,0.5065926167110391,0.6521414046793156
2A344C55,BOBO,2024-06-25,50,bobolink,0.627165720573121,0.6521414046793156
2A344C55,BOBO,2024-06-25,95,clydesdale,0.2460050168943707,0.45350736146351606
2A344C55,BOBO,2024-06-25,50,clydesdale,0.2117922125201189,0.45350736146351606
2A344C55,BOBO,2024-06-25,95,off_field,0.24710516375731348,NA
2A344C55,BOBO,2024-06-25,50,off_field,0.16104206690676007,NA
2A344C55,BOBO,2024-06-27,95,bobolink,0.746919890066064,0.6493327482257633
2A344C55,BOBO,2024-06-27,50,bobolink,0.9214324953746936,0.6493327482257633
2A344C55,BOBO,2024-06-27,95,underhill,0.02389999311204799,0
2A344C55,BOBO,2024-06-27,95,retired,0.01516968923702135,0
2A344C55,BOBO,2024-06-27,95,front_hay,0.07388867547054974,0.19985080773620909
2A344C55,BOBO,2024-06-27,50,front_hay,0.02805472282540395,0.19985080773620909
2A344C55,BOBO,2024-06-27,95,clydesdale,0.07331400588498788,0.2772846395574077
2A344C55,BOBO,2024-06-27,50,clydesdale,0.03862201739584735,0.2772846395574077
2A344C55,BOBO,2024-06-27,95,off_field,0.05729546775098898,NA
2A344C55,BOBO,2024-06-27,50,off_field,0.01189076440405498,NA
2A4C1E2D,BOBO,2023-06-13,95,horse,0.07324574321723658,0.17513575481389987
2A4C1E2D,BOBO,2023-06-13,50,horse,0.02436350189624164,0.17513575481389987
2A4C1E2D,BOBO,2023-06-13,95,quarter,0.42931724956845335,0.7987202854478002
2A4C1E2D,BOBO,2023-06-13,50,quarter,0.6512617265904723,0.7987202854478002
2A4C1E2D,BOBO,2023-06-13,95,cat_barn,0.01863418419890842,0
2A4C1E2D,BOBO,2023-06-13,95,gi,0.00941253388516381,0
2A4C1E2D,BOBO,2023-06-13,95,native_ws,0.2924800947406397,0.3385032897772364
2A4C1E2D,BOBO,2023-06-13,50,native_ws,0.18803630644618063,0.3385032897772364
2A4C1E2D,BOBO,2023-06-13,95,off_field,0.17268517096244226,NA
2A4C1E2D,BOBO,2023-06-13,50,off_field,0.13633846506710542,NA
2A4C1E2D,BOBO,2023-06-14,95,horse,0.02607660859947623,0
2A4C1E2D,BOBO,2023-06-14,95,quarter,0.5732897560389256,0.7121478809194656
2A4C1E2D,BOBO,2023-06-14,50,quarter,0.7753000675345537,0.7121478809194656
2A4C1E2D,BOBO,2023-06-14,95,cat_barn,0.06148894148649092,0
2A4C1E2D,BOBO,2023-06-14,95,native_ws,0.11560072771105208,0.04616143676467474
2A4C1E2D,BOBO,2023-06-14,50,native_ws,0.01013363691474991,0.04616143676467474
2A4C1E2D,BOBO,2023-06-14,95,off_field,0.22349955163424504,NA
2A4C1E2D,BOBO,2023-06-14,50,off_field,0.21456629555069637,NA
2A4C1E2D,BOBO,2023-06-12,95,frog,0.00715734126414892,0
2A4C1E2D,BOBO,2023-06-12,95,horse,0.2067760912823205,0.23985174053979924
2A4C1E2D,BOBO,2023-06-12,50,horse,0.09415692435698413,0.23985174053979924
2A4C1E2D,BOBO,2023-06-12,95,quarter,0.11805283726357124,4.9688353301484855e-6
2A4C1E2D,BOBO,2023-06-12,95,native_ws,0.4417667403662472,0.7081190954316497
2A4C1E2D,BOBO,2023-06-12,50,native_ws,0.5938932503457283,0.7081190954316497
2A4C1E2D,BOBO,2023-06-12,95,wish_well,0.13592370156392733,0.6506654223916944
2A4C1E2D,BOBO,2023-06-12,50,wish_well,0.16790436592925287,0.6506654223916944
2A4C1E2D,BOBO,2023-06-12,95,off_field,0.09029156266016776,NA
2A4C1E2D,BOBO,2023-06-12,50,off_field,0.14404434574013847,NA
2A613466,BOBO,2025-06-19,95,blue_silo,0.5289496123479476,0.7670188031157911
2A613466,BOBO,2025-06-19,50,blue_silo,0.7708335249066537,0.7670188031157911
2A613466,BOBO,2025-06-19,95,bobolink,0.03235679956002932,0
2A613466,BOBO,2025-06-19,95,swale,0.2713155161026616,0.22194285644244785
2A613466,BOBO,2025-06-19,50,swale,0.11440791819115882,0.22194285644244785
2A613466,BOBO,2025-06-19,95,clydesdale,0.01750308997254796,0
2A613466,BOBO,2025-06-19,95,pond,0.0435298314806743,0
2A613466,BOBO,2025-06-19,95,off_field,0.10578597204692126,NA
2A613466,BOBO,2025-06-19,50,off_field,0.11475855690218754,NA
2D1E552D,EAME,2024-07-03,95,blue_silo,0.3280246166254389,0.9245878254307116
2D1E552D,EAME,2024-07-03,50,blue_silo,0.5760193244116093,0.9245878254307116
2D1E552D,EAME,2024-07-03,95,bobolink,0.06189047776910918,0.06792585913529982
2D1E552D,EAME,2024-07-03,50,bobolink,0.00798438411160626,0.06792585913529982
2D1E552D,EAME,2024-07-03,95,pear_tree,0.03413642607672388,0.4668199412402013
2D1E552D,EAME,2024-07-03,50,pear_tree,0.03026564240734096,0.4668199412402013
2D1E552D,EAME,2024-07-03,95,swale,0.0104129211861726,0
2D1E552D,EAME,2024-07-03,95,underhill,0.06201427229404021,0.5974892210813889
2D1E552D,EAME,2024-07-03,50,underhill,0.07037269336508924,0.5974892210813889
2D1E552D,EAME,2024-07-03,95,wheat,0.00682149436640417,0
2D1E552D,EAME,2024-07-03,95,quarter,0.0091809969185155,0
2D1E552D,EAME,2024-07-03,95,retired,0.10215262352250264,0.998909640640522
2D1E552D,EAME,2024-07-03,50,retired,0.1938019648303125,0.998909640640522
2D1E552D,EAME,2024-07-03,50,donkey,0.00609964018915994,0.9980967106095952
2D1E552D,EAME,2024-07-03,95,front_hay,0.05476545261076599,0
2D1E552D,EAME,2024-07-03,95,entrance,0.0381856126099939,0
2D1E552D,EAME,2024-07-03,95,clydesdale,0.06078123809427355,0.23251690192608387
2D1E552D,EAME,2024-07-03,50,clydesdale,0.02684148357473836,0.23251690192608387
2D1E552D,EAME,2024-07-03,95,pond,0.0478838677128007,0
2D1E552D,EAME,2024-07-03,95,back_woods,0.00829798046410687,0
2D1E552D,EAME,2024-07-03,95,off_field,0.1714694361495659,NA
2D1E552D,EAME,2024-07-03,50,off_field,0.08861486711014344,NA
2D1E552D,EAME,2024-07-11,95,blue_silo,0.01644583535390976,0
2D1E552D,EAME,2024-07-11,95,bobolink,0.2362251023024476,0.5533784744446055
2D1E552D,EAME,2024-07-11,50,bobolink,0.24808676367467516,0.5533784744446055
2D1E552D,EAME,2024-07-11,95,underhill,0.01242800673521103,0
2D1E552D,EAME,2024-07-11,95,retired,0.00683759373457181,0
2D1E552D,EAME,2024-07-11,95,front_hay,0.02830508758679027,0
2D1E552D,EAME,2024-07-11,95,entrance,0.00533765229600968,0
2D1E552D,EAME,2024-07-11,95,clydesdale,0.16405866198042277,0.6438838337318348
2D1E552D,EAME,2024-07-11,50,clydesdale,0.20047580805536697,0.6438838337318348
2D1E552D,EAME,2024-07-11,95,pond,0.20453802860909776,0.4215873362136129
2D1E552D,EAME,2024-07-11,50,pond,0.16365033886031943,0.4215873362136129
2D1E552D,EAME,2024-07-11,95,back_woods,0.01305030126489005,0
2D1E552D,EAME,2024-07-11,95,off_field,0.31274453029224836,NA
2D1E552D,EAME,2024-07-11,50,off_field,0.3877870894096384,NA
2D1E552D,EAME,2024-07-13,95,blue_silo,0.06725823656392292,0
2D1E552D,EAME,2024-07-13,95,bobolink,0.3394673326735515,0.41832156274538385
2D1E552D,EAME,2024-07-13,50,bobolink,0.26959392219922534,0.41832156274538385
2D1E552D,EAME,2024-07-13,95,retired,0.02632753893799408,0
2D1E552D,EAME,2024-07-13,95,front_hay,0.02260699469019711,0
2D1E552D,EAME,2024-07-13,95,clydesdale,0.11993752292450924,0.6578630299288746
2D1E552D,EAME,2024-07-13,50,clydesdale,0.14979330875664632,0.6578630299288746
2D1E552D,EAME,2024-07-13,95,pond,0.03733395583439415,0.121190664245146
2D1E552D,EAME,2024-07-13,50,pond,0.00858964139642038,0.121190664245146
2D1E552D,EAME,2024-07-13,95,off_field,0.37937457519137785,NA
2D1E552D,EAME,2024-07-13,50,off_field,0.572023127647708,NA
2D1E552D,EAME,2024-07-02,95,blue_silo,0.11835695840290264,0.389053411395393
2D1E552D,EAME,2024-07-02,50,blue_silo,0.08745476095517472,0.389053411395393
2D1E552D,EAME,2024-07-02,95,bobolink,0.08140512640357363,0.270177009915084
2D1E552D,EAME,2024-07-02,50,bobolink,0.04177154890287508,0.270177009915084
2D1E552D,EAME,2024-07-02,95,pear_tree,0.13077118890069375,0.7605039997770578
2D1E552D,EAME,2024-07-02,50,pear_tree,0.18888349409164795,0.7605039997770578
2D1E552D,EAME,2024-07-02,95,swale,0.01631872039732787,0
2D1E552D,EAME,2024-07-02,95,underhill,0.15857702361956816,0.8051558402968633
2D1E552D,EAME,2024-07-02,50,underhill,0.24249380215593708,0.8051558402968633
2D1E552D,EAME,2024-07-02,95,wheat,0.02142472874979823,0
2D1E552D,EAME,2024-07-02,95,retired,0.09092741247393936,0.9625577696018562
2D1E552D,EAME,2024-07-02,50,retired,0.166227192460857,0.9625577696018562
2D1E552D,EAME,2024-07-02,50,donkey,0.00803828636564208,0.979705051806808
2D1E552D,EAME,2024-07-02,95,front_hay,0.10505910325299926,0.6912383397601627
2D1E552D,EAME,2024-07-02,50,front_hay,0.13792466611392973,0.6912383397601627
2D1E552D,EAME,2024-07-02,95,entrance,0.0171044118634364,0
2D1E552D,EAME,2024-07-02,95,clydesdale,0.02773802118315725,0
2D1E552D,EAME,2024-07-02,95,pond,0.05080149332570555,0
2D1E552D,EAME,2024-07-02,95,back_woods,0.01603865960556701,0
2D1E552D,EAME,2024-07-02,95,off_field,0.16039645373530104,NA
2D1E552D,EAME,2024-07-02,50,off_field,0.12720624895393637,NA
2D1E552D,EAME,2024-07-18,95,blue_silo,0.0956992348696406,0.5053003906326657
2D1E552D,EAME,2024-07-18,50,blue_silo,0.0918772653224831,0.5053003906326657
2D1E552D,EAME,2024-07-18,95,bobolink,0.1984541428902856,0.9495305637581292
2D1E552D,EAME,2024-07-18,50,bobolink,0.35802971988874494,0.9495305637581292
2D1E552D,EAME,2024-07-18,95,swale,0.06698829824680973,0.28546405023648774
2D1E552D,EAME,2024-07-18,50,swale,0.03633292223117129,0.28546405023648774
2D1E552D,EAME,2024-07-18,95,underhill,0.00915459112674066,0
2D1E552D,EAME,2024-07-18,95,retired,0.0154478998285529,0.02960301288465557
2D1E552D,EAME,2024-07-18,95,front_hay,0.0324763183810199,0
2D1E552D,EAME,2024-07-18,95,entrance,0.02716868745890995,0
2D1E552D,EAME,2024-07-18,95,clydesdale,0.09405426361502514,0.6246806770971449
2D1E552D,EAME,2024-07-18,50,clydesdale,0.11163143834093792,0.6246806770971449
2D1E552D,EAME,2024-07-18,95,pond,0.14886087581936028,0.4497494646416131
2D1E552D,EAME,2024-07-18,50,pond,0.12720412224988092,0.4497494646416131
2D1E552D,EAME,2024-07-18,95,back_woods,0.01517042603308295,0
2D1E552D,EAME,2024-07-18,95,off_field,0.2936546155203619,NA
2D1E552D,EAME,2024-07-18,50,off_field,0.27405566093220546,NA
2D1E552D,EAME,2024-07-07,95,blue_silo,0.00725082557317758,0
2D1E552D,EAME,2024-07-07,95,bobolink,0.7443636090308675,0.7051513945183553
2D1E552D,EAME,2024-07-07,50,bobolink,0.996530323384355,0.7051513945183553
2D1E552D,EAME,2024-07-07,95,clydesdale,0.03911750915576167,0
2D1E552D,EAME,2024-07-07,95,pond,0.04879601145423194,0
2D1E552D,EAME,2024-07-07,95,off_field,0.16021099374377712,NA
2D1E552D,EAME,2024-07-07,50,off_field,0.00346967661564497,NA
2D1E552D,EAME,2024-07-16,95,bobolink,0.3794018080230705,0.6315504596891724
2D1E552D,EAME,2024-07-16,50,bobolink,0.4549971521670432,0.6315504596891724
2D1E552D,EAME,2024-07-16,95,front_hay,0.01500722498410268,0
2D1E552D,EAME,2024-07-16,95,clydesdale,0.18777391885550224,0.550734657968229
2D1E552D,EAME,2024-07-16,50,clydesdale,0.1963717020847209,0.550734657968229
2D1E552D,EAME,2024-07-16,95,pond,0.10206492206171548,0.0542083598032527
2D1E552D,EAME,2024-07-16,50,pond,0.01050615979156707,0.0542083598032527
2D1E552D,EAME,2024-07-16,95,off_field,0.3051336879679443,NA
2D1E552D,EAME,2024-07-16,50,off_field,0.33812498595666884,NA
2D1E552D,EAME,2024-07-01,95,blue_silo,0.1322201393484133,0.21012408003850308
2D1E552D,EAME,2024-07-01,50,blue_silo,0.05274659742859974,0.21012408003850308
2D1E552D,EAME,2024-07-01,95,bobolink,0.05758163492089246,0
2D1E552D,EAME,2024-07-01,95,pear_tree,0.01637506439716194,0
2D1E552D,EAME,2024-07-01,95,underhill,0.298767604430548,0.5370030501410741
2D1E552D,EAME,2024-07-01,50,underhill,0.30460096243040197,0.5370030501410741
2D1E552D,EAME,2024-07-01,95,retired,0.2882363791986782,0.8439781817651983
2D1E552D,EAME,2024-07-01,50,retired,0.4618500840633961,0.8439781817651983
2D1E552D,EAME,2024-07-01,95,front_hay,0.06997324948496318,1.9401904759076477e-4
2D1E552D,EAME,2024-07-01,95,off_field,0.13684592821934288,NA
2D1E552D,EAME,2024-07-01,50,off_field,0.18077658115173684,NA
2D1E552D,EAME,2024-07-05,95,alfalfa,0.01475906677365452,0
2D1E552D,EAME,2024-07-05,95,blue_silo,0.01050508698700324,0
2D1E552D,EAME,2024-07-05,95,bobolink,0.5346010928832459,0.6271985657806375
2D1E552D,EAME,2024-07-05,50,bobolink,0.6367280552135075,0.6271985657806375
2D1E552D,EAME,2024-07-05,95,swale,0.04523146842269796,0
2D1E552D,EAME,2024-07-05,95,clydesdale,0.06219466688892607,0.17321601788731328
2D1E552D,EAME,2024-07-05,50,clydesdale,0.02045786382728836,0.17321601788731328
2D1E552D,EAME,2024-07-05,95,pond,0.07169475626731572,0
2D1E552D,EAME,2024-07-05,95,off_field,0.2561082621234186,NA
2D1E552D,EAME,2024-07-05,50,off_field,0.3428140809592041,NA
2D1E552D,EAME,2024-07-10,95,bobolink,0.06951411232838063,0
2D1E552D,EAME,2024-07-10,95,clydesdale,0.1574186478787504,0.1907515291521905
2D1E552D,EAME,2024-07-10,50,clydesdale,0.05701155372995819,0.1907515291521905
2D1E552D,EAME,2024-07-10,95,pond,0.3179319221638826,0.5945831399050882
2D1E552D,EAME,2024-07-10,50,pond,0.35890986611841513,0.5945831399050882
2D1E552D,EAME,2024-07-10,95,off_field,0.4532826642654545,NA
2D1E552D,EAME,2024-07-10,50,off_field,0.5840785801516267,NA
2D1E552D,EAME,2024-07-17,95,blue_silo,0.18946539753814604,0.48759897405725633
2D1E552D,EAME,2024-07-17,50,blue_silo,0.17552142424555878,0.48759897405725633
2D1E552D,EAME,2024-07-17,95,bobolink,0.2050941041563015,0.6188736498305306
2D1E552D,EAME,2024-07-17,50,bobolink,0.241152969122532,0.6188736498305306
2D1E552D,EAME,2024-07-17,95,pear_tree,0.00633373305780362,0
2D1E552D,EAME,2024-07-17,95,swale,0.00773241091956327,0
2D1E552D,EAME,2024-07-17,95,underhill,0.094102373842735,0.4878406672192014
2D1E552D,EAME,2024-07-17,50,underhill,0.08721998865193857,0.4878406672192014
2D1E552D,EAME,2024-07-17,95,retired,0.08364740666206041,0.8129467418227416
2D1E552D,EAME,2024-07-17,50,retired,0.12919687867293603,0.8129467418227416
2D1E552D,EAME,2024-07-17,95,front_hay,0.22244067952540145,0.6935066327789038
2D1E552D,EAME,2024-07-17,50,front_hay,0.2930908617740775,0.6935066327789038
2D1E552D,EAME,2024-07-17,95,entrance,0.02491343989572064,0
2D1E552D,EAME,2024-07-17,95,clydesdale,0.02614545691285496,0
2D1E552D,EAME,2024-07-17,95,pond,0.01093497009314497,0
2D1E552D,EAME,2024-07-17,95,off_field,0.1284676660927077,NA
2D1E552D,EAME,2024-07-17,50,off_field,0.07381787753295709,NA
2D1E552D,EAME,2024-07-04,95,blue_silo,0.06482953755828644,0.2068746657393181
2D1E552D,EAME,2024-07-04,50,blue_silo,0.02547506564796986,0.2068746657393181
2D1E552D,EAME,2024-07-04,95,bobolink,0.32215262650476667,0.7870435603480773
2D1E552D,EAME,2024-07-04,50,bobolink,0.4816100323324266,0.7870435603480773
2D1E552D,EAME,2024-07-04,95,pear_tree,0.00877970263230726,0
2D1E552D,EAME,2024-07-04,95,swale,0.04085148109075673,0
2D1E552D,EAME,2024-07-04,95,underhill,0.14577058439294707,0.578031652102241
2D1E552D,EAME,2024-07-04,50,underhill,0.1600503373762486,0.578031652102241
2D1E552D,EAME,2024-07-04,95,retired,0.0868851380194631,0.8389307715512676
2D1E552D,EAME,2024-07-04,50,retired,0.13845437976548847,0.8389307715512676
2D1E552D,EAME,2024-07-04,95,front_hay,0.07944494859414375,0.35146696629607993
2D1E552D,EAME,2024-07-04,50,front_hay,0.05303784623082538,0.35146696629607993
2D1E552D,EAME,2024-07-04,95,clydesdale,0.04943556404981212,0.09618516012969155
2D1E552D,EAME,2024-07-04,50,clydesdale,0.00903197329428737,0.09618516012969155
2D1E552D,EAME,2024-07-04,95,pond,0.03975276228604205,0
2D1E552D,EAME,2024-07-04,95,off_field,0.16016656354235478,NA
2D1E552D,EAME,2024-07-04,50,off_field,0.13234036535275373,NA
2D1E552D,EAME,2024-07-19,95,blue_silo,0.06795578043310278,0.4280858521785117
2D1E552D,EAME,2024-07-19,50,blue_silo,0.05523951794678169,0.4280858521785117
2D1E552D,EAME,2024-07-19,95,bobolink,0.31957079991522425,0.7330298062397206
2D1E552D,EAME,2024-07-19,50,bobolink,0.4448169463745251,0.7330298062397206
2D1E552D,EAME,2024-07-19,95,underhill,0.103913991744344,0.3782412052436433
2D1E552D,EAME,2024-07-19,50,underhill,0.07463378503257904,0.3782412052436433
2D1E552D,EAME,2024-07-19,95,retired,0.05580421292760446,0.7168080840740053
2D1E552D,EAME,2024-07-19,50,retired,0.07595606933129552,0.7168080840740053
2D1E552D,EAME,2024-07-19,95,front_hay,0.2920394449754189,0.49643580592879455
2D1E552D,EAME,2024-07-19,50,front_hay,0.27529429580761144,0.49643580592879455
2D1E552D,EAME,2024-07-19,95,entrance,0.01456254197890556,0
2D1E552D,EAME,2024-07-19,95,clydesdale,0.03197387605990111,0
2D1E552D,EAME,2024-07-19,95,pond,0.01206079880910775,0
2D1E552D,EAME,2024-07-19,95,off_field,0.09813841172049362,NA
2D1E552D,EAME,2024-07-19,50,off_field,0.07405938550720717,NA
2D1E552D,EAME,2024-07-09,95,blue_silo,0.06408891202181811,0.3999901607369471
2D1E552D,EAME,2024-07-09,50,blue_silo,0.04868307083659359,0.3999901607369471
2D1E552D,EAME,2024-07-09,95,bobolink,0.34653510418288874,0.5800467073840148
2D1E552D,EAME,2024-07-09,50,bobolink,0.38172970687711655,0.5800467073840148
2D1E552D,EAME,2024-07-09,95,swale,0.00701923260287203,0
2D1E552D,EAME,2024-07-09,95,front_hay,0.00570493686302284,0
2D1E552D,EAME,2024-07-09,95,clydesdale,0.07841456151464939,0.3878671670035585
2D1E552D,EAME,2024-07-09,50,clydesdale,0.05775977514365678,0.3878671670035585
2D1E552D,EAME,2024-07-09,95,pond,0.10413643177735583,0.15855599458607883
2D1E552D,EAME,2024-07-09,50,pond,0.03135675525546056,0.15855599458607883
2D1E552D,EAME,2024-07-09,95,off_field,0.3897840928541149,NA
2D1E552D,EAME,2024-07-09,50,off_field,0.4804706918871725,NA
2D1E552D,EAME,2024-06-30,95,blue_silo,0.1188086431538953,0.25852040844727486
2D1E552D,EAME,2024-06-30,50,blue_silo,0.05832548119393088,0.25852040844727486
2D1E552D,EAME,2024-06-30,95,bobolink,0.1780008768182021,0.3169421396621253
2D1E552D,EAME,2024-06-30,50,bobolink,0.10713159925853603,0.3169421396621253
2D1E552D,EAME,2024-06-30,95,underhill,0.3021919748818153,0.6549113265190906
2D1E552D,EAME,2024-06-30,50,underhill,0.3758208663536882,0.6549113265190906
2D1E552D,EAME,2024-06-30,95,retired,0.24819020616830997,0.6694776389116158
2D1E552D,EAME,2024-06-30,50,retired,0.3155267445274552,0.6694776389116158
2D1E552D,EAME,2024-06-30,95,front_hay,0.03973612542223934,0
2D1E552D,EAME,2024-06-30,95,off_field,0.113072173555538,NA
2D1E552D,EAME,2024-06-30,50,off_field,0.14319530866638963,NA
2D1E552D,EAME,2024-07-12,95,bobolink,0.23972159466111423,0.43583121228359945
2D1E552D,EAME,2024-07-12,50,bobolink,0.1982194275053581,0.43583121228359945
2D1E552D,EAME,2024-07-12,95,clydesdale,0.25679378243934775,0.5772379998511947
2D1E552D,EAME,2024-07-12,50,clydesdale,0.28122902917889103,0.5772379998511947
2D1E552D,EAME,2024-07-12,95,pond,0.08428037422449047,0
2D1E552D,EAME,2024-07-12,95,off_field,0.4192042486750476,NA
2D1E552D,EAME,2024-07-12,50,off_field,0.5205515433157509,NA
2D1E552D,EAME,2024-07-08,95,bobolink,0.22964548838520335,0.8259201737493174
2D1E552D,EAME,2024-07-08,50,bobolink,0.3602026633993139,0.8259201737493174
2D1E552D,EAME,2024-07-08,95,front_hay,0.06221338042885559,0.234744502167611
2D1E552D,EAME,2024-07-08,50,front_hay,0.02773512690112398,0.234744502167611
2D1E552D,EAME,2024-07-08,95,entrance,0.05540272707511382,0.14176546728191064
2D1E552D,EAME,2024-07-08,50,entrance,0.0149160051275306,0.14176546728191064
2D1E552D,EAME,2024-07-08,95,clydesdale,0.15729873609386746,0.7261684346241157
2D1E552D,EAME,2024-07-08,50,clydesdale,0.2169269588306043,0.7261684346241157
2D1E552D,EAME,2024-07-08,95,pond,0.17149638897247357,0.35251519941545467
2D1E552D,EAME,2024-07-08,50,pond,0.11481106751140736,0.35251519941545467
2D1E552D,EAME,2024-07-08,95,back_woods,0.01064430232803089,0
2D1E552D,EAME,2024-07-08,95,off_field,0.3123218661234931,NA
2D1E552D,EAME,2024-07-08,50,off_field,0.26540817823001983,NA
2D1E552D,EAME,2024-07-14,95,blue_silo,0.1001227534079715,0.45133445010799633
2D1E552D,EAME,2024-07-14,50,blue_silo,0.08585539163368704,0.45133445010799633
2D1E552D,EAME,2024-07-14,95,bobolink,0.3658416591881364,0.9401933900125704
2D1E552D,EAME,2024-07-14,50,bobolink,0.6535016021160575,0.9401933900125704
2D1E552D,EAME,2024-07-14,95,underhill,0.04576613548258303,0.13837181873552531
2D1E552D,EAME,2024-07-14,50,underhill,0.01203173328896719,0.13837181873552531
2D1E552D,EAME,2024-07-14,95,retired,0.03755896060715982,0.4808108954183955
2D1E552D,EAME,2024-07-14,50,retired,0.03431027276821938,0.4808108954183955
2D1E552D,EAME,2024-07-14,95,front_hay,0.08316854614070712,0.4116355858574836
2D1E552D,EAME,2024-07-14,50,front_hay,0.06504416265345013,0.4116355858574836
2D1E552D,EAME,2024-07-14,95,clydesdale,0.06717563769826831,0.1590683044993942
2D1E552D,EAME,2024-07-14,50,clydesdale,0.0203016695688659,0.1590683044993942
2D1E552D,EAME,2024-07-14,95,pond,0.0907840822562504,0
2D1E552D,EAME,2024-07-14,95,off_field,0.2012024150559281,NA
2D1E552D,EAME,2024-07-14,50,off_field,0.12895516797075288,NA
2D1E552D,EAME,2024-07-15,95,blue_silo,0.02211938272079854,0
2D1E552D,EAME,2024-07-15,95,bobolink,0.2453931227330967,0.73255931192769
2D1E552D,EAME,2024-07-15,50,bobolink,0.3413830444888804,0.73255931192769
2D1E552D,EAME,2024-07-15,95,swale,0.0067729144917206,0
2D1E552D,EAME,2024-07-15,95,clydesdale,0.09547354544401664,0.41004293889413135
2D1E552D,EAME,2024-07-15,50,clydesdale,0.07434455303315209,0.41004293889413135
2D1E552D,EAME,2024-07-15,95,pond,0.23585276105473071,0.47238856780702776
2D1E552D,EAME,2024-07-15,50,pond,0.2115812166959856,0.47238856780702776
2D1E552D,EAME,2024-07-15,95,back_woods,0.00828920256213104,0
2D1E552D,EAME,2024-07-15,95,off_field,0.3778916539668245,NA
2D1E552D,EAME,2024-07-15,50,off_field,0.3726911857819819,NA
2D1E552D,EAME,2024-07-06,95,blue_silo,0.13639600176459107,0.7145933547508818
2D1E552D,EAME,2024-07-06,50,blue_silo,0.185137510795439,0.7145933547508818
2D1E552D,EAME,2024-07-06,95,bobolink,0.22741974820809596,0.7194427438568506
2D1E552D,EAME,2024-07-06,50,bobolink,0.31078368960800984,0.7194427438568506
2D1E552D,EAME,2024-07-06,95,swale,0.07003886484711964,0.12983080292993804
2D1E552D,EAME,2024-07-06,50,swale,0.01727231894011394,0.12983080292993804
2D1E552D,EAME,2024-07-06,95,underhill,0.02226643391769338,0.1144689558380096
2D1E552D,EAME,2024-07-06,95,retired,0.0670742984593786,0.904862792820342
2D1E552D,EAME,2024-07-06,50,retired,0.11528496630617754,0.904862792820342
2D1E552D,EAME,2024-07-06,95,front_hay,0.03005381289217865,0.31984291024001493
2D1E552D,EAME,2024-07-06,50,front_hay,0.01825871096852227,0.31984291024001493
2D1E552D,EAME,2024-07-06,95,clydesdale,0.07356439962561022,0.32512677340021273
2D1E552D,EAME,2024-07-06,50,clydesdale,0.04543120292721823,0.32512677340021273
2D1E552D,EAME,2024-07-06,95,pond,0.20355031411500887,0.43847073472833736
2D1E552D,EAME,2024-07-06,50,pond,0.16952985721774352,0.43847073472833736
2D1E552D,EAME,2024-07-06,95,back_woods,0.00700607146596661,0
2D1E552D,EAME,2024-07-06,95,off_field,0.16078838721955527,NA
2D1E552D,EAME,2024-07-06,50,off_field,0.13346032951636191,NA
2D1E6655,EAME,2024-06-15,95,alfalfa,0.01432276999496281,0
2D1E6655,EAME,2024-06-15,95,blue_silo,0.13462521392600482,0.3473156118152836
2D1E6655,EAME,2024-06-15,50,blue_silo,0.08883372478085821,0.3473156118152836
2D1E6655,EAME,2024-06-15,95,bobolink,0.18903611284361,0.5150641145068072
2D1E6655,EAME,2024-06-15,50,bobolink,0.184983602016103,0.5150641145068072
2D1E6655,EAME,2024-06-15,95,swale,0.2583905350503003,0.5896554286452245
2D1E6655,EAME,2024-06-15,50,swale,0.28946900155181865,0.5896554286452245
2D1E6655,EAME,2024-06-15,95,underhill,0.03470834352851771,0
2D1E6655,EAME,2024-06-15,95,retired,0.00627276468653121,0
2D1E6655,EAME,2024-06-15,95,pond,0.18196837923267287,0.6464272370214496
2D1E6655,EAME,2024-06-15,50,pond,0.2234820953479571,0.6464272370214496
2D1E6655,EAME,2024-06-15,95,back_woods,0.01493905297470406,0
2D1E6655,EAME,2024-06-15,95,off_field,0.1579734841260276,NA
2D1E6655,EAME,2024-06-15,50,off_field,0.21323157630326303,NA
2D1E6655,EAME,2024-06-30,95,blue_silo,0.2760620547374147,0.7029376118548719
2D1E6655,EAME,2024-06-30,50,blue_silo,0.3681237838964608,0.7029376118548719
2D1E6655,EAME,2024-06-30,95,bobolink,0.2897601095127752,0.5804653901592862
2D1E6655,EAME,2024-06-30,50,bobolink,0.31906951131319966,0.5804653901592862
2D1E6655,EAME,2024-06-30,95,swale,0.01494871183535238,0
2D1E6655,EAME,2024-06-30,95,underhill,0.04300328032048714,0.01409645176423387
2D1E6655,EAME,2024-06-30,95,retired,0.11988407433416325,0.8226340536175968
2D1E6655,EAME,2024-06-30,50,retired,0.1870848230630232,0.8226340536175968
2D1E6655,EAME,2024-06-30,95,front_hay,0.04239283925230068,0.00945541386367939
2D1E6655,EAME,2024-06-30,95,clydesdale,0.0425104952053245,0
2D1E6655,EAME,2024-06-30,95,pond,0.02584857514102961,0
2D1E6655,EAME,2024-06-30,95,off_field,0.14558985966115254,NA
2D1E6655,EAME,2024-06-30,50,off_field,0.12381152196002428,NA
2D1E6655,EAME,2024-06-17,95,blue_silo,0.11141892815537964,0.04901137213412833
2D1E6655,EAME,2024-06-17,50,blue_silo,0.01037076779031728,0.04901137213412833
2D1E6655,EAME,2024-06-17,95,bobolink,0.04261318713283892,0
2D1E6655,EAME,2024-06-17,95,swale,0.19317904627308505,0.3006244369169366
2D1E6655,EAME,2024-06-17,50,swale,0.1102908212311298,0.3006244369169366
2D1E6655,EAME,2024-06-17,95,pond,0.31727041024079594,0.693945422302826
2D1E6655,EAME,2024-06-17,50,pond,0.4181286805822206,0.693945422302826
2D1E6655,EAME,2024-06-17,95,off_field,0.33551842819790045,NA
2D1E6655,EAME,2024-06-17,50,off_field,0.46120973039633234,NA
2D1E6655,EAME,2024-06-16,95,alfalfa,0.03851203911384136,0.32032709166626944
2D1E6655,EAME,2024-06-16,50,alfalfa,0.02341054777165085,0.32032709166626944
2D1E6655,EAME,2024-06-16,95,blue_silo,0.04121266273569941,0
2D1E6655,EAME,2024-06-16,95,bobolink,0.1200047361917482,0.15760400705403796
2D1E6655,EAME,2024-06-16,50,bobolink,0.03589112179845218,0.15760400705403796
2D1E6655,EAME,2024-06-16,95,swale,0.3170461231008109,0.493988851237228
2D1E6655,EAME,2024-06-16,50,swale,0.29720833544315983,0.493988851237228
2D1E6655,EAME,2024-06-16,95,pond,0.2859869779579844,0.7490459131907053
2D1E6655,EAME,2024-06-16,50,pond,0.4065145442390236,0.7490459131907053
2D1E6655,EAME,2024-06-16,95,back_woods,0.00509970219925225,0
2D1E6655,EAME,2024-06-16,95,off_field,0.1920050514939509,NA
2D1E6655,EAME,2024-06-16,50,off_field,0.2369754507477135,NA
2D1E6655,EAME,2024-07-09,95,blue_silo,0.09635764695250444,0.1989152683616768
2D1E6655,EAME,2024-07-09,50,blue_silo,0.03639587295802252,0.1989152683616768
2D1E6655,EAME,2024-07-09,95,bobolink,0.250338527421372,0.6180756587838653
2D1E6655,EAME,2024-07-09,50,bobolink,0.2938104024422609,0.6180756587838653
2D1E6655,EAME,2024-07-09,95,swale,0.18576720520600157,0.5593717663900154
2D1E6655,EAME,2024-07-09,50,swale,0.19731832667648275,0.5593717663900154
2D1E6655,EAME,2024-07-09,95,clydesdale,0.2377487949517317,0.8234545591594757
2D1E6655,EAME,2024-07-09,50,clydesdale,0.3717541258486491,0.8234545591594757
2D1E6655,EAME,2024-07-09,95,pond,0.05473899855573878,0
2D1E6655,EAME,2024-07-09,95,off_field,0.17174152013981478,NA
2D1E6655,EAME,2024-07-09,50,off_field,0.10072127207458474,NA
2D1E6655,EAME,2024-06-13,95,alfalfa,0.01543841248313116,0
2D1E6655,EAME,2024-06-13,95,swale,0.5069952310858987,0.5521353329958815
2D1E6655,EAME,2024-06-13,50,swale,0.531794798403843,0.5521353329958815
2D1E6655,EAME,2024-06-13,95,pond,0.33627170851048266,0.499199466578495
2D1E6655,EAME,2024-06-13,50,pond,0.3189033738165223,0.499199466578495
2D1E6655,EAME,2024-06-13,95,off_field,0.13719501688136398,NA
2D1E6655,EAME,2024-06-13,50,off_field,0.1493018277796347,NA
2D1E6655,EAME,2024-07-07,95,bobolink,0.5404095201128837,0.7031065709533988
2D1E6655,EAME,2024-07-07,50,bobolink,0.7217971597708644,0.7031065709533988
2D1E6655,EAME,2024-07-07,95,clydesdale,0.10789544709635128,0.300153950700145
2D1E6655,EAME,2024-07-07,50,clydesdale,0.0615202659101632,0.300153950700145
2D1E6655,EAME,2024-07-07,95,pond,0.04471349105060069,0
2D1E6655,EAME,2024-07-07,95,off_field,0.30462676283849777,NA
2D1E6655,EAME,2024-07-07,50,off_field,0.2166825743189723,NA
2D1E6655,EAME,2024-07-02,95,blue_silo,0.04122253054429256,0
2D1E6655,EAME,2024-07-02,95,bobolink,0.4316538414080099,0.6166060562665587
2D1E6655,EAME,2024-07-02,50,bobolink,0.5056982779025119,0.6166060562665587
2D1E6655,EAME,2024-07-02,95,underhill,0.03139680203968012,0
2D1E6655,EAME,2024-07-02,95,retired,0.02926379617348107,0
2D1E6655,EAME,2024-07-02,95,front_hay,0.31355946233607723,0.747015914866993
2D1E6655,EAME,2024-07-02,50,front_hay,0.44503876726769226,0.747015914866993
2D1E6655,EAME,2024-07-02,95,clydesdale,0.05822665751441405,0
2D1E6655,EAME,2024-07-02,95,pond,0.01277580574247646,0
2D1E6655,EAME,2024-07-02,95,off_field,0.08149515303050969,NA
2D1E6655,EAME,2024-07-02,50,off_field,0.0492629548297958,NA
2D1E6655,EAME,2024-07-03,95,blue_silo,0.10826329824739954,0
2D1E6655,EAME,2024-07-03,95,bobolink,0.6800902434075549,0.771463084284173
2D1E6655,EAME,2024-07-03,50,bobolink,0.996493009859736,0.771463084284173
2D1E6655,EAME,2024-07-03,95,clydesdale,0.04892926902755742,3.6459483933334646e-5
2D1E6655,EAME,2024-07-03,95,pond,0.02739741958731411,0
2D1E6655,EAME,2024-07-03,95,off_field,0.1344192888372522,NA
2D1E6655,EAME,2024-07-03,50,off_field,0.00350360191865643,NA
2D1E6655,EAME,2024-06-28,95,blue_silo,0.2472880146936699,0.6829810327269968
2D1E6655,EAME,2024-06-28,50,blue_silo,0.3207363591001636,0.6829810327269968
2D1E6655,EAME,2024-06-28,95,bobolink,0.2643510770719243,0.30568841662176965
2D1E6655,EAME,2024-06-28,50,bobolink,0.15346047945348512,0.30568841662176965
2D1E6655,EAME,2024-06-28,95,swale,0.01246823433524346,0
2D1E6655,EAME,2024-06-28,95,retired,0.04222232619306042,0.40389238525836263
2D1E6655,EAME,2024-06-28,50,retired,0.03238503017181552,0.40389238525836263
2D1E6655,EAME,2024-06-28,95,clydesdale,0.08056015083736906,0.3998701415595119
2D1E6655,EAME,2024-06-28,50,clydesdale,0.06117524695356123,0.3998701415595119
2D1E6655,EAME,2024-06-28,95,pond,0.02604652014775862,0
2D1E6655,EAME,2024-06-28,95,off_field,0.3259790022210499,NA
2D1E6655,EAME,2024-06-28,50,off_field,0.43224288432097446,NA
2D1E6655,EAME,2024-07-06,95,bobolink,0.5779916451676348,0.7235271244282826
2D1E6655,EAME,2024-07-06,50,bobolink,0.7939860764804271,0.7235271244282826
2D1E6655,EAME,2024-07-06,95,clydesdale,0.12000600992250324,0.17930549114712585
2D1E6655,EAME,2024-07-06,50,clydesdale,0.04085385985037228,0.17930549114712585
2D1E6655,EAME,2024-07-06,95,pond,0.0894344208206412,0.1425778019662147
2D1E6655,EAME,2024-07-06,50,pond,0.02420990708980046,0.1425778019662147
2D1E6655,EAME,2024-07-06,95,off_field,0.2064485184204692,NA
2D1E6655,EAME,2024-07-06,50,off_field,0.14095015657940016,NA
2D1E6655,EAME,2024-06-11,95,swale,0.10815892356264496,0
2D1E6655,EAME,2024-06-11,95,pond,0.7660151699362858,0.6823548979014661
2D1E6655,EAME,2024-06-11,50,pond,0.991973340416134,0.6823548979014661
2D1E6655,EAME,2024-06-11,95,off_field,0.1236534121091198,NA
2D1E6655,EAME,2024-06-11,50,off_field,0.0080266595838661,NA
2D1E6655,EAME,2024-06-18,95,blue_silo,0.20593154348445633,0.4579615229451324
2D1E6655,EAME,2024-06-18,50,blue_silo,0.1790375497025397,0.4579615229451324
2D1E6655,EAME,2024-06-18,95,bobolink,0.07058655017866725,0
2D1E6655,EAME,2024-06-18,95,swale,0.17030675923826497,0.2900928441500997
2D1E6655,EAME,2024-06-18,50,swale,0.0937909988047132,0.2900928441500997
2D1E6655,EAME,2024-06-18,95,pond,0.2308336544154712,0.6492148962694042
2D1E6655,EAME,2024-06-18,50,pond,0.28449842288981186,0.6492148962694042
2D1E6655,EAME,2024-06-18,95,off_field,0.3223414926831402,NA
2D1E6655,EAME,2024-06-18,50,off_field,0.4426730286029352,NA
2D1E6655,EAME,2024-07-12,95,blue_silo,0.07822559289292104,0
2D1E6655,EAME,2024-07-12,95,bobolink,0.6435241481586252,0.7998532318885859
2D1E6655,EAME,2024-07-12,50,bobolink,0.9769123046181776,0.7998532318885859
2D1E6655,EAME,2024-07-12,95,underhill,0.01184812419880693,0
2D1E6655,EAME,2024-07-12,95,retired,0.0552239084138329,0
2D1E6655,EAME,2024-07-12,95,front_hay,0.01679523240022,0
2D1E6655,EAME,2024-07-12,95,clydesdale,0.07053469158350734,0.10742761363542204
2D1E6655,EAME,2024-07-12,50,clydesdale,0.01438133250921876,0.10742761363542204
2D1E6655,EAME,2024-07-12,95,pond,0.03650262188373929,0
2D1E6655,EAME,2024-07-12,95,off_field,0.08557976564438786,NA
2D1E6655,EAME,2024-07-12,50,off_field,0.00870636287260366,NA
2D1E6655,EAME,2024-06-21,95,blue_silo,0.2967711987377428,0.7903118673203418
2D1E6655,EAME,2024-06-21,50,blue_silo,0.44525536329325727,0.7903118673203418
2D1E6655,EAME,2024-06-21,95,bobolink,0.2139606545446138,0.4211468382587422
2D1E6655,EAME,2024-06-21,50,bobolink,0.17106311162575843,0.4211468382587422
2D1E6655,EAME,2024-06-21,95,swale,0.10277743221546372,0.29824516691030806
2D1E6655,EAME,2024-06-21,50,swale,0.05819157111376391,0.29824516691030806
2D1E6655,EAME,2024-06-21,95,underhill,0.01764051217944271,0
2D1E6655,EAME,2024-06-21,95,retired,0.02386583816444239,0
2D1E6655,EAME,2024-06-21,95,front_hay,0.07136209842862658,0
2D1E6655,EAME,2024-06-21,95,pond,0.10259210534779334,0.4300978110317912
2D1E6655,EAME,2024-06-21,50,pond,0.08376644404584102,0.4300978110317912
2D1E6655,EAME,2024-06-21,95,off_field,0.17017922008628242,NA
2D1E6655,EAME,2024-06-21,50,off_field,0.24172350992137936,NA
2D1E6655,EAME,2024-06-20,95,blue_silo,0.17186840214953927,0.4815869624883625
2D1E6655,EAME,2024-06-20,50,blue_silo,0.15714052598801315,0.4815869624883625
2D1E6655,EAME,2024-06-20,95,bobolink,0.25306195120631114,0.43269900138550493
2D1E6655,EAME,2024-06-20,50,bobolink,0.20788836667866065,0.43269900138550493
2D1E6655,EAME,2024-06-20,95,swale,0.07974606011692024,0.13267451769779018
2D1E6655,EAME,2024-06-20,50,swale,0.02008695909863749,0.13267451769779018
2D1E6655,EAME,2024-06-20,95,underhill,0.007145041546511,0
2D1E6655,EAME,2024-06-20,95,retired,0.00606746061362742,0
2D1E6655,EAME,2024-06-20,95,front_hay,0.02677391632482296,0
2D1E6655,EAME,2024-06-20,95,clydesdale,0.09977037140904546,0.6669866675536994
2D1E6655,EAME,2024-06-20,50,clydesdale,0.12633863598602948,0.6669866675536994
2D1E6655,EAME,2024-06-20,95,pond,0.1196471649526607,0.6814166071980421
2D1E6655,EAME,2024-06-20,50,pond,0.15478631751419974,0.6814166071980421
2D1E6655,EAME,2024-06-20,95,off_field,0.2359196316805618,NA
2D1E6655,EAME,2024-06-20,50,off_field,0.3337591947344595,NA
2D1E6655,EAME,2024-06-22,95,blue_silo,0.28331301154303884,0.6840935322512701
2D1E6655,EAME,2024-06-22,50,blue_silo,0.3678742921881606,0.6840935322512701
2D1E6655,EAME,2024-06-22,95,bobolink,0.3170005321017912,0.5851323068344411
2D1E6655,EAME,2024-06-22,50,bobolink,0.3520720128049947,0.5851323068344411
2D1E6655,EAME,2024-06-22,95,swale,0.03219438441683632,0
2D1E6655,EAME,2024-06-22,95,underhill,0.02112269705023791,0
2D1E6655,EAME,2024-06-22,95,retired,0.1302639466928868,0.8501144689469938
2D1E6655,EAME,2024-06-22,50,retired,0.21019339970775705,0.8501144689469938
2D1E6655,EAME,2024-06-22,95,front_hay,0.03256524972300326,0.0062115736624643704
2D1E6655,EAME,2024-06-22,95,pond,0.06747361636132508,0
2D1E6655,EAME,2024-06-22,95,back_woods,0.0099591134587789,0
2D1E6655,EAME,2024-06-22,95,off_field,0.10520084570675128,NA
2D1E6655,EAME,2024-06-22,50,off_field,0.06947634634644173,NA
2D1E6655,EAME,2024-06-23,95,blue_silo,0.27310102797473695,0.7624754120016276
2D1E6655,EAME,2024-06-23,50,blue_silo,0.3953194321318262,0.7624754120016276
2D1E6655,EAME,2024-06-23,95,bobolink,0.2526090249310204,0.278571385576336
2D1E6655,EAME,2024-06-23,50,bobolink,0.1335931996047386,0.278571385576336
2D1E6655,EAME,2024-06-23,95,swale,0.11476485432637876,0.14662578946588084
2D1E6655,EAME,2024-06-23,50,swale,0.03194613024178783,0.14662578946588084
2D1E6655,EAME,2024-06-23,95,retired,0.03254848393887942,0.3434032932229781
2D1E6655,EAME,2024-06-23,50,retired,0.02121945400638043,0.3434032932229781
2D1E6655,EAME,2024-06-23,95,pond,0.1106138360428495,0.5072882887276279
2D1E6655,EAME,2024-06-23,50,pond,0.10652787766120816,0.5072882887276279
2D1E6655,EAME,2024-06-23,95,off_field,0.21010266650438225,NA
2D1E6655,EAME,2024-06-23,50,off_field,0.3113939063540589,NA
2D1E6655,EAME,2024-06-25,95,blue_silo,0.2940449856579728,0.6255416143115017
2D1E6655,EAME,2024-06-25,50,blue_silo,0.3494676971521072,0.6255416143115017
2D1E6655,EAME,2024-06-25,95,bobolink,0.24854381579755205,0.573702258214004
2D1E6655,EAME,2024-06-25,50,bobolink,0.2709109597298563,0.573702258214004
2D1E6655,EAME,2024-06-25,95,swale,0.05601947791220126,0.12091021040307696
2D1E6655,EAME,2024-06-25,50,swale,0.0128688307097592,0.12091021040307696
2D1E6655,EAME,2024-06-25,95,underhill,0.03132568364957638,0
2D1E6655,EAME,2024-06-25,95,retired,0.10577734481153676,0.5804183111318769
2D1E6655,EAME,2024-06-25,50,retired,0.1166462604420395,0.5804183111318769
2D1E6655,EAME,2024-06-25,95,front_hay,0.01315762602933318,0
2D1E6655,EAME,2024-06-25,95,pond,0.06924073771433832,0.20287973214490648
2D1E6655,EAME,2024-06-25,50,pond,0.02668931349778654,0.20287973214490648
2D1E6655,EAME,2024-06-25,95,off_field,0.18173074012835363,NA
2D1E6655,EAME,2024-06-25,50,off_field,0.22341693846845131,NA
2D1E6655,EAME,2024-06-27,95,blue_silo,0.28630683716367217,0.8006355666691932
2D1E6655,EAME,2024-06-27,50,blue_silo,0.435487149313375,0.8006355666691932
2D1E6655,EAME,2024-06-27,95,bobolink,0.2781735460722408,0.5501855553855419
2D1E6655,EAME,2024-06-27,50,bobolink,0.2907593952041502,0.5501855553855419
2D1E6655,EAME,2024-06-27,95,swale,0.045459692144475,6.555774599992292e-4
2D1E6655,EAME,2024-06-27,95,underhill,0.01159562137216607,0
2D1E6655,EAME,2024-06-27,95,retired,0.07870541074003817,0.6726346890922079
2D1E6655,EAME,2024-06-27,50,retired,0.10057559175762554,0.6726346890922079
2D1E6655,EAME,2024-06-27,95,clydesdale,0.03389989956678981,0
2D1E6655,EAME,2024-06-27,95,pond,0.11997395162263862,0.26674823375618983
2D1E6655,EAME,2024-06-27,50,pond,0.06079911559086914,0.26674823375618983
2D1E6655,EAME,2024-06-27,95,off_field,0.14238420465295856,NA
2D1E6655,EAME,2024-06-27,50,off_field,0.11232212951794242,NA
2D1E6655,EAME,2024-06-14,95,alfalfa,0.00743826371638102,0
2D1E6655,EAME,2024-06-14,95,blue_silo,0.04597706850961501,0
2D1E6655,EAME,2024-06-14,95,bobolink,0.4068176063083204,0.852098268161108
2D1E6655,EAME,2024-06-14,50,bobolink,0.6581254580205701,0.852098268161108
2D1E6655,EAME,2024-06-14,95,swale,0.03323665215228897,0
2D1E6655,EAME,2024-06-14,95,underhill,0.04698402978622185,0.19459611992677375
2D1E6655,EAME,2024-06-14,50,underhill,0.01735816082255502,0.19459611992677375
2D1E6655,EAME,2024-06-14,95,retired,0.05207925725633652,0.31004188922530634
2D1E6655,EAME,2024-06-14,50,retired,0.03065521909415637,0.31004188922530634
2D1E6655,EAME,2024-06-14,95,front_hay,0.06384831818703943,0.26694804165134856
2D1E6655,EAME,2024-06-14,50,front_hay,0.03235902811361878,0.26694804165134856
2D1E6655,EAME,2024-06-14,95,clydesdale,0.04275897938848857,0.1940450396340878
2D1E6655,EAME,2024-06-14,50,clydesdale,0.01575248750889015,0.1940450396340878
2D1E6655,EAME,2024-06-14,95,pond,0.05903723162591101,0.14243351701432697
2D1E6655,EAME,2024-06-14,50,pond,0.01596457827391366,0.14243351701432697
2D1E6655,EAME,2024-06-14,95,piano,0.00671713619803501,0
2D1E6655,EAME,2024-06-14,95,off_field,0.23385259609356532,NA
2D1E6655,EAME,2024-06-14,50,off_field,0.22978506816629587,NA
2D1E6655,EAME,2024-06-26,95,blue_silo,0.4567715235523838,0.6766131234171519
2D1E6655,EAME,2024-06-26,50,blue_silo,0.586434531205549,0.6766131234171519
2D1E6655,EAME,2024-06-26,95,bobolink,0.25252976392961374,0.4336732875625242
2D1E6655,EAME,2024-06-26,50,bobolink,0.2078046886326964,0.4336732875625242
2D1E6655,EAME,2024-06-26,95,swale,0.05741497106380766,0.25475164364257274
2D1E6655,EAME,2024-06-26,50,swale,0.02775378644151613,0.25475164364257274
2D1E6655,EAME,2024-06-26,95,retired,0.03692367191960823,0
2D1E6655,EAME,2024-06-26,95,front_hay,0.00779925091203809,0
2D1E6655,EAME,2024-06-26,95,pond,0.02269159678533313,0
2D1E6655,EAME,2024-06-26,95,off_field,0.16545658441819794,NA
2D1E6655,EAME,2024-06-26,50,off_field,0.17800699372023848,NA
2D1E6655,EAME,2024-07-08,95,alfalfa,0.03281491376012945,0
2D1E6655,EAME,2024-07-08,95,blue_silo,0.17750528178496597,0.7246722514872418
2D1E6655,EAME,2024-07-08,50,blue_silo,0.24430591576887695,0.7246722514872418
2D1E6655,EAME,2024-07-08,95,bobolink,0.25277645558788303,0.6540486249959885
2D1E6655,EAME,2024-07-08,50,bobolink,0.31399861172824767,0.6540486249959885
2D1E6655,EAME,2024-07-08,95,swale,0.17340834249359086,0.5850108720980399
2D1E6655,EAME,2024-07-08,50,swale,0.192670398407657,0.5850108720980399
2D1E6655,EAME,2024-07-08,95,retired,0.00736911405540964,0
2D1E6655,EAME,2024-07-08,95,front_hay,0.01507798849541403,0
2D1E6655,EAME,2024-07-08,95,clydesdale,0.04006909267105691,0
2D1E6655,EAME,2024-07-08,95,pond,0.11938960868453674,0.46474354891004793
2D1E6655,EAME,2024-07-08,50,pond,0.10538067349573944,0.46474354891004793
2D1E6655,EAME,2024-07-08,95,back_woods,0.02811509186789582,0.00147217391083688
2D1E6655,EAME,2024-07-08,95,off_field,0.152535123358054,NA
2D1E6655,EAME,2024-07-08,50,off_field,0.14356579025578067,NA
2D1E6655,EAME,2024-06-29,95,blue_silo,0.1172984059328576,0.4235612025079685
2D1E6655,EAME,2024-06-29,50,blue_silo,0.09439359494670516,0.4235612025079685
2D1E6655,EAME,2024-06-29,95,bobolink,0.587701981998001,0.6804411969750161
2D1E6655,EAME,2024-06-29,50,bobolink,0.7597697509716533,0.6804411969750161
2D1E6655,EAME,2024-06-29,95,clydesdale,0.12191684591403994,0.2648273693771855
2D1E6655,EAME,2024-06-29,50,clydesdale,0.06134240919915434,0.2648273693771855
2D1E6655,EAME,2024-06-29,95,pond,0.00753657394104553,0
2D1E6655,EAME,2024-06-29,95,off_field,0.16118663694510196,NA
2D1E6655,EAME,2024-06-29,50,off_field,0.0844942448824872,NA
2D1E6655,EAME,2024-06-12,95,swale,0.4768812642882823,0.5424830919247282
2D1E6655,EAME,2024-06-12,50,swale,0.4908224362674928,0.5424830919247282
2D1E6655,EAME,2024-06-12,95,pond,0.38705277504612506,0.5648739401820656
2D1E6655,EAME,2024-06-12,50,pond,0.4148104273525571,0.5648739401820656
2D1E6655,EAME,2024-06-12,95,off_field,0.13295288470209446,NA
2D1E6655,EAME,2024-06-12,50,off_field,0.09436713637995008,NA
2D1E6655,EAME,2024-06-24,95,blue_silo,0.246501867526419,0.5920637395757858
2D1E6655,EAME,2024-06-24,50,blue_silo,0.27706907092372074,0.5920637395757858
2D1E6655,EAME,2024-06-24,95,bobolink,0.3403915363274723,0.6387660867048282
2D1E6655,EAME,2024-06-24,50,bobolink,0.4127812617359856,0.6387660867048282
2D1E6655,EAME,2024-06-24,95,swale,0.04495942466440512,0
2D1E6655,EAME,2024-06-24,95,retired,0.01767620874059607,0
2D1E6655,EAME,2024-06-24,95,entrance,0.00682094065214861,0
2D1E6655,EAME,2024-06-24,95,clydesdale,0.03704755117848434,0.00275561195671381
2D1E6655,EAME,2024-06-24,95,pond,0.10093466999517564,0.30062092130576346
2D1E6655,EAME,2024-06-24,50,pond,0.05760483533189606,0.30062092130576346
2D1E6655,EAME,2024-06-24,95,off_field,0.20207704239344151,NA
2D1E6655,EAME,2024-06-24,50,off_field,0.2523510216709218,NA
2D1E6655,EAME,2024-07-01,95,blue_silo,0.04654787121403328,0
2D1E6655,EAME,2024-07-01,95,bobolink,0.640381916741489,0.6883920065144788
2D1E6655,EAME,2024-07-01,50,bobolink,0.8367208103112797,0.6883920065144788
2D1E6655,EAME,2024-07-01,95,swale,0.01086916355272323,0
2D1E6655,EAME,2024-07-01,95,retired,0.00698667867614982,0
2D1E6655,EAME,2024-07-01,95,front_hay,0.02538347755063859,0
2D1E6655,EAME,2024-07-01,95,clydesdale,0.04813008537029618,0.03860741595980058
2D1E6655,EAME,2024-07-01,95,pond,0.03575967949343704,0
2D1E6655,EAME,2024-07-01,95,off_field,0.18585770095754325,NA
2D1E6655,EAME,2024-07-01,50,off_field,0.15975229039670572,NA
2D1E6655,EAME,2024-07-05,95,blue_silo,0.01624440638122941,0
2D1E6655,EAME,2024-07-05,95,bobolink,0.57093393554704,0.5971418998484757
2D1E6655,EAME,2024-07-05,50,bobolink,0.6475410917215714,0.5971418998484757
2D1E6655,EAME,2024-07-05,95,retired,0.00995058641204648,0
2D1E6655,EAME,2024-07-05,95,front_hay,0.03293410446663331,0
2D1E6655,EAME,2024-07-05,95,clydesdale,0.00880952411665034,0
2D1E6655,EAME,2024-07-05,95,pond,0.0472299969256634,0.35689341029579247
2D1E6655,EAME,2024-07-05,50,pond,0.03201550646173368,0.35689341029579247
2D1E6655,EAME,2024-07-05,95,off_field,0.31107555750376154,NA
2D1E6655,EAME,2024-07-05,50,off_field,0.32044340181669495,NA
2D1E6655,EAME,2024-07-10,95,blue_silo,0.1644574370250589,0.2206938771720778
2D1E6655,EAME,2024-07-10,50,blue_silo,0.06888007446937688,0.2206938771720778
2D1E6655,EAME,2024-07-10,95,bobolink,0.607708301257111,0.7802941655722192
2D1E6655,EAME,2024-07-10,50,bobolink,0.8999188197882269,0.7802941655722192
2D1E6655,EAME,2024-07-10,95,underhill,0.00923688201449543,0
2D1E6655,EAME,2024-07-10,95,retired,0.04866687538868298,0
2D1E6655,EAME,2024-07-10,95,front_hay,0.03684898380874805,0
2D1E6655,EAME,2024-07-10,95,clydesdale,0.01599672293743499,0
2D1E6655,EAME,2024-07-10,95,off_field,0.10990266032190642,NA
2D1E6655,EAME,2024-07-10,50,off_field,0.03120110574239629,NA
2D1E6655,EAME,2024-06-19,95,blue_silo,0.3010850547199895,0.6545260699028377
2D1E6655,EAME,2024-06-19,50,blue_silo,0.3741508656991618,0.6545260699028377
2D1E6655,EAME,2024-06-19,95,bobolink,0.2626363904504008,0.6035462015251134
2D1E6655,EAME,2024-06-19,50,bobolink,0.30095116487372037,0.6035462015251134
2D1E6655,EAME,2024-06-19,95,swale,0.06760469390785691,0
2D1E6655,EAME,2024-06-19,95,underhill,0.00740086722402319,0
2D1E6655,EAME,2024-06-19,95,retired,0.01599735969728134,0
2D1E6655,EAME,2024-06-19,95,front_hay,0.00987346675743138,0
2D1E6655,EAME,2024-06-19,95,pond,0.10750463421905034,0.2227706025517064
2D1E6655,EAME,2024-06-19,50,pond,0.04546902818052313,0.2227706025517064
2D1E6655,EAME,2024-06-19,95,off_field,0.22592893583379745,NA
2D1E6655,EAME,2024-06-19,50,off_field,0.2794289412465948,NA
2D1E6655,EAME,2024-07-04,95,blue_silo,0.11487222238472164,0.6124025105211456
2D1E6655,EAME,2024-07-04,50,blue_silo,0.13364167405925328,0.6124025105211456
2D1E6655,EAME,2024-07-04,95,bobolink,0.4627741627955084,0.669937059985498
2D1E6655,EAME,2024-07-04,50,bobolink,0.5889698025156703,0.669937059985498
2D1E6655,EAME,2024-07-04,95,swale,0.00533012233060732,0
2D1E6655,EAME,2024-07-04,95,underhill,0.02642352826183739,0
2D1E6655,EAME,2024-07-04,95,retired,0.07172750418568449,0.8738513471951376
2D1E6655,EAME,2024-07-04,50,retired,0.11907297407891312,0.8738513471951376
2D1E6655,EAME,2024-07-04,95,front_hay,0.07124263828214954,0.387585616968584
2D1E6655,EAME,2024-07-04,50,front_hay,0.0524562895453841,0.387585616968584
2D1E6655,EAME,2024-07-04,95,clydesdale,0.02328157669662971,0
2D1E6655,EAME,2024-07-04,95,pond,0.04018213637193166,0.09172917929148294
2D1E6655,EAME,2024-07-04,50,pond,0.00700213456444675,0.09172917929148294
2D1E6655,EAME,2024-07-04,95,off_field,0.1841644482374767,NA
2D1E6655,EAME,2024-07-04,50,off_field,0.09885712523633249,NA
33662A19,BOBO,2023-06-15,95,alfalfa,0.05552585371791015,0.2079155622539983
33662A19,BOBO,2023-06-15,50,alfalfa,0.02193380992126685,0.2079155622539983
33662A19,BOBO,2023-06-15,95,bobolink,0.1864951172818733,0.4566538753928344
33662A19,BOBO,2023-06-15,50,bobolink,0.16180295445219425,0.4566538753928344
33662A19,BOBO,2023-06-15,95,swale,0.3076913879560104,0.7542075822831236
33662A19,BOBO,2023-06-15,50,swale,0.4408979392622968,0.7542075822831236
33662A19,BOBO,2023-06-15,95,pond,0.16857514184938008,0.5533203310776645
33662A19,BOBO,2023-06-15,50,pond,0.17721561891996626,0.5533203310776645
33662A19,BOBO,2023-06-15,95,back_woods,0.15305926353168475,0.2225390483595174
33662A19,BOBO,2023-06-15,50,back_woods,0.06471391584112092,0.2225390483595174
33662A19,BOBO,2023-06-15,95,off_field,0.12809339052304627,NA
33662A19,BOBO,2023-06-15,50,off_field,0.13343576160315493,NA
33662A19,BOBO,2023-06-14,95,blue_silo,0.06468441038894854,0
33662A19,BOBO,2023-06-14,95,bobolink,0.34243597157407085,0.6562009419931476
33662A19,BOBO,2023-06-14,50,bobolink,0.4269145617135572,0.6562009419931476
33662A19,BOBO,2023-06-14,95,swale,0.03484970907592655,0.08486768253758457
33662A19,BOBO,2023-06-14,50,swale,0.00561909325541428,0.08486768253758457
33662A19,BOBO,2023-06-14,95,retired,0.01397517793998792,0
33662A19,BOBO,2023-06-14,95,front_hay,0.05015818086021795,0.0891470825016687
33662A19,BOBO,2023-06-14,50,front_hay,0.00849520085326384,0.0891470825016687
33662A19,BOBO,2023-06-14,95,clydesdale,0.05240293736467849,0.12593966801633483
33662A19,BOBO,2023-06-14,50,clydesdale,0.01253842293978708,0.12593966801633483
33662A19,BOBO,2023-06-14,95,pond,0.20924699782587192,0.6893579490265336
33662A19,BOBO,2023-06-14,50,pond,0.2740493416732397,0.6893579490265336
33662A19,BOBO,2023-06-14,95,off_field,0.231607365120012,NA
33662A19,BOBO,2023-06-14,50,off_field,0.2723833795647379,NA
342D2D66,EAME,2024-05-26,95,blue_silo,0.9331571729590236,0.5564877707812976
342D2D66,EAME,2024-05-26,50,blue_silo,0.9859608770266038,0.5564877707812976
342D2D66,EAME,2024-05-26,95,off_field,0.06435108646582934,NA
342D2D66,EAME,2024-05-26,50,off_field,0.01403912297339615,NA
342D2D66,EAME,2024-05-23,95,blue_silo,0.913879849989519,0.559377972534407
342D2D66,EAME,2024-05-23,50,blue_silo,0.970832771702138,0.559377972534407
342D2D66,EAME,2024-05-23,95,swale,0.03631874164275533,0
342D2D66,EAME,2024-05-23,95,off_field,0.04980140836772569,NA
342D2D66,EAME,2024-05-23,50,off_field,0.02916722829786214,NA
342D2D66,EAME,2024-05-25,95,blue_silo,0.8028981034196748,0.5874981754003117
342D2D66,EAME,2024-05-25,50,blue_silo,0.895553986974381,0.5874981754003117
342D2D66,EAME,2024-05-25,95,swale,0.14322493409729317,0.3841036110342191
342D2D66,EAME,2024-05-25,50,swale,0.10444600633247306,0.3841036110342191
342D2D66,EAME,2024-05-25,95,retired,0.02055892035033981,0
342D2D66,EAME,2024-05-25,95,donkey,0.00527718083429347,0
342D2D66,EAME,2024-05-25,95,off_field,0.02781418559474811,NA
342D2D66,EAME,2024-05-25,50,off_field,6.693145949266663e-9,NA
342D2D66,EAME,2024-05-24,95,blue_silo,0.6966972094579149,0.7008542392554525
342D2D66,EAME,2024-05-24,50,blue_silo,0.9273169972614173,0.7008542392554525
342D2D66,EAME,2024-05-24,95,swale,0.2421964575671806,0.05989404644423168
342D2D66,EAME,2024-05-24,50,swale,0.02754912987303373,0.05989404644423168
342D2D66,EAME,2024-05-24,95,off_field,0.06110633297490446,NA
342D2D66,EAME,2024-05-24,50,off_field,0.04513387286554909,NA
342D2D66,EAME,2024-05-22,95,blue_silo,0.9961764314860536,0.5283734136554482
342D2D66,EAME,2024-05-22,50,blue_silo,1.0000000158309934,0.5283734136554482
342D2D66,EAME,2024-05-22,95,off_field,0.00102280023272835,NA
342D2D66,EAME,2024-05-22,50,off_field,0,NA
342D2D66,EAME,2024-05-21,95,blue_silo,0.6838515289089719,0.7351521311823063
342D2D66,EAME,2024-05-21,50,blue_silo,0.9551908621402222,0.7351521311823063
342D2D66,EAME,2024-05-21,95,swale,0.11184011769262864,0.0041369529447094
342D2D66,EAME,2024-05-21,95,quarter,0.05470807465250982,0
342D2D66,EAME,2024-05-21,95,retired,0.01807051677420664,0
342D2D66,EAME,2024-05-21,95,off_field,0.11872028847178848,NA
342D2D66,EAME,2024-05-21,50,off_field,0.04393005601107228,NA
342D2D66,EAME,2024-05-27,95,blue_silo,0.7870165517107126,0.6397096936047474
342D2D66,EAME,2024-05-27,50,blue_silo,0.9548377685059608,0.6397096936047474
342D2D66,EAME,2024-05-27,95,swale,0.09297802260044773,0.00551553888236107
342D2D66,EAME,2024-05-27,95,off_field,0.11502288255428614,NA
342D2D66,EAME,2024-05-27,50,off_field,0.04418963869999293,NA
342D2D66,EAME,2024-05-20,95,alfalfa,0.2413635965210149,0.4759171461254801
342D2D66,EAME,2024-05-20,50,alfalfa,0.2181043336438,0.4759171461254801
342D2D66,EAME,2024-05-20,95,swale,0.3322979972470278,0.6508456560088921
342D2D66,EAME,2024-05-20,50,swale,0.4106453496780582,0.6508456560088921
342D2D66,EAME,2024-05-20,95,pond,0.04195219194504177,0.1038184400487254
342D2D66,EAME,2024-05-20,50,pond,0.00826971096445672,0.1038184400487254
342D2D66,EAME,2024-05-20,95,back_woods,0.3255096443115675,0.5341777216133851
342D2D66,EAME,2024-05-20,50,back_woods,0.33014962371600254,0.5341777216133851
342D2D66,EAME,2024-05-20,95,off_field,0.05550073177235564,NA
342D2D66,EAME,2024-05-20,50,off_field,0.03283098199768258,NA
3433344B,EAME,2024-05-16,95,blue_silo,0.01747140398150475,0
3433344B,EAME,2024-05-16,95,swale,0.04310396449901606,0
3433344B,EAME,2024-05-16,95,cattle,0.01386887602214009,0.00597831903639204
3433344B,EAME,2024-05-16,95,wish_well,0.5257937319826101,0.6097185420219112
3433344B,EAME,2024-05-16,50,wish_well,0.6088842716310225,0.6097185420219112
3433344B,EAME,2024-05-16,95,off_field,0.3997620235147289,NA
3433344B,EAME,2024-05-16,50,off_field,0.3909582538456897,NA
3433344B,EAME,2024-05-22,95,alfalfa,0.2048335979457739,0.715230525731353
3433344B,EAME,2024-05-22,50,alfalfa,0.27834044330132673,0.715230525731353
3433344B,EAME,2024-05-22,95,blue_silo,0.20301622626213864,0.6173627142491771
3433344B,EAME,2024-05-22,50,blue_silo,0.23812238661760343,0.6173627142491771
3433344B,EAME,2024-05-22,95,bobolink,0.0657768001995291,0.09928539113989934
3433344B,EAME,2024-05-22,50,bobolink,0.01240758254806937,0.09928539113989934
3433344B,EAME,2024-05-22,95,pear_tree,0.00928076218016635,0
3433344B,EAME,2024-05-22,95,swale,0.3217903786923896,0.6932797130439619
3433344B,EAME,2024-05-22,50,swale,0.4238484762033262,0.6932797130439619
3433344B,EAME,2024-05-22,95,underhill,0.00833532776465318,0
3433344B,EAME,2024-05-22,95,quarter,0.01140612539005475,0
3433344B,EAME,2024-05-22,95,retired,0.04581576169994307,0.2944236921673089
3433344B,EAME,2024-05-22,50,retired,0.02562811978351207,0.2944236921673089
3433344B,EAME,2024-05-22,95,clydesdale,0.01484105921097899,0
3433344B,EAME,2024-05-22,95,pond,0.00820398443390203,0
3433344B,EAME,2024-05-22,95,back_woods,0.00685028090043794,0
3433344B,EAME,2024-05-22,95,gi,0.00818062767107523,0
3433344B,EAME,2024-05-22,95,off_field,0.0823025133612318,NA
3433344B,EAME,2024-05-22,50,off_field,0.02165299154616216,NA
3433344B,EAME,2024-05-21,95,alfalfa,0.02556727667322304,0
3433344B,EAME,2024-05-21,95,blue_silo,0.2541702071199365,0.9057420212356708
3433344B,EAME,2024-05-21,50,blue_silo,0.4372576298949063,0.9057420212356708
3433344B,EAME,2024-05-21,95,bobolink,0.08206884138724681,0.5576729641067789
3433344B,EAME,2024-05-21,50,bobolink,0.0869292893676016,0.5576729641067789
3433344B,EAME,2024-05-21,95,horse,0.01302894695401298,0
3433344B,EAME,2024-05-21,95,pear_tree,0.03401083330612285,4.636991759715672e-5
3433344B,EAME,2024-05-21,95,swale,0.16205848932257402,0.7261238262489966
3433344B,EAME,2024-05-21,50,swale,0.22350678432429977,0.7261238262489966
3433344B,EAME,2024-05-21,95,underhill,0.02325030030545603,0
3433344B,EAME,2024-05-21,95,wheat,0.02066988831763601,0
3433344B,EAME,2024-05-21,95,quarter,0.02368988462796374,0
3433344B,EAME,2024-05-21,95,retired,0.03803073207364396,0.8960959700951691
3433344B,EAME,2024-05-21,50,retired,0.06472878368312454,0.8960959700951691
3433344B,EAME,2024-05-21,95,front_hay,0.00751301094906044,0
3433344B,EAME,2024-05-21,95,clydesdale,0.00986274044831791,0
3433344B,EAME,2024-05-21,95,pond,0.07720756678160907,0.4184466503172564
3433344B,EAME,2024-05-21,50,pond,0.06136322807069661,0.4184466503172564
3433344B,EAME,2024-05-21,95,back_woods,0.03869798690099188,0
3433344B,EAME,2024-05-21,95,cat_barn,0.00718907017121259,0
3433344B,EAME,2024-05-21,95,native_ws,0.01322361637593375,0
3433344B,EAME,2024-05-21,95,cattle,0.00618426428666883,0
3433344B,EAME,2024-05-21,95,wish_well,0.01365229584468541,0
3433344B,EAME,2024-05-21,95,off_field,0.1399863829666758,NA
3433344B,EAME,2024-05-21,50,off_field,0.1256556048347825,NA
3433344B,EAME,2024-05-27,95,blue_silo,0.13232047950599934,0.4192961912303944
3433344B,EAME,2024-05-27,50,blue_silo,0.10538260076507346,0.4192961912303944
3433344B,EAME,2024-05-27,95,frog,0.01002797638480085,0
3433344B,EAME,2024-05-27,95,pear_tree,0.08054137919314779,0.28603407808354325
3433344B,EAME,2024-05-27,50,pear_tree,0.04375803076099578,0.28603407808354325
3433344B,EAME,2024-05-27,95,swale,0.07167720047639019,0.3312560074878657
3433344B,EAME,2024-05-27,50,swale,0.04509887689941727,0.3312560074878657
3433344B,EAME,2024-05-27,95,wheat,0.31330480774215624,0.7561022363468225
3433344B,EAME,2024-05-27,50,wheat,0.44995440813602455,0.7561022363468225
3433344B,EAME,2024-05-27,95,quarter,0.12978618775534428,0.5245156609434105
3433344B,EAME,2024-05-27,50,quarter,0.1293027807593176,0.5245156609434105
3433344B,EAME,2024-05-27,95,cat_barn,0.03353058470929254,0.04465020405248509
3433344B,EAME,2024-05-27,95,gi,0.0067873407039708,0
3433344B,EAME,2024-05-27,95,off_field,0.20945512691056328,NA
3433344B,EAME,2024-05-27,50,off_field,0.22365959137920052,NA
3433344B,EAME,2024-05-23,95,alfalfa,0.02671481151213917,0
3433344B,EAME,2024-05-23,95,blue_silo,0.23525433826755596,0.8399482154894171
3433344B,EAME,2024-05-23,50,blue_silo,0.3754337366218149,0.8399482154894171
3433344B,EAME,2024-05-23,95,bobolink,0.0256625616675053,0.2530088366860498
3433344B,EAME,2024-05-23,50,bobolink,0.01233612720641601,0.2530088366860498
3433344B,EAME,2024-05-23,95,horse,0.04331144958411744,0.5890357714092931
3433344B,EAME,2024-05-23,50,horse,0.04847161972495711,0.5890357714092931
3433344B,EAME,2024-05-23,95,swale,0.21419915766752115,0.8076560691545781
3433344B,EAME,2024-05-23,50,swale,0.3286906595547456,0.8076560691545781
3433344B,EAME,2024-05-23,95,wheat,0.01508073161496985,0
3433344B,EAME,2024-05-23,95,quarter,0.0396009101795373,0.02191863005008946
3433344B,EAME,2024-05-23,95,retired,0.00694154358625711,0
3433344B,EAME,2024-05-23,95,pond,0.03345476856047171,0.15864961872300615
3433344B,EAME,2024-05-23,50,pond,0.01008417109866213,0.15864961872300615
3433344B,EAME,2024-05-23,95,back_woods,0.02788074274557071,0
3433344B,EAME,2024-05-23,95,cat_barn,0.02811097476917186,0.4243149470065587
3433344B,EAME,2024-05-23,50,cat_barn,0.0226624771495476,0.4243149470065587
3433344B,EAME,2024-05-23,95,gi,0.05067230977533634,0.14469845571714443
3433344B,EAME,2024-05-23,50,gi,0.01393085399203502,0.14469845571714443
3433344B,EAME,2024-05-23,95,native_ws,0.05574017351048471,0.5960799760206776
3433344B,EAME,2024-05-23,50,native_ws,0.06312712234891706,0.5960799760206776
3433344B,EAME,2024-05-23,95,cattle,0.00747323052926052,0
3433344B,EAME,2024-05-23,95,wish_well,0.04152886406176683,0.2602932881545949
3433344B,EAME,2024-05-23,50,wish_well,0.0205379061491287,0.2602932881545949
3433344B,EAME,2024-05-23,95,off_field,0.14275673306623338,NA
3433344B,EAME,2024-05-23,50,off_field,0.10307617023569496,NA
3433344B,EAME,2024-05-20,95,alfalfa,0.01485437606848629,0
3433344B,EAME,2024-05-20,95,blue_silo,0.3711573203296784,0.5228888930926227
3433344B,EAME,2024-05-20,50,blue_silo,0.3685773944556147,0.5228888930926227
3433344B,EAME,2024-05-20,95,swale,0.5658280535712695,0.5216866786324365
3433344B,EAME,2024-05-20,50,swale,0.5606030691320965,0.5216866786324365
3433344B,EAME,2024-05-20,95,off_field,0.04816025003056577,NA
3433344B,EAME,2024-05-20,50,off_field,0.07081953641228889,NA
34346155,BOBO,2023-06-21,95,horse,0.2312460185880908,0.5035667730158473
34346155,BOBO,2023-06-21,50,horse,0.22105389804608025,0.5035667730158473
34346155,BOBO,2023-06-21,95,quarter,0.02249243444838283,0
34346155,BOBO,2023-06-21,95,cat_barn,0.01498996123109304,0
34346155,BOBO,2023-06-21,95,native_ws,0.2380708793391348,0.24945889852999972
34346155,BOBO,2023-06-21,50,native_ws,0.11273846666118338,0.24945889852999972
34346155,BOBO,2023-06-21,95,wish_well,0.4457384091303756,0.7209834065402497
34346155,BOBO,2023-06-21,50,wish_well,0.6100594733980714,0.7209834065402497
34346155,BOBO,2023-06-21,95,off_field,0.04720147935887285,NA
34346155,BOBO,2023-06-21,50,off_field,0.05614816189466488,NA
34346155,BOBO,2023-06-23,95,native_ws,0.972306575432374,0.5429895328048099
34346155,BOBO,2023-06-23,50,native_ws,0.999999945580278,0.5429895328048099
34346155,BOBO,2023-06-23,95,off_field,0.01984158273278225,NA
34346155,BOBO,2023-06-23,50,off_field,5.4419722113627906e-8,NA
34346155,BOBO,2023-06-22,95,horse,0.04723742795028894,0.3999375317791134
34346155,BOBO,2023-06-22,50,horse,0.03587926923941782,0.3999375317791134
34346155,BOBO,2023-06-22,95,gi,0.00806716786495455,0
34346155,BOBO,2023-06-22,95,native_ws,0.469593681800772,0.5701320041261005
34346155,BOBO,2023-06-22,50,native_ws,0.5084670915192686,0.5701320041261005
34346155,BOBO,2023-06-22,95,cattle,0.00632083196767782,0
34346155,BOBO,2023-06-22,95,wish_well,0.2797389020431107,0.7439648042501774
34346155,BOBO,2023-06-22,50,wish_well,0.3952486914689728,0.7439648042501774
34346155,BOBO,2023-06-22,95,off_field,0.1890419883731959,NA
34346155,BOBO,2023-06-22,50,off_field,0.06040494777234082,NA
34346155,BOBO,2023-07-20,95,blue_silo,0.09744034950051442,0
34346155,BOBO,2023-07-20,95,swale,0.8984072125965076,0.586174332068482
34346155,BOBO,2023-07-20,50,swale,1.0000000129601698,0.586174332068482
34346155,BOBO,2023-07-20,95,off_field,0.004152437902978,NA
34346155,BOBO,2023-07-20,50,off_field,0,NA
34346155,BOBO,2023-06-17,95,horse,0.1666206846303664,0.4265386760227795
34346155,BOBO,2023-06-17,50,horse,0.13490737945784653,0.4265386760227795
34346155,BOBO,2023-06-17,95,quarter,0.27565608690420934,0.6357514840798705
34346155,BOBO,2023-06-17,50,quarter,0.3326621151772342,0.6357514840798705
34346155,BOBO,2023-06-17,95,cat_barn,0.01098784671760661,0
34346155,BOBO,2023-06-17,95,native_ws,0.3675041281989686,0.5899997123859397
34346155,BOBO,2023-06-17,50,native_ws,0.4115877087740596,0.5899997123859397
34346155,BOBO,2023-06-17,95,wish_well,0.07199236372715907,0.4414611087143313
34346155,BOBO,2023-06-17,50,wish_well,0.06032915713678264,0.4414611087143313
34346155,BOBO,2023-06-17,95,off_field,0.10663756960419842,NA
34346155,BOBO,2023-06-17,50,off_field,0.06051363945407702,NA
34346155,BOBO,2023-06-11,95,horse,0.59142211602004,0.6316735260822567
34346155,BOBO,2023-06-11,50,horse,0.7097261210706144,0.6316735260822567
34346155,BOBO,2023-06-11,95,quarter,0.07699215337876354,0.01472480597173735
34346155,BOBO,2023-06-11,95,native_ws,0.06613062884704228,0
34346155,BOBO,2023-06-11,95,wish_well,0.240936595236694,0.6113732900458513
34346155,BOBO,2023-06-11,50,wish_well,0.27983999415666244,0.6113732900458513
34346155,BOBO,2023-06-11,95,off_field,0.02348643137915955,NA
34346155,BOBO,2023-06-11,50,off_field,0.00828012827668343,NA
34346155,BOBO,2023-06-13,95,horse,0.7948549688479986,0.5814953739898439
34346155,BOBO,2023-06-13,50,horse,0.8777912132331525,0.5814953739898439
34346155,BOBO,2023-06-13,95,quarter,0.00539893603396243,0
34346155,BOBO,2023-06-13,95,native_ws,0.00737196940535596,0
34346155,BOBO,2023-06-13,95,wish_well,0.18106832381637628,0.37391138077841984
34346155,BOBO,2023-06-13,50,wish_well,0.12857846505011716,0.37391138077841984
34346155,BOBO,2023-06-13,95,off_field,0.01130580189630672,NA
34346155,BOBO,2023-06-13,50,off_field,0,NA
34346155,BOBO,2023-06-15,95,horse,0.6693164856022583,0.6734342992379087
34346155,BOBO,2023-06-15,50,horse,0.8553618057375778,0.6734342992379087
34346155,BOBO,2023-06-15,95,quarter,0.07855234664200958,0
34346155,BOBO,2023-06-15,95,native_ws,0.01962469489203822,0
34346155,BOBO,2023-06-15,95,wish_well,0.19342651377805503,0.423242048510608
34346155,BOBO,2023-06-15,50,wish_well,0.15535595749231,0.423242048510608
34346155,BOBO,2023-06-15,95,off_field,0.03652258048045153,NA
34346155,BOBO,2023-06-15,50,off_field,0,NA
34346155,BOBO,2023-06-14,95,horse,0.5354849416041647,0.7657457371952454
34346155,BOBO,2023-06-14,50,horse,0.7782007811570407,0.7657457371952454
34346155,BOBO,2023-06-14,95,quarter,0.20445270089192305,0.10035527105958524
34346155,BOBO,2023-06-14,50,quarter,0.03893972252115321,0.10035527105958524
34346155,BOBO,2023-06-14,95,native_ws,0.08910480808040196,0.2456261433064064
34346155,BOBO,2023-06-14,50,native_ws,0.04153703958545577,0.2456261433064064
34346155,BOBO,2023-06-14,95,wish_well,0.08385863769806495,0.4456490076093697
34346155,BOBO,2023-06-14,50,wish_well,0.07092519830274974,0.4456490076093697
34346155,BOBO,2023-06-14,95,off_field,0.0863383374536187,NA
34346155,BOBO,2023-06-14,50,off_field,0.07039725843360055,NA
34346155,BOBO,2023-06-18,95,horse,0.47760797394426424,0.6990409860319867
34346155,BOBO,2023-06-18,50,horse,0.63408090717186,0.6990409860319867
34346155,BOBO,2023-06-18,95,quarter,0.1155280174695497,0.12376230540068542
34346155,BOBO,2023-06-18,50,quarter,0.02715477312673056,0.12376230540068542
34346155,BOBO,2023-06-18,95,native_ws,0.0780222365938528,0.11812462730180771
34346155,BOBO,2023-06-18,50,native_ws,0.01750367795780215,0.11812462730180771
34346155,BOBO,2023-06-18,95,wish_well,0.28841960617803064,0.5278431685251873
34346155,BOBO,2023-06-18,50,wish_well,0.2891346575105792,0.5278431685251873
34346155,BOBO,2023-06-18,95,off_field,0.04041778094336018,NA
34346155,BOBO,2023-06-18,50,off_field,0.03212598423302797,NA
34346155,BOBO,2023-06-19,95,horse,0.27313692017407504,0.46593614015287727
34346155,BOBO,2023-06-19,50,horse,0.24159718269624575,0.46593614015287727
34346155,BOBO,2023-06-19,95,quarter,0.06067290119405767,0
34346155,BOBO,2023-06-19,95,native_ws,0.2325427824318111,0.595532779868437
34346155,BOBO,2023-06-19,50,native_ws,0.2629018219131792,0.595532779868437
34346155,BOBO,2023-06-19,95,wish_well,0.3427743629594666,0.575486402346393
34346155,BOBO,2023-06-19,50,wish_well,0.3744798539826212,0.575486402346393
34346155,BOBO,2023-06-19,95,off_field,0.08952034738293582,NA
34346155,BOBO,2023-06-19,50,off_field,0.12102114140795386,NA
34346155,BOBO,2023-07-19,95,blue_silo,0.03091189209740965,0
34346155,BOBO,2023-07-19,95,swale,0.9632537133646072,0.5464341044328843
34346155,BOBO,2023-07-19,50,swale,0.999999971706624,0.5464341044328843
34346155,BOBO,2023-07-19,95,off_field,0.00583439453798304,NA
34346155,BOBO,2023-07-19,50,off_field,2.8293376050317305e-8,NA
34346155,BOBO,2023-06-12,95,horse,0.7720567720836328,0.6295056152535812
34346155,BOBO,2023-06-12,50,horse,0.9233928894465347,0.6295056152535812
34346155,BOBO,2023-06-12,95,quarter,0.00544335760996977,0
34346155,BOBO,2023-06-12,95,native_ws,0.05696088929106004,0
34346155,BOBO,2023-06-12,95,wish_well,0.14100285911126517,0.3060116409039503
34346155,BOBO,2023-06-12,50,wish_well,0.08197917574477702,0.3060116409039503
34346155,BOBO,2023-06-12,95,off_field,0.0245361219040722,NA
34346155,BOBO,2023-06-12,50,off_field,0,NA
34346155,BOBO,2023-06-16,95,horse,0.5452565360432545,0.6475767865109879
34346155,BOBO,2023-06-16,50,horse,0.670335511364008,0.6475767865109879
34346155,BOBO,2023-06-16,95,quarter,0.08310500286750268,0.38637716610757233
34346155,BOBO,2023-06-16,50,quarter,0.06095912099922756,0.38637716610757233
34346155,BOBO,2023-06-16,95,cat_barn,0.02527591559485509,0.04212911969804833
34346155,BOBO,2023-06-16,95,native_ws,0.03464681185348461,0
34346155,BOBO,2023-06-16,95,wish_well,0.02406644852767621,0
34346155,BOBO,2023-06-16,95,off_field,0.28764928511322685,NA
34346155,BOBO,2023-06-16,50,off_field,0.26668379497745326,NA
34346155,BOBO,2023-06-20,95,horse,0.3147152146217804,0.6808849261041122
34346155,BOBO,2023-06-20,50,horse,0.40671423216246194,0.6808849261041122
34346155,BOBO,2023-06-20,95,quarter,0.12542675934189074,0.00477379702420342
34346155,BOBO,2023-06-20,95,native_ws,0.12657113276390777,0.2031716482443389
34346155,BOBO,2023-06-20,50,native_ws,0.0488085248548224,0.2031716482443389
34346155,BOBO,2023-06-20,95,wish_well,0.36556957520974903,0.6844077642411752
34346155,BOBO,2023-06-20,50,wish_well,0.4748789108668067,0.6844077642411752
34346155,BOBO,2023-06-20,95,off_field,0.06771731806267205,NA
34346155,BOBO,2023-06-20,50,off_field,0.0684618775906107,NA
34616633,EAME,2023-05-27,95,frog,0.17373563984671592,0.32265940654932473
34616633,EAME,2023-05-27,50,frog,0.10651087188886486,0.32265940654932473
34616633,EAME,2023-05-27,95,horse,0.01241108014636277,0
34616633,EAME,2023-05-27,95,pear_tree,0.00770559398273208,0
34616633,EAME,2023-05-27,95,wheat,0.5605603201295425,0.7924653705768262
34616633,EAME,2023-05-27,50,wheat,0.8440405987814473,0.7924653705768262
34616633,EAME,2023-05-27,95,quarter,0.02035351114869435,0
34616633,EAME,2023-05-27,95,cattle,0.06505564766582543,0
34616633,EAME,2023-05-27,95,off_field,0.15972648816369245,NA
34616633,EAME,2023-05-27,50,off_field,0.04944852932968781,NA
34616633,EAME,2023-06-03,95,frog,0.18556296734838043,0.7639771785604288
34616633,EAME,2023-06-03,50,frog,0.26932124238529953,0.7639771785604288
34616633,EAME,2023-06-03,95,horse,0.01014621518802677,0
34616633,EAME,2023-06-03,95,pear_tree,0.06325885031515245,0
34616633,EAME,2023-06-03,95,underhill,0.00655486517892981,0
34616633,EAME,2023-06-03,95,wheat,0.432786940855036,0.8404830719848818
34616633,EAME,2023-06-03,50,wheat,0.6910381648694031,0.8404830719848818
34616633,EAME,2023-06-03,95,quarter,0.01868046667171805,0
34616633,EAME,2023-06-03,95,cattle,0.10391462938930356,0.22439084599864295
34616633,EAME,2023-06-03,50,cattle,0.04429765576065671,0.22439084599864295
34616633,EAME,2023-06-03,95,off_field,0.17791201212359883,NA
34616633,EAME,2023-06-03,50,off_field,0,NA
34616633,EAME,2023-05-26,95,blue_silo,0.02519623352475354,0.15240181010880025
34616633,EAME,2023-05-26,50,blue_silo,0.00729476156921454,0.15240181010880025
34616633,EAME,2023-05-26,95,frog,0.05095328562164744,0.7018718022780546
34616633,EAME,2023-05-26,50,frog,0.06793840399051121,0.7018718022780546
34616633,EAME,2023-05-26,95,horse,0.04604557229009769,0.9751532513662916
34616633,EAME,2023-05-26,50,horse,0.08529942420875544,0.9751532513662916
34616633,EAME,2023-05-26,95,pear_tree,0.06513833323046431,0.5975026540555742
34616633,EAME,2023-05-26,50,pear_tree,0.07393700112603342,0.5975026540555742
34616633,EAME,2023-05-26,95,swale,0.00660810748946445,0
34616633,EAME,2023-05-26,95,wheat,0.1638155827167435,0.9305992816852922
34616633,EAME,2023-05-26,50,wheat,0.2896031460037234,0.9305992816852922
34616633,EAME,2023-05-26,95,quarter,0.06612880380562196,0.9823298047932724
34616633,EAME,2023-05-26,50,quarter,0.12340516567049915,0.9823298047932724
34616633,EAME,2023-05-26,95,cat_barn,0.01663581181332852,0
34616633,EAME,2023-05-26,95,gi,0.01019966961684082,0
34616633,EAME,2023-05-26,95,native_ws,0.03328839594825141,0
34616633,EAME,2023-05-26,95,cattle,0.16436794292252016,0.6029465616769859
34616633,EAME,2023-05-26,50,cattle,0.1882700744115756,0.6029465616769859
34616633,EAME,2023-05-26,95,wish_well,0.06763121184740248,0.3177368687849434
34616633,EAME,2023-05-26,50,wish_well,0.04082255023365454,0.3177368687849434
34616633,EAME,2023-05-26,95,off_field,0.27824232000636856,NA
34616633,EAME,2023-05-26,50,off_field,0.12311681704294544,NA
34616633,EAME,2023-06-02,95,frog,0.21015378524779907,0.8078644557871815
34616633,EAME,2023-06-02,50,frog,0.322264965251095,0.8078644557871815
34616633,EAME,2023-06-02,95,horse,0.03255709164045354,0.02684492223304132
34616633,EAME,2023-06-02,95,pear_tree,0.03418519467909987,0
34616633,EAME,2023-06-02,95,wheat,0.45390609132536514,0.7883853662662562
34616633,EAME,2023-06-02,50,wheat,0.6792692300676004,0.7883853662662562
34616633,EAME,2023-06-02,95,quarter,0.04561037552651486,0.01244806044909406
34616633,EAME,2023-06-02,95,cattle,0.0968203946900004,0.01725848262712427
34616633,EAME,2023-06-02,95,wish_well,0.00835280144846408,0
34616633,EAME,2023-06-02,95,off_field,0.11334190683324762,NA
34616633,EAME,2023-06-02,50,off_field,0,NA
34616633,EAME,2023-05-29,95,frog,0.22923408617062835,0.8729617977325513
34616633,EAME,2023-05-29,50,frog,0.3799327422892758,0.8729617977325513
34616633,EAME,2023-05-29,95,horse,0.01130781232705854,0
34616633,EAME,2023-05-29,95,pear_tree,0.03602583073721339,0
34616633,EAME,2023-05-29,95,underhill,0.00634693239279355,0
34616633,EAME,2023-05-29,95,wheat,0.35110724744740646,0.6819917460292103
34616633,EAME,2023-05-29,50,wheat,0.45462278738832934,0.6819917460292103
34616633,EAME,2023-05-29,95,quarter,0.0191944540680105,0
34616633,EAME,2023-05-29,95,cattle,0.19072250591162632,0.4814391615906266
34616633,EAME,2023-05-29,50,cattle,0.17433141135013006,0.4814391615906266
34616633,EAME,2023-05-29,95,off_field,0.15420741002106253,NA
34616633,EAME,2023-05-29,50,off_field,0,NA
34616633,EAME,2023-05-30,95,frog,0.25476668946147046,0.9094378762060256
34616633,EAME,2023-05-30,50,frog,0.44008206374620135,0.9094378762060256
34616633,EAME,2023-05-30,95,horse,0.01927815961287083,0
34616633,EAME,2023-05-30,95,pear_tree,0.04742203049877885,0
34616633,EAME,2023-05-30,95,wheat,0.25461567993013273,0.5659965400675403
34616633,EAME,2023-05-30,50,wheat,0.27372654053356615,0.5659965400675403
34616633,EAME,2023-05-30,95,quarter,0.02211546308916761,0
34616633,EAME,2023-05-30,95,cattle,0.2522758257158204,0.6200933932265462
34616633,EAME,2023-05-30,50,cattle,0.2971328903978957,0.6200933932265462
34616633,EAME,2023-05-30,95,off_field,0.14475254997934806,NA
34616633,EAME,2023-05-30,50,off_field,0,NA
34616633,EAME,2023-05-28,95,blue_silo,0.0151380077899197,0
34616633,EAME,2023-05-28,95,frog,0.05256034196303458,0.609301134728001
34616633,EAME,2023-05-28,50,frog,0.0608271462499141,0.609301134728001
34616633,EAME,2023-05-28,95,pear_tree,0.1404271616235457,0.634776433862843
34616633,EAME,2023-05-28,50,pear_tree,0.16930866510460038,0.634776433862843
34616633,EAME,2023-05-28,95,underhill,0.00595544349056007,0
34616633,EAME,2023-05-28,95,wheat,0.25544538673808037,0.8641737646669786
34616633,EAME,2023-05-28,50,wheat,0.4192821889248551,0.8641737646669786
34616633,EAME,2023-05-28,95,cattle,0.1204796943871494,0.35707790593833144
34616633,EAME,2023-05-28,50,cattle,0.08171167423168352,0.35707790593833144
34616633,EAME,2023-05-28,95,off_field,0.39975906847177745,NA
34616633,EAME,2023-05-28,50,off_field,0.2688703254889469,NA
34616633,EAME,2023-05-31,95,blue_silo,0.01467012897994195,0
34616633,EAME,2023-05-31,95,frog,0.1951159327884865,0.9106740352480526
34616633,EAME,2023-05-31,50,frog,0.33750046684124985,0.9106740352480526
34616633,EAME,2023-05-31,95,horse,0.03793157181668139,0.2841125078274263
34616633,EAME,2023-05-31,50,horse,0.02046962479356025,0.2841125078274263
34616633,EAME,2023-05-31,95,pear_tree,0.04759181478904353,0
34616633,EAME,2023-05-31,95,underhill,0.00505049025008795,0
34616633,EAME,2023-05-31,95,wheat,0.3310215386677958,0.7991821556636471
34616633,EAME,2023-05-31,50,wheat,0.5024822446195736,0.7991821556636471
34616633,EAME,2023-05-31,95,quarter,0.05673460474653828,0.18657305632710597
34616633,EAME,2023-05-31,50,quarter,0.02010553567754065,0.18657305632710597
34616633,EAME,2023-05-31,95,cat_barn,0.0076260024624478,0
34616633,EAME,2023-05-31,95,cattle,0.16683340564481092,0.40521651669051073
34616633,EAME,2023-05-31,50,cattle,0.12840704251592697,0.40521651669051073
34616633,EAME,2023-05-31,95,wish_well,0.00693555415838684,0
34616633,EAME,2023-05-31,95,off_field,0.12349373536632742,NA
34616633,EAME,2023-05-31,50,off_field,0,NA
34616633,EAME,2023-06-01,95,frog,0.282793551846575,0.8456603713073715
34616633,EAME,2023-06-01,50,frog,0.45395177196975023,0.8456603713073715
34616633,EAME,2023-06-01,95,horse,0.01720907245847156,0
34616633,EAME,2023-06-01,95,pear_tree,0.00900847423702885,0
34616633,EAME,2023-06-01,95,wheat,0.3958059762312926,0.603216416118026
34616633,EAME,2023-06-01,50,wheat,0.4532102598156464,0.603216416118026
34616633,EAME,2023-06-01,95,quarter,0.0309285538866553,0
34616633,EAME,2023-06-01,95,cattle,0.17580666240608153,0.3170457565256062
34616633,EAME,2023-06-01,50,cattle,0.10580385886329652,0.3170457565256062
34616633,EAME,2023-06-01,95,off_field,0.08562538041094699,NA
34616633,EAME,2023-06-01,50,off_field,0,NA
3.4662e+37,BOBO,2023-06-18,95,swale,0.999999974284036,0.5269644792593378
3.4662e+37,BOBO,2023-06-18,50,swale,0.99999998075131,0.5269644792593378
3.4662e+37,BOBO,2023-06-18,95,off_field,2.5715964163868773e-8,NA
3.4662e+37,BOBO,2023-06-18,50,off_field,1.9248690045283132e-8,NA
3.4662e+37,BOBO,2023-06-15,95,swale,0.7712535837136125,0.5927750519986014
3.4662e+37,BOBO,2023-06-15,50,swale,0.8678807797564658,0.5927750519986014
3.4662e+37,BOBO,2023-06-15,95,pond,0.1100693156995223,0.4969038827437924
3.4662e+37,BOBO,2023-06-15,50,pond,0.10382731302425122,0.4969038827437924
3.4662e+37,BOBO,2023-06-15,95,off_field,0.11820618062286332,NA
3.4662e+37,BOBO,2023-06-15,50,off_field,0.02829190721928295,NA
3.4662e+37,BOBO,2023-06-17,95,swale,0.9307716735627874,0.5696752123958231
3.4662e+37,BOBO,2023-06-17,50,swale,0.9999999689125724,0.5696752123958231
3.4662e+37,BOBO,2023-06-17,95,pond,0.03991088831370218,0
3.4662e+37,BOBO,2023-06-17,95,back_woods,0.00940186576555502,0
3.4662e+37,BOBO,2023-06-17,95,off_field,0.01411831173620859,NA
3.4662e+37,BOBO,2023-06-17,50,off_field,3.108742758939194e-8,NA
3.4662e+37,BOBO,2023-06-14,95,blue_silo,0.0224405366236902,0
3.4662e+37,BOBO,2023-06-14,95,swale,0.7540949909994957,0.6806465099690565
3.4662e+37,BOBO,2023-06-14,50,swale,0.9743978750850942,0.6806465099690565
3.4662e+37,BOBO,2023-06-14,95,pond,0.07463327583285517,0
3.4662e+37,BOBO,2023-06-14,95,off_field,0.14883119654395885,NA
3.4662e+37,BOBO,2023-06-14,50,off_field,0.02560212491490581,NA
3.4662e+37,BOBO,2023-06-16,95,alfalfa,0.06406930847065548,0.1087237991857024
3.4662e+37,BOBO,2023-06-16,50,alfalfa,0.01323497863388686,0.1087237991857024
3.4662e+37,BOBO,2023-06-16,95,swale,0.6978786632307177,0.7063431065654604
3.4662e+37,BOBO,2023-06-16,50,swale,0.936578577593394,0.7063431065654604
3.4662e+37,BOBO,2023-06-16,95,pond,0.12709263739200571,0.20884930231532547
3.4662e+37,BOBO,2023-06-16,50,pond,0.05043151434658064,0.20884930231532547
3.4662e+37,BOBO,2023-06-16,95,back_woods,0.09281619020654903,0
3.4662e+37,BOBO,2023-06-16,95,off_field,0.0181429041223573,NA
3.4662e+37,BOBO,2023-06-16,50,off_field,0,NA
4B074C1E,BOBO,2024-06-22,95,blue_silo,0.07290594176180185,0
4B074C1E,BOBO,2024-06-22,95,bobolink,0.06064715956017923,0.5000852890310711
4B074C1E,BOBO,2024-06-22,50,bobolink,0.05760440704717555,0.5000852890310711
4B074C1E,BOBO,2024-06-22,95,pear_tree,0.02241945772832423,0
4B074C1E,BOBO,2024-06-22,95,swale,0.00626232125576452,0
4B074C1E,BOBO,2024-06-22,95,underhill,0.0703345369397571,0.10850724793441682
4B074C1E,BOBO,2024-06-22,50,underhill,0.01449534469877049,0.10850724793441682
4B074C1E,BOBO,2024-06-22,95,quarter,0.01031832714230848,0
4B074C1E,BOBO,2024-06-22,95,retired,0.00670610709327461,0
4B074C1E,BOBO,2024-06-22,95,front_hay,0.03128015481605844,0
4B074C1E,BOBO,2024-06-22,95,entrance,0.05897629833866991,0.0452523625026929
4B074C1E,BOBO,2024-06-22,50,entrance,0.00506897248807608,0.0452523625026929
4B074C1E,BOBO,2024-06-22,95,clydesdale,0.14912851104349828,0.9648378979004776
4B074C1E,BOBO,2024-06-22,50,clydesdale,0.2732852559628117,0.9648378979004776
4B074C1E,BOBO,2024-06-22,95,pond,0.1942134883634923,0.7867784477280229
4B074C1E,BOBO,2024-06-22,50,pond,0.29022379039497437,0.7867784477280229
4B074C1E,BOBO,2024-06-22,95,off_field,0.3101610373640987,NA
4B074C1E,BOBO,2024-06-22,50,off_field,0.35932222940819175,NA
4B074C1E,BOBO,2024-06-23,95,blue_silo,0.01322300543698993,0
4B074C1E,BOBO,2024-06-23,95,bobolink,0.6970765571341604,0.704308604369863
4B074C1E,BOBO,2024-06-23,50,bobolink,0.9321036836329846,0.704308604369863
4B074C1E,BOBO,2024-06-23,95,swale,0.01088335532132013,0
4B074C1E,BOBO,2024-06-23,95,front_hay,0.00533335957257038,0
4B074C1E,BOBO,2024-06-23,95,clydesdale,0.05368467202173067,0
4B074C1E,BOBO,2024-06-23,95,pond,0.04920231118041993,0
4B074C1E,BOBO,2024-06-23,95,off_field,0.16791867783014672,NA
4B074C1E,BOBO,2024-06-23,50,off_field,0.06789631636701539,NA
4B074C1E,BOBO,2024-06-25,95,alfalfa,0.20917971781109723,0.8363620695940952
4B074C1E,BOBO,2024-06-25,50,alfalfa,0.33229851843529334,0.8363620695940952
4B074C1E,BOBO,2024-06-25,95,blue_silo,0.0638305241120799,0.35711728760786443
4B074C1E,BOBO,2024-06-25,50,blue_silo,0.04329659950032308,0.35711728760786443
4B074C1E,BOBO,2024-06-25,95,bobolink,0.09247229183010344,0.19732221399837893
4B074C1E,BOBO,2024-06-25,50,bobolink,0.03465788884850442,0.19732221399837893
4B074C1E,BOBO,2024-06-25,95,swale,0.2354717428313899,0.8302901063178206
4B074C1E,BOBO,2024-06-25,50,swale,0.3713497746568646,0.8302901063178206
4B074C1E,BOBO,2024-06-25,95,front_hay,0.00670214208212998,0
4B074C1E,BOBO,2024-06-25,95,entrance,0.02594452135101737,0
4B074C1E,BOBO,2024-06-25,95,clydesdale,0.03704957177789295,0
4B074C1E,BOBO,2024-06-25,95,pond,0.07844123388372314,0.3382121666442742
4B074C1E,BOBO,2024-06-25,50,pond,0.05039043955021936,0.3382121666442742
4B074C1E,BOBO,2024-06-25,95,back_woods,0.0690760272086047,0.5469135498720821
4B074C1E,BOBO,2024-06-25,50,back_woods,0.07175638290610546,0.5469135498720821
4B074C1E,BOBO,2024-06-25,95,piano,0.04670826098134995,0.2236290187168617
4B074C1E,BOBO,2024-06-25,50,piano,0.01983975751523567,0.2236290187168617
4B074C1E,BOBO,2024-06-25,95,off_field,0.1311155977288746,NA
4B074C1E,BOBO,2024-06-25,50,off_field,0.0764106385874541,NA
4B074C1E,BOBO,2024-06-21,95,blue_silo,0.07779821156807798,0.31885266583853883
4B074C1E,BOBO,2024-06-21,50,blue_silo,0.04711806501232966,0.31885266583853883
4B074C1E,BOBO,2024-06-21,95,bobolink,0.05566483358865898,0.22832317355562184
4B074C1E,BOBO,2024-06-21,50,bobolink,0.02414119080087981,0.22832317355562184
4B074C1E,BOBO,2024-06-21,95,pear_tree,0.1111109917403257,0.5466959937480781
4B074C1E,BOBO,2024-06-21,50,pear_tree,0.11538004301436186,0.5466959937480781
4B074C1E,BOBO,2024-06-21,95,underhill,0.21396306457537229,0.9124145046223237
4B074C1E,BOBO,2024-06-21,50,underhill,0.3708162617940409,0.9124145046223237
4B074C1E,BOBO,2024-06-21,95,wheat,0.00813432329670426,0
4B074C1E,BOBO,2024-06-21,95,retired,0.03887593911599881,0.6895124033621248
4B074C1E,BOBO,2024-06-21,50,retired,0.05091558727827881,0.6895124033621248
4B074C1E,BOBO,2024-06-21,50,donkey,0.00671465886147305,1
4B074C1E,BOBO,2024-06-21,95,front_hay,0.134081259044112,0.482919875099017
4B074C1E,BOBO,2024-06-21,50,front_hay,0.12299032248304452,0.482919875099017
4B074C1E,BOBO,2024-06-21,95,entrance,0.08216624957429572,0.4592250143975621
4B074C1E,BOBO,2024-06-21,50,entrance,0.07167154755262667,0.4592250143975621
4B074C1E,BOBO,2024-06-21,95,clydesdale,0.10266209426421796,0.6615127869125036
4B074C1E,BOBO,2024-06-21,50,clydesdale,0.12899597044162303,0.6615127869125036
4B074C1E,BOBO,2024-06-21,95,pond,0.02970807041099446,0
4B074C1E,BOBO,2024-06-21,95,off_field,0.141932273164159,NA
4B074C1E,BOBO,2024-06-21,50,off_field,0.06125635276134165,NA
4B074C1E,BOBO,2024-06-24,95,blue_silo,0.01205964400904239,0
4B074C1E,BOBO,2024-06-24,95,bobolink,0.6058480116148163,0.6965979762672616
4B074C1E,BOBO,2024-06-24,50,bobolink,0.8013201275380439,0.6965979762672616
4B074C1E,BOBO,2024-06-24,95,swale,0.00842020263564999,0
4B074C1E,BOBO,2024-06-24,95,front_hay,0.02427829515931091,0
4B074C1E,BOBO,2024-06-24,95,clydesdale,0.11716581172396272,0.25932233514736613
4B074C1E,BOBO,2024-06-24,50,clydesdale,0.05769005931917025,0.25932233514736613
4B074C1E,BOBO,2024-06-24,95,pond,0.05419935837354307,0
4B074C1E,BOBO,2024-06-24,95,off_field,0.1742067246950859,NA
4B074C1E,BOBO,2024-06-24,50,off_field,0.14098981314278575,NA
4B4B6166,BOBO,2024-06-20,95,bobolink,0.6310345383899963,0.7902400850960205
4B4B6166,BOBO,2024-06-20,50,bobolink,0.9474844144078076,0.7902400850960205
4B4B6166,BOBO,2024-06-20,95,front_hay,0.0062875433230572,0
4B4B6166,BOBO,2024-06-20,95,clydesdale,0.09360870050884644,0.1550225577853674
4B4B6166,BOBO,2024-06-20,50,clydesdale,0.02757217356334154,0.1550225577853674
4B4B6166,BOBO,2024-06-20,95,pond,0.13857323322617882,0
4B4B6166,BOBO,2024-06-20,95,off_field,0.1286642791016415,NA
4B4B6166,BOBO,2024-06-20,50,off_field,0.02494341202885075,NA
4B4B6166,BOBO,2024-06-22,95,bobolink,0.02602407361457054,0
4B4B6166,BOBO,2024-06-22,95,swale,0.08240924699165332,0
4B4B6166,BOBO,2024-06-22,95,front_hay,0.35305633870459885,0.6797326257749897
4B4B6166,BOBO,2024-06-22,50,front_hay,0.45551540903135673,0.6797326257749897
4B4B6166,BOBO,2024-06-22,95,entrance,0.4035883458557319,0.6753319767240857
4B4B6166,BOBO,2024-06-22,50,entrance,0.5173409720311034,0.6753319767240857
4B4B6166,BOBO,2024-06-22,95,clydesdale,0.01358583194802598,0
4B4B6166,BOBO,2024-06-22,95,pond,0.04384135389517868,0
4B4B6166,BOBO,2024-06-22,95,off_field,0.07319620183364713,NA
4B4B6166,BOBO,2024-06-22,50,off_field,0.02714361893753981,NA
4B4B6166,BOBO,2024-06-25,95,alfalfa,0.01230949560860844,0
4B4B6166,BOBO,2024-06-25,95,blue_silo,0.02159698950814558,0.1061233010046854
4B4B6166,BOBO,2024-06-25,95,bobolink,0.23654152979619328,0.5778354603878073
4B4B6166,BOBO,2024-06-25,50,bobolink,0.25969453746888765,0.5778354603878073
4B4B6166,BOBO,2024-06-25,95,swale,0.21511612766157287,0.4867692977240281
4B4B6166,BOBO,2024-06-25,50,swale,0.1989515709842848,0.4867692977240281
4B4B6166,BOBO,2024-06-25,95,clydesdale,0.06381195650033855,0
4B4B6166,BOBO,2024-06-25,95,pond,0.18786200109019505,0.46151681537405626
4B4B6166,BOBO,2024-06-25,50,pond,0.16473189587538797,0.46151681537405626
4B4B6166,BOBO,2024-06-25,95,back_woods,0.00669357709844752,0
4B4B6166,BOBO,2024-06-25,95,off_field,0.2521343308091379,NA
4B4B6166,BOBO,2024-06-25,50,off_field,0.372267326256137,NA
4B4B6166,BOBO,2024-06-21,95,bobolink,0.3240422493345604,0.39809595315198143
4B4B6166,BOBO,2024-06-21,50,bobolink,0.24500840523731016,0.39809595315198143
4B4B6166,BOBO,2024-06-21,95,front_hay,0.0651036547723772,0.15951826081454157
4B4B6166,BOBO,2024-06-21,50,front_hay,0.01972456154509118,0.15951826081454157
4B4B6166,BOBO,2024-06-21,95,entrance,0.16921327229980695,0.3852678259097934
4B4B6166,BOBO,2024-06-21,50,entrance,0.1238194152821729,0.3852678259097934
4B4B6166,BOBO,2024-06-21,95,clydesdale,0.3502440766499798,0.77979820395223
4B4B6166,BOBO,2024-06-21,50,clydesdale,0.5187338780754942,0.77979820395223
4B4B6166,BOBO,2024-06-21,95,pond,0.02102548470883178,0
4B4B6166,BOBO,2024-06-21,95,off_field,0.07037126223444388,NA
4B4B6166,BOBO,2024-06-21,50,off_field,0.0927137398599315,NA
4B4B7855,EAME,2024-07-12,95,blue_silo,0.07676154520763283,0.24182134508581316
4B4B7855,EAME,2024-07-12,50,blue_silo,0.03520882366049242,0.24182134508581316
4B4B7855,EAME,2024-07-12,95,bobolink,0.43852464992068135,0.4633113867120116
4B4B7855,EAME,2024-07-12,50,bobolink,0.3853720016848211,0.4633113867120116
4B4B7855,EAME,2024-07-12,95,underhill,0.05432049576591196,0.46619847014570864
4B4B7855,EAME,2024-07-12,50,underhill,0.04803388824981162,0.46619847014570864
4B4B7855,EAME,2024-07-12,95,retired,0.09264061462884668,0.5322337283175012
4B4B7855,EAME,2024-07-12,50,retired,0.09352269107808008,0.5322337283175012
4B4B7855,EAME,2024-07-12,95,front_hay,0.2066116584660516,0.6269370044851296
4B4B7855,EAME,2024-07-12,50,front_hay,0.2456925018294497,0.6269370044851296
4B4B7855,EAME,2024-07-12,95,off_field,0.13114103601087557,NA
4B4B7855,EAME,2024-07-12,50,off_field,0.19217009349734504,NA
4B4B7855,EAME,2024-07-02,95,blue_silo,0.02708092964394957,0
4B4B7855,EAME,2024-07-02,95,bobolink,0.6377973731000399,0.7274394799098275
4B4B7855,EAME,2024-07-02,50,bobolink,0.8812885209383944,0.7274394799098275
4B4B7855,EAME,2024-07-02,95,underhill,0.06115090904728808,0.12788372941112225
4B4B7855,EAME,2024-07-02,50,underhill,0.01485445525688901,0.12788372941112225
4B4B7855,EAME,2024-07-02,95,retired,0.0514835133667086,0.4509082032370791
4B4B7855,EAME,2024-07-02,50,retired,0.04409555697209128,0.4509082032370791
4B4B7855,EAME,2024-07-02,95,front_hay,0.13594847208983915,0.07665164055752419
4B4B7855,EAME,2024-07-02,50,front_hay,0.01979403368212433,0.07665164055752419
4B4B7855,EAME,2024-07-02,95,clydesdale,0.02815392842676421,0
4B4B7855,EAME,2024-07-02,95,off_field,0.05684432929019962,NA
4B4B7855,EAME,2024-07-02,50,off_field,0.03996743315050102,NA
4B4B7855,EAME,2024-07-01,95,blue_silo,0.0798733789497632,0
4B4B7855,EAME,2024-07-01,95,bobolink,0.7072006564268163,0.7354375107140533
4B4B7855,EAME,2024-07-01,50,bobolink,0.9880603470461063,0.7354375107140533
4B4B7855,EAME,2024-07-01,95,underhill,0.02826376828778687,0
4B4B7855,EAME,2024-07-01,95,retired,0.00762016722780005,0
4B4B7855,EAME,2024-07-01,95,front_hay,0.11038620897381252,0.00960372982360069
4B4B7855,EAME,2024-07-01,95,clydesdale,0.02171959890980614,0
4B4B7855,EAME,2024-07-01,95,off_field,0.03695965662859693,NA
4B4B7855,EAME,2024-07-01,50,off_field,0.00992569782348894,NA
4B4B7855,EAME,2024-07-05,95,blue_silo,0.5697138295640971,0.8198250058361886
4B4B7855,EAME,2024-07-05,50,blue_silo,0.8871450410321955,0.8198250058361886
4B4B7855,EAME,2024-07-05,95,bobolink,0.23497327469374032,0.02353873702036022
4B4B7855,EAME,2024-07-05,50,bobolink,0.01050553884496029,0.02353873702036022
4B4B7855,EAME,2024-07-05,95,underhill,0.02256381410289384,6.64533028003616e-4
4B4B7855,EAME,2024-07-05,95,retired,0.06376495200014769,0.28051335329811344
4B4B7855,EAME,2024-07-05,50,retired,0.03397443816354422,0.28051335329811344
4B4B7855,EAME,2024-07-05,95,front_hay,0.03974094802903225,0.2130778951871249
4B4B7855,EAME,2024-07-05,50,front_hay,0.01608397271840833,0.2130778951871249
4B4B7855,EAME,2024-07-05,95,off_field,0.06869410705837406,NA
4B4B7855,EAME,2024-07-05,50,off_field,0.05226252886018687,NA
4B4B7855,EAME,2024-07-10,95,bobolink,0.5033804749209644,0.5084041216431021
4B4B7855,EAME,2024-07-10,50,bobolink,0.48424131238768325,0.5084041216431021
4B4B7855,EAME,2024-07-10,95,underhill,0.00721571941323461,0
4B4B7855,EAME,2024-07-10,95,front_hay,0.38292524184178967,0.5051922519258815
4B4B7855,EAME,2024-07-10,50,front_hay,0.3660387685160559,0.5051922519258815
4B4B7855,EAME,2024-07-10,95,off_field,0.10444551566675148,NA
4B4B7855,EAME,2024-07-10,50,off_field,0.1497199190962609,NA
4B4B7855,EAME,2024-07-09,95,blue_silo,0.04576972570273471,0
4B4B7855,EAME,2024-07-09,95,bobolink,0.6566270678791589,0.6199269669486055
4B4B7855,EAME,2024-07-09,50,bobolink,0.7723834917768525,0.6199269669486055
4B4B7855,EAME,2024-07-09,95,underhill,0.04053812117481704,0.14209023696654663
4B4B7855,EAME,2024-07-09,50,underhill,0.01092953104168907,0.14209023696654663
4B4B7855,EAME,2024-07-09,95,retired,0.08970077533265396,0.2495988208007754
4B4B7855,EAME,2024-07-09,50,retired,0.04248272820215355,0.2495988208007754
4B4B7855,EAME,2024-07-09,95,front_hay,0.06549823633732976,0.5549174317366854
4B4B7855,EAME,2024-07-09,50,front_hay,0.06896546144276032,0.5549174317366854
4B4B7855,EAME,2024-07-09,95,off_field,0.09835517564942532,NA
4B4B7855,EAME,2024-07-09,50,off_field,0.1052387875365445,NA
4B4B7855,EAME,2024-06-30,95,blue_silo,0.20823976718780451,0.2480253121915612
4B4B7855,EAME,2024-06-30,50,blue_silo,0.09807939260459105,0.2480253121915612
4B4B7855,EAME,2024-06-30,95,bobolink,0.4199974020890376,0.659111403391582
4B4B7855,EAME,2024-06-30,50,bobolink,0.5256825037749037,0.659111403391582
4B4B7855,EAME,2024-06-30,95,underhill,0.06327077324471116,0
4B4B7855,EAME,2024-06-30,95,retired,0.20725516727931445,0.8557848140845975
4B4B7855,EAME,2024-06-30,50,retired,0.3368123720467302,0.8557848140845975
4B4B7855,EAME,2024-06-30,95,front_hay,0.02415023770784212,3.8171131278649627e-4
4B4B7855,EAME,2024-06-30,95,off_field,0.0761501136002934,NA
4B4B7855,EAME,2024-06-30,50,off_field,0.03940822607319126,NA
4B4B7855,EAME,2024-07-03,95,blue_silo,0.09069382784895992,0
4B4B7855,EAME,2024-07-03,95,bobolink,0.5502552438180134,0.5762766466544089
4B4B7855,EAME,2024-07-03,50,bobolink,0.6021754798564731,0.5762766466544089
4B4B7855,EAME,2024-07-03,95,underhill,0.04322054769354161,0.3708396460075056
4B4B7855,EAME,2024-07-03,50,underhill,0.03043717076516692,0.3708396460075056
4B4B7855,EAME,2024-07-03,95,retired,0.11664270614040102,0.4989412088896808
4B4B7855,EAME,2024-07-03,50,retired,0.1105184585136569,0.4989412088896808
4B4B7855,EAME,2024-07-03,95,front_hay,0.0961153327957065,0.66936136193572
4B4B7855,EAME,2024-07-03,50,front_hay,0.12217466888515664,0.66936136193572
4B4B7855,EAME,2024-07-03,95,off_field,0.09967474515423294,NA
4B4B7855,EAME,2024-07-03,50,off_field,0.13469422197954642,NA
4B4B7855,EAME,2024-07-11,95,blue_silo,0.080090273707141793,0
4B4B7855,EAME,2024-07-11,95,bobolink,0.40379798579650633,0.6292765609123607
4B4B7855,EAME,2024-07-11,50,bobolink,0.4823379404999694,0.6292765609123607
4B4B7855,EAME,2024-07-11,95,underhill,0.03236079937810696,0
4B4B7855,EAME,2024-07-11,95,retired,0.01957716688139076,0
4B4B7855,EAME,2024-07-11,95,front_hay,0.3734355448793071,0.5868004564965684
4B4B7855,EAME,2024-07-11,50,front_hay,0.41596023707494056,0.5868004564965684
4B4B7855,EAME,2024-07-11,95,off_field,0.09026387872061983,NA
4B4B7855,EAME,2024-07-11,50,off_field,0.10170182242509004,NA
4B4B7855,EAME,2024-07-13,95,blue_silo,0.02978495739905447,0
4B4B7855,EAME,2024-07-13,95,bobolink,0.519634084241159,0.5224137338526715
4B4B7855,EAME,2024-07-13,50,bobolink,0.5150941533028369,0.5224137338526715
4B4B7855,EAME,2024-07-13,95,underhill,0.01643786784412784,0
4B4B7855,EAME,2024-07-13,95,retired,0.08182709712157822,0.43970886139972487
4B4B7855,EAME,2024-07-13,50,retired,0.06827107907688655,0.43970886139972487
4B4B7855,EAME,2024-07-13,95,front_hay,0.2302966281279312,0.5767402911820979
4B4B7855,EAME,2024-07-13,50,front_hay,0.2520242183338701,0.5767402911820979
4B4B7855,EAME,2024-07-13,95,off_field,0.12201936526614925,NA
4B4B7855,EAME,2024-07-13,50,off_field,0.1646105492864064,NA
4B4B7855,EAME,2024-07-07,95,blue_silo,0.00625481669891247,0
4B4B7855,EAME,2024-07-07,95,bobolink,0.4068604031979926,0.4242931826386804
4B4B7855,EAME,2024-07-07,50,bobolink,0.3264860459048744,0.4242931826386804
4B4B7855,EAME,2024-07-07,95,retired,0.00943694199682567,0
4B4B7855,EAME,2024-07-07,95,front_hay,0.42706308829795614,0.5433091440493985
4B4B7855,EAME,2024-07-07,50,front_hay,0.4388258431689885,0.5433091440493985
4B4B7855,EAME,2024-07-07,95,off_field,0.15038474980831307,NA
4B4B7855,EAME,2024-07-07,50,off_field,0.23468811092613712,NA
4B4B7855,EAME,2024-07-16,95,blue_silo,0.04757633201616459,0.1824065420245586
4B4B7855,EAME,2024-07-16,50,blue_silo,0.01647077664172113,0.1824065420245586
4B4B7855,EAME,2024-07-16,95,bobolink,0.4238580894598735,0.6002181934683072
4B4B7855,EAME,2024-07-16,50,bobolink,0.4828501190889188,0.6002181934683072
4B4B7855,EAME,2024-07-16,95,underhill,0.23061369176573843,0.5288584343179042
4B4B7855,EAME,2024-07-16,50,underhill,0.23147667448350523,0.5288584343179042
4B4B7855,EAME,2024-07-16,95,retired,0.10468246775196186,0.5708597125772603
4B4B7855,EAME,2024-07-16,50,retired,0.11341906370807014,0.5708597125772603
4B4B7855,EAME,2024-07-16,95,front_hay,0.10909255625065976,0.3170790820772283
4B4B7855,EAME,2024-07-16,50,front_hay,0.06565161617456462,0.3170790820772283
4B4B7855,EAME,2024-07-16,95,off_field,0.08264273534689139,NA
4B4B7855,EAME,2024-07-16,50,off_field,0.09013174990322008,NA
4B4B7855,EAME,2024-07-04,95,blue_silo,0.3054945470752622,0.5807381737677056
4B4B7855,EAME,2024-07-04,50,blue_silo,0.33691570220170214,0.5807381737677056
4B4B7855,EAME,2024-07-04,95,bobolink,0.3850975193184613,0.35500150088399257
4B4B7855,EAME,2024-07-04,50,bobolink,0.2596201072812346,0.35500150088399257
4B4B7855,EAME,2024-07-04,95,retired,0.2426279548529804,0.7968243629143308
4B4B7855,EAME,2024-07-04,50,retired,0.3671477376968307,0.7968243629143308
4B4B7855,EAME,2024-07-04,95,front_hay,0.00564413440154765,0
4B4B7855,EAME,2024-07-04,95,off_field,0.05691884781397963,NA
4B4B7855,EAME,2024-07-04,50,off_field,0.03631645282023261,NA
4B4B7855,EAME,2024-07-14,95,blue_silo,0.01582887799176334,0.05691261985726127
4B4B7855,EAME,2024-07-14,95,bobolink,0.5094096513742653,0.6788513566796683
4B4B7855,EAME,2024-07-14,50,bobolink,0.653772157321054,0.6788513566796683
4B4B7855,EAME,2024-07-14,95,underhill,0.02930932787363732,0
4B4B7855,EAME,2024-07-14,95,retired,0.13656655058618236,0.6243719885170618
4B4B7855,EAME,2024-07-14,50,retired,0.16120270044692211,0.6243719885170618
4B4B7855,EAME,2024-07-14,95,front_hay,0.20638934382047489,0.1888366397458603
4B4B7855,EAME,2024-07-14,50,front_hay,0.07368143845986064,0.1888366397458603
4B4B7855,EAME,2024-07-14,95,off_field,0.10249624835367684,NA
4B4B7855,EAME,2024-07-14,50,off_field,0.10964059152757127,NA
4B4B7855,EAME,2024-07-15,95,blue_silo,0.01825017501142579,0
4B4B7855,EAME,2024-07-15,95,bobolink,0.5154244351058521,0.8679579229396551
4B4B7855,EAME,2024-07-15,50,bobolink,0.8492327777406028,0.8679579229396551
4B4B7855,EAME,2024-07-15,95,underhill,0.10526414185860744,0
4B4B7855,EAME,2024-07-15,95,retired,0.0477145085480276,0
4B4B7855,EAME,2024-07-15,95,front_hay,0.23587717901023109,0.23763136393675496
4B4B7855,EAME,2024-07-15,50,front_hay,0.10640272700046696,0.23763136393675496
4B4B7855,EAME,2024-07-15,95,clydesdale,0.02120028177016968,0.14501613792085702
4B4B7855,EAME,2024-07-15,50,clydesdale,0.00583607736824938,0.14501613792085702
4B4B7855,EAME,2024-07-15,95,off_field,0.05559993671591835,NA
4B4B7855,EAME,2024-07-15,50,off_field,0.03852841789068088,NA
4B4B7855,EAME,2024-07-08,95,bobolink,0.5241171153220926,0.5326291304495998
4B4B7855,EAME,2024-07-08,50,bobolink,0.5292920926783397,0.5326291304495998
4B4B7855,EAME,2024-07-08,95,front_hay,0.4304472736559404,0.5071396178002187
4B4B7855,EAME,2024-07-08,50,front_hay,0.4138944941620532,0.5071396178002187
4B4B7855,EAME,2024-07-08,95,off_field,0.04542723745310665,NA
4B4B7855,EAME,2024-07-08,50,off_field,0.05681341315960708,NA
4B4B7855,EAME,2024-07-06,95,blue_silo,0.4044213831058795,0.7615583589436811
4B4B7855,EAME,2024-07-06,50,blue_silo,0.5836317175306097,0.7615583589436811
4B4B7855,EAME,2024-07-06,95,bobolink,0.3145969049071132,0.26906868598436
4B4B7855,EAME,2024-07-06,50,bobolink,0.16040547572189506,0.26906868598436
4B4B7855,EAME,2024-07-06,95,underhill,0.02875731359887993,0.11556962062937114
4B4B7855,EAME,2024-07-06,50,underhill,0.00629786848511597,0.11556962062937114
4B4B7855,EAME,2024-07-06,95,retired,0.14811105487467077,0.5528240581219553
4B4B7855,EAME,2024-07-06,50,retired,0.15515865130899176,0.5528240581219553
4B4B7855,EAME,2024-07-06,95,front_hay,0.03001995390975495,0.1870363602844228
4B4B7855,EAME,2024-07-06,50,front_hay,0.01063990253895228,0.1870363602844228
4B4B7855,EAME,2024-07-06,95,off_field,0.07409338960370161,NA
4B4B7855,EAME,2024-07-06,50,off_field,0.08386638441443516,NA
4B783433,EAME,2024-06-17,95,alfalfa,0.0222266363110897,0
4B783433,EAME,2024-06-17,95,blue_silo,0.05858908803974404,0.12934251505428643
4B783433,EAME,2024-06-17,50,blue_silo,0.01439403142687477,0.12934251505428643
4B783433,EAME,2024-06-17,95,bobolink,0.19786256014698905,0.5020882568146194
4B783433,EAME,2024-06-17,50,bobolink,0.1886983466596771,0.5020882568146194
4B783433,EAME,2024-06-17,95,swale,0.08948435518282126,0
4B783433,EAME,2024-06-17,95,clydesdale,0.13701987351215406,0.5238302677581225
4B783433,EAME,2024-06-17,50,clydesdale,0.13633223618108536,0.5238302677581225
4B783433,EAME,2024-06-17,95,pond,0.18055896892653012,0.6242433224739053
4B783433,EAME,2024-06-17,50,pond,0.21409049110436612,0.6242433224739053
4B783433,EAME,2024-06-17,95,back_woods,0.0113863869785793,0
4B783433,EAME,2024-06-17,95,off_field,0.29981750543904473,NA
4B783433,EAME,2024-06-17,50,off_field,0.4464848946279966,NA
4B783433,EAME,2024-06-12,95,alfalfa,0.01940314787343365,0
4B783433,EAME,2024-06-12,95,blue_silo,0.00567330247360224,0
4B783433,EAME,2024-06-12,95,bobolink,0.1886697785561451,0.6181102606750332
4B783433,EAME,2024-06-12,50,bobolink,0.22130001854768777,0.6181102606750332
4B783433,EAME,2024-06-12,95,swale,0.18373181531079108,0.2634588857025252
4B783433,EAME,2024-06-12,50,swale,0.0918566016839686,0.2634588857025252
4B783433,EAME,2024-06-12,95,clydesdale,0.07169467335664183,0.1401321147059878
4B783433,EAME,2024-06-12,50,clydesdale,0.01906504013974357,0.1401321147059878
4B783433,EAME,2024-06-12,95,pond,0.27194259981741004,0.6391253259356897
4B783433,EAME,2024-06-12,50,pond,0.3298195767407173,0.6391253259356897
4B783433,EAME,2024-06-12,95,back_woods,0.01067473270104224,0
4B783433,EAME,2024-06-12,95,off_field,0.2482099499109338,NA
4B783433,EAME,2024-06-12,50,off_field,0.3379587628878828,NA
4B783433,EAME,2024-06-24,95,blue_silo,0.1312730274996409,0.2283535226156347
4B783433,EAME,2024-06-24,50,blue_silo,0.05694802679576213,0.2283535226156347
4B783433,EAME,2024-06-24,95,bobolink,0.35963866650382775,0.8970504649567086
4B783433,EAME,2024-06-24,50,bobolink,0.6128846131057168,0.8970504649567086
4B783433,EAME,2024-06-24,95,swale,0.1540847789342876,0.3680176552909096
4B783433,EAME,2024-06-24,50,swale,0.10772682434163725,0.3680176552909096
4B783433,EAME,2024-06-24,95,front_hay,0.0154756404869503,0
4B783433,EAME,2024-06-24,95,entrance,0.02521644891531499,0
4B783433,EAME,2024-06-24,95,clydesdale,0.0745206284321555,0.2448408749851736
4B783433,EAME,2024-06-24,50,clydesdale,0.03466218177144142,0.2448408749851736
4B783433,EAME,2024-06-24,95,pond,0.02248076897899247,0.0436968368410538
4B783433,EAME,2024-06-24,95,cat_barn,0.03096586112571023,0
4B783433,EAME,2024-06-24,95,off_field,0.18054083548366465,NA
4B783433,EAME,2024-06-24,50,off_field,0.18591216068221791,NA
4B783433,EAME,2024-06-21,95,blue_silo,0.1892466730324075,0.5041473687009104
4B783433,EAME,2024-06-21,50,blue_silo,0.1812049103645351,0.5041473687009104
4B783433,EAME,2024-06-21,95,bobolink,0.4412199098889875,0.9039963917712572
4B783433,EAME,2024-06-21,50,bobolink,0.7575407553963204,0.9039963917712572
4B783433,EAME,2024-06-21,95,swale,0.02771656032211751,0
4B783433,EAME,2024-06-21,95,underhill,0.02261110032231188,0
4B783433,EAME,2024-06-21,95,retired,0.03971247859751391,0.14117167306039852
4B783433,EAME,2024-06-21,50,retired,0.01064777240359659,0.14117167306039852
4B783433,EAME,2024-06-21,95,front_hay,0.05820663914443949,0
4B783433,EAME,2024-06-21,95,entrance,0.01035734193170406,0
4B783433,EAME,2024-06-21,95,clydesdale,0.0828474842486051,0.04262061698878267
4B783433,EAME,2024-06-21,50,clydesdale,0.00670630439043548,0.04262061698878267
4B783433,EAME,2024-06-21,95,pond,0.00913390360725388,0
4B783433,EAME,2024-06-21,95,off_field,0.11815830532364908,NA
4B783433,EAME,2024-06-21,50,off_field,0.04390025744511255,NA
4B783433,EAME,2024-06-19,95,blue_silo,0.1989306804201099,0.6887969161037873
4B783433,EAME,2024-06-19,50,blue_silo,0.26033566789573276,0.6887969161037873
4B783433,EAME,2024-06-19,95,bobolink,0.3170480473781365,0.7535700746999775
4B783433,EAME,2024-06-19,50,bobolink,0.4539305770964524,0.7535700746999775
4B783433,EAME,2024-06-19,95,swale,0.04399243526604128,0.03085605151812217
4B783433,EAME,2024-06-19,95,underhill,0.08420897879564475,0.20705700864183543
4B783433,EAME,2024-06-19,50,underhill,0.03312752937500532,0.20705700864183543
4B783433,EAME,2024-06-19,95,retired,0.07135217117701803,0.7777146289600055
4B783433,EAME,2024-06-19,50,retired,0.10543096281917226,0.7777146289600055
4B783433,EAME,2024-06-19,95,front_hay,0.09393538077173123,0.18200550010584868
4B783433,EAME,2024-06-19,50,front_hay,0.03248287224703504,0.18200550010584868
4B783433,EAME,2024-06-19,95,clydesdale,0.01315451274337213,0
4B783433,EAME,2024-06-19,95,pond,0.03663725141503229,0
4B783433,EAME,2024-06-19,95,off_field,0.1334847490615958,NA
4B783433,EAME,2024-06-19,50,off_field,0.11211334469770674,NA
4B783433,EAME,2024-06-20,95,blue_silo,0.1801283908014073,0.7404403012055586
4B783433,EAME,2024-06-20,50,blue_silo,0.2532812537079818,0.7404403012055586
4B783433,EAME,2024-06-20,95,bobolink,0.25998328783991453,0.9020326168793676
4B783433,EAME,2024-06-20,50,bobolink,0.44534697066493534,0.9020326168793676
4B783433,EAME,2024-06-20,95,pear_tree,0.00839246977238114,0
4B783433,EAME,2024-06-20,95,swale,0.08164287321872013,0.2998037573345848
4B783433,EAME,2024-06-20,50,swale,0.04648214710974736,0.2998037573345848
4B783433,EAME,2024-06-20,95,underhill,0.06630942091870853,0.04888390727373687
4B783433,EAME,2024-06-20,50,underhill,0.00615562246659949,0.04888390727373687
4B783433,EAME,2024-06-20,95,retired,0.04322051460063984,0.6454740308853802
4B783433,EAME,2024-06-20,50,retired,0.05297848524106587,0.6454740308853802
4B783433,EAME,2024-06-20,95,front_hay,0.1104800573499084,0.2192486023534868
4B783433,EAME,2024-06-20,50,front_hay,0.0459993350537053,0.2192486023534868
4B783433,EAME,2024-06-20,95,entrance,0.02307780426439069,0
4B783433,EAME,2024-06-20,95,clydesdale,0.033417553528531,0
4B783433,EAME,2024-06-20,95,pond,0.05609463883631636,0.04125165014605024
4B783433,EAME,2024-06-20,95,off_field,0.13248738869748883,NA
4B783433,EAME,2024-06-20,50,off_field,0.14536184722311746,NA
4B783433,EAME,2024-06-22,95,alfalfa,0.00990814401517936,0
4B783433,EAME,2024-06-22,95,blue_silo,0.1349643911326563,0.816700446242046
4B783433,EAME,2024-06-22,50,blue_silo,0.20942761042252736,0.816700446242046
4B783433,EAME,2024-06-22,95,bobolink,0.12827282322277384,1
4B783433,EAME,2024-06-22,50,bobolink,0.24371743469699897,1
4B783433,EAME,2024-06-22,95,pear_tree,0.04637320456104828,0.09908317483235218
4B783433,EAME,2024-06-22,50,pear_tree,0.00873009494404234,0.09908317483235218
4B783433,EAME,2024-06-22,95,swale,0.07551768799731423,0.45633461174426776
4B783433,EAME,2024-06-22,50,swale,0.06547628648448986,0.45633461174426776
4B783433,EAME,2024-06-22,95,underhill,0.05629297233240269,0.49818554151844313
4B783433,EAME,2024-06-22,50,underhill,0.05328405211880868,0.49818554151844313
4B783433,EAME,2024-06-22,95,wheat,0.02021121472499517,0
4B783433,EAME,2024-06-22,95,quarter,0.00535382052172623,0
4B783433,EAME,2024-06-22,95,retired,0.03346892924638862,0.9547231621850356
4B783433,EAME,2024-06-22,50,retired,0.06071153620771973,0.9547231621850356
4B783433,EAME,2024-06-22,95,front_hay,0.05732361161292474,0.3624081904074551
4B783433,EAME,2024-06-22,50,front_hay,0.03947148754318324,0.3624081904074551
4B783433,EAME,2024-06-22,95,entrance,0.03229441272646889,3.8652784578894774e-5
4B783433,EAME,2024-06-22,95,clydesdale,0.04936931179208722,0.5269146449855083
4B783433,EAME,2024-06-22,50,clydesdale,0.04942529696723805,0.5269146449855083
4B783433,EAME,2024-06-22,95,pond,0.09470872866028555,0.5240015226991073
4B783433,EAME,2024-06-22,50,pond,0.09429192467262432,0.5240015226991073
4B783433,EAME,2024-06-22,95,back_woods,0.02310743922542991,0
4B783433,EAME,2024-06-22,95,off_field,0.23083786765335845,NA
4B783433,EAME,2024-06-22,50,off_field,0.1754619042403534,NA
4B783433,EAME,2024-06-15,95,alfalfa,0.05015689278075484,0
4B783433,EAME,2024-06-15,95,blue_silo,0.10510296100485234,0.7571312395831572
4B783433,EAME,2024-06-15,50,blue_silo,0.15116749266834492,0.7571312395831572
4B783433,EAME,2024-06-15,95,bobolink,0.1946214964846803,1
4B783433,EAME,2024-06-15,50,bobolink,0.3697116197050761,1
4B783433,EAME,2024-06-15,95,pear_tree,0.0068449843211809,0
4B783433,EAME,2024-06-15,95,swale,0.07635871864138703,0.36336331814055534
4B783433,EAME,2024-06-15,50,swale,0.05270745023790412,0.36336331814055534
4B783433,EAME,2024-06-15,95,underhill,0.02998286137970466,0.2714240740186064
4B783433,EAME,2024-06-15,50,underhill,0.01545943915846973,0.2714240740186064
4B783433,EAME,2024-06-15,95,wheat,0.00684684697047586,0
4B783433,EAME,2024-06-15,95,retired,0.02717942926527473,0.7727015455707488
4B783433,EAME,2024-06-15,50,retired,0.03989554538817946,0.7727015455707488
4B783433,EAME,2024-06-15,95,front_hay,0.09617002760218243,0.7610864209291405
4B783433,EAME,2024-06-15,50,front_hay,0.1390420002285725,0.7610864209291405
4B783433,EAME,2024-06-15,95,entrance,0.04681216860405703,0.2848911331358322
4B783433,EAME,2024-06-15,50,entrance,0.0253343628157992,0.2848911331358322
4B783433,EAME,2024-06-15,95,clydesdale,0.0509958309735349,0.40701967402463346
4B783433,EAME,2024-06-15,50,clydesdale,0.0394295996774215,0.40701967402463346
4B783433,EAME,2024-06-15,95,pond,0.0782683665694475,0.29570447249655124
4B783433,EAME,2024-06-15,50,pond,0.04396594945109607,0.29570447249655124
4B783433,EAME,2024-06-15,95,back_woods,0.02978629485921028,0
4B783433,EAME,2024-06-15,95,piano,0.01257188608103956,0
4B783433,EAME,2024-06-15,95,off_field,0.18801856648439505,NA
4B783433,EAME,2024-06-15,50,off_field,0.12328654066913644,NA
4B783433,EAME,2024-06-13,95,blue_silo,0.29227195444533305,0.8585413523887964
4B783433,EAME,2024-06-13,50,blue_silo,0.4767382117570741,0.8585413523887964
4B783433,EAME,2024-06-13,95,bobolink,0.22075015586125807,0.6907388870946459
4B783433,EAME,2024-06-13,50,bobolink,0.2896986868351686,0.6907388870946459
4B783433,EAME,2024-06-13,95,swale,0.04902989643860438,0.34185779233061536
4B783433,EAME,2024-06-13,50,swale,0.03184476591482114,0.34185779233061536
4B783433,EAME,2024-06-13,95,underhill,0.00574920468852337,0
4B783433,EAME,2024-06-13,95,retired,0.03241379903917202,0.2161357998525389
4B783433,EAME,2024-06-13,50,retired,0.013310312256676,0.2161357998525389
4B783433,EAME,2024-06-13,95,front_hay,0.01828147503490164,0
4B783433,EAME,2024-06-13,95,entrance,0.00586512455765528,0
4B783433,EAME,2024-06-13,95,clydesdale,0.05983796796013051,0
4B783433,EAME,2024-06-13,95,pond,0.09166302075029543,0
4B783433,EAME,2024-06-13,95,off_field,0.2169198069917475,NA
4B783433,EAME,2024-06-13,50,off_field,0.1884080232362602,NA
4B783433,EAME,2024-06-11,95,alfalfa,0.04175047175025036,0
4B783433,EAME,2024-06-11,95,bobolink,0.02247898870936406,0
4B783433,EAME,2024-06-11,95,swale,0.2724372126547494,0.149670656835564
4B783433,EAME,2024-06-11,50,swale,0.07747372872369808,0.149670656835564
4B783433,EAME,2024-06-11,95,pond,0.45427723871999304,0.7867789635537993
4B783433,EAME,2024-06-11,50,pond,0.6790864774037911,0.7867789635537993
4B783433,EAME,2024-06-11,95,off_field,0.20445737186107632,NA
4B783433,EAME,2024-06-11,50,off_field,0.2434397938725108,NA
4B783433,EAME,2024-06-18,95,blue_silo,0.2001173478623632,0.6407023913988527
4B783433,EAME,2024-06-18,50,blue_silo,0.2435746221813817,0.6407023913988527
4B783433,EAME,2024-06-18,95,bobolink,0.5066339947413192,0.7345159364314556
4B783433,EAME,2024-06-18,50,bobolink,0.7069464275146579,0.7345159364314556
4B783433,EAME,2024-06-18,95,retired,0.03679660103242278,0.02540412100403699
4B783433,EAME,2024-06-18,95,front_hay,0.01294032817287865,0
4B783433,EAME,2024-06-18,95,clydesdale,0.07947587079270318,0
4B783433,EAME,2024-06-18,95,pond,0.02547790611569326,0
4B783433,EAME,2024-06-18,95,off_field,0.13665975636723335,NA
4B783433,EAME,2024-06-18,50,off_field,0.047703114406829,NA
4B783433,EAME,2024-06-14,95,blue_silo,0.2929661243999985,0.6818716387032531
4B783433,EAME,2024-06-14,50,blue_silo,0.3795119706027219,0.6818716387032531
4B783433,EAME,2024-06-14,95,bobolink,0.33353322690469434,0.6162173707417651
4B783433,EAME,2024-06-14,50,bobolink,0.3904617423532056,0.6162173707417651
4B783433,EAME,2024-06-14,95,pear_tree,0.01197405979040885,0
4B783433,EAME,2024-06-14,95,swale,0.02382510272868552,0
4B783433,EAME,2024-06-14,95,underhill,0.04933423739587622,0
4B783433,EAME,2024-06-14,95,retired,0.11195202441339965,0.7835252450568785
4B783433,EAME,2024-06-14,50,retired,0.16664427231581186,0.7835252450568785
4B783433,EAME,2024-06-14,95,front_hay,0.0215720387122298,0
4B783433,EAME,2024-06-14,95,clydesdale,0.0093074943278549,0
4B783433,EAME,2024-06-14,95,pond,0.01895606297501543,0
4B783433,EAME,2024-06-14,95,off_field,0.1265275700284009,NA
4B783433,EAME,2024-06-14,50,off_field,0.06338201472826055,NA
4B783433,EAME,2024-06-16,95,blue_silo,0.10708318907134472,0.0821854087007352
4B783433,EAME,2024-06-16,50,blue_silo,0.01671825861893586,0.0821854087007352
4B783433,EAME,2024-06-16,95,bobolink,0.26446999650632075,0.7109902377049813
4B783433,EAME,2024-06-16,50,bobolink,0.35720297768805437,0.7109902377049813
4B783433,EAME,2024-06-16,95,pear_tree,0.04434333554081343,0
4B783433,EAME,2024-06-16,95,underhill,0.2296265717845897,0.7391331572613807
4B783433,EAME,2024-06-16,50,underhill,0.3224184237715078,0.7391331572613807
4B783433,EAME,2024-06-16,95,retired,0.07676530233873362,0.6747531083888727
4B783433,EAME,2024-06-16,50,retired,0.09839768525332494,0.6747531083888727
4B783433,EAME,2024-06-16,95,front_hay,0.1287590620470886,0.5377188353474422
4B783433,EAME,2024-06-16,50,front_hay,0.13152492932838583,0.5377188353474422
4B783433,EAME,2024-06-16,95,clydesdale,0.0261937081810717,0
4B783433,EAME,2024-06-16,95,off_field,0.11132499661932736,NA
4B783433,EAME,2024-06-16,50,off_field,0.07373772533979119,NA
4C075278,BOBO,2025-06-12,95,blue_silo,0.03118131439237451,0
4C075278,BOBO,2025-06-12,95,bobolink,0.3382281713095439,0.833361939030457
4C075278,BOBO,2025-06-12,50,bobolink,0.5355134236278654,0.833361939030457
4C075278,BOBO,2025-06-12,95,swale,0.01705212703916106,0
4C075278,BOBO,2025-06-12,95,retired,0.00551626756580975,0
4C075278,BOBO,2025-06-12,95,front_hay,0.08690479697723848,0.14797876028892815
4C075278,BOBO,2025-06-12,50,front_hay,0.02443262090128207,0.14797876028892815
4C075278,BOBO,2025-06-12,95,entrance,0.00786281818950482,0
4C075278,BOBO,2025-06-12,95,clydesdale,0.2668434988192323,0.7822535083142826
4C075278,BOBO,2025-06-12,50,clydesdale,0.3965802375125441,0.7822535083142826
4C075278,BOBO,2025-06-12,95,pond,0.1055952837824809,0.00894458148095512
4C075278,BOBO,2025-06-12,95,off_field,0.14054836830985207,NA
4C075278,BOBO,2025-06-12,50,off_field,0.04167926751602759,NA
4C075278,BOBO,2025-06-10,95,blue_silo,0.01678580484358545,0
4C075278,BOBO,2025-06-10,95,bobolink,0.9065220353294244,0.5813868986670577
4C075278,BOBO,2025-06-10,50,bobolink,1.0000000138145757,0.5813868986670577
4C075278,BOBO,2025-06-10,95,retired,0.00516213576518345,0
4C075278,BOBO,2025-06-10,95,front_hay,0.01174268159534036,0
4C075278,BOBO,2025-06-10,95,off_field,0.05588574729637449,NA
4C075278,BOBO,2025-06-10,50,off_field,0,NA
4C075278,BOBO,2025-06-16,95,blue_silo,0.06820867915120564,0
4C075278,BOBO,2025-06-16,95,bobolink,0.8327319577499255,0.6323297296777316
4C075278,BOBO,2025-06-16,50,bobolink,1.0000000189615497,0.6323297296777316
4C075278,BOBO,2025-06-16,95,swale,0.0243067333796371,0
4C075278,BOBO,2025-06-16,95,pond,0.00861386869968166,0
4C075278,BOBO,2025-06-16,95,off_field,0.06613876101955016,NA
4C075278,BOBO,2025-06-16,50,off_field,0,NA
4C075278,BOBO,2025-06-11,95,blue_silo,0.03435635344225626,0
4C075278,BOBO,2025-06-11,95,bobolink,0.3666813419857508,0.7770124727945807
4C075278,BOBO,2025-06-11,50,bobolink,0.5412575506540627,0.7770124727945807
4C075278,BOBO,2025-06-11,95,swale,0.00817753135189027,0
4C075278,BOBO,2025-06-11,95,retired,0.0084935275650126,0
4C075278,BOBO,2025-06-11,95,front_hay,0.03627380859110824,0
4C075278,BOBO,2025-06-11,95,clydesdale,0.25374497518464567,0.7365203789034934
4C075278,BOBO,2025-06-11,50,clydesdale,0.355033541228119,0.7365203789034934
4C075278,BOBO,2025-06-11,95,pond,0.13460793572631033,0
4C075278,BOBO,2025-06-11,95,off_field,0.15421917258759368,NA
4C075278,BOBO,2025-06-11,50,off_field,0.10370890811781835,NA
4C075278,BOBO,2025-06-19,95,blue_silo,0.09775828344132044,0.00353596350500301
4C075278,BOBO,2025-06-19,95,bobolink,0.02596136854047257,0
4C075278,BOBO,2025-06-19,95,pear_tree,0.04079886749449591,0
4C075278,BOBO,2025-06-19,95,swale,0.6470518805377163,0.7357481014733794
4C075278,BOBO,2025-06-19,50,swale,0.903037830089346,0.7357481014733794
4C075278,BOBO,2025-06-19,95,wheat,0.03166980700461241,0
4C075278,BOBO,2025-06-19,95,retired,0.01100885645458318,0
4C075278,BOBO,2025-06-19,95,off_field,0.1453944269696693,NA
4C075278,BOBO,2025-06-19,50,off_field,0.09630647919934068,NA
4C075278,BOBO,2025-06-17,95,blue_silo,0.05324428960331907,0
4C075278,BOBO,2025-06-17,95,bobolink,0.45928464684290415,0.5514060572421061
4C075278,BOBO,2025-06-17,50,bobolink,0.4809795685770067,0.5514060572421061
4C075278,BOBO,2025-06-17,95,swale,0.0446088918550197,0
4C075278,BOBO,2025-06-17,95,pond,0.06354634320762122,0.28432714020035643
4C075278,BOBO,2025-06-17,50,pond,0.03431484558327832,0.28432714020035643
4C075278,BOBO,2025-06-17,95,off_field,0.3793158284911359,NA
4C075278,BOBO,2025-06-17,50,off_field,0.484705585839715,NA
4C075278,BOBO,2025-06-13,95,blue_silo,0.05082816154640749,0.01381196533616597
4C075278,BOBO,2025-06-13,95,bobolink,0.4826789739513124,0.8196302191108269
4C075278,BOBO,2025-06-13,50,bobolink,0.7516320372119495,0.8196302191108269
4C075278,BOBO,2025-06-13,95,swale,0.0117066432443071,0
4C075278,BOBO,2025-06-13,95,retired,0.02082958797766552,0.1740322493734319
4C075278,BOBO,2025-06-13,50,retired,0.00688714700327215,0.1740322493734319
4C075278,BOBO,2025-06-13,95,front_hay,0.02839926015849989,0.00451859779913323
4C075278,BOBO,2025-06-13,95,clydesdale,0.1406724472276138,0.5351717582800075
4C075278,BOBO,2025-06-13,50,clydesdale,0.14303132764533208,0.5351717582800075
4C075278,BOBO,2025-06-13,95,pond,0.10290151285421002,0.16010117898917056
4C075278,BOBO,2025-06-13,50,pond,0.03130006431168178,0.16010117898917056
4C075278,BOBO,2025-06-13,95,off_field,0.16157708783103386,NA
4C075278,BOBO,2025-06-13,50,off_field,0.06557182629681399,NA
4C075278,BOBO,2025-06-15,95,bobolink,0.9797654479216088,0.537547587899883
4C075278,BOBO,2025-06-15,50,bobolink,0.9999999660865484,0.537547587899883
4C075278,BOBO,2025-06-15,95,off_field,0.02023455207839105,NA
4C075278,BOBO,2025-06-15,50,off_field,3.3913451673242217e-8,NA
4C075278,BOBO,2025-06-14,95,blue_silo,0.03194080738975147,0.00400964941005844
4C075278,BOBO,2025-06-14,95,bobolink,0.6057439368583973,0.7089550430673939
4C075278,BOBO,2025-06-14,50,bobolink,0.8154053271382647,0.7089550430673939
4C075278,BOBO,2025-06-14,95,retired,0.01650174071246863,0.02708924502642413
4C075278,BOBO,2025-06-14,95,front_hay,0.01589375273336194,0
4C075278,BOBO,2025-06-14,95,clydesdale,0.16506418255689873,0.4036696616328565
4C075278,BOBO,2025-06-14,50,clydesdale,0.12651578909015213,0.4036696616328565
4C075278,BOBO,2025-06-14,95,pond,0.03036479121022881,0
4C075278,BOBO,2025-06-14,95,off_field,0.12654017621236657,NA
4C075278,BOBO,2025-06-14,50,off_field,0.05698693453999756,NA
4C075278,BOBO,2025-06-18,95,blue_silo,0.04300339759709618,0
4C075278,BOBO,2025-06-18,95,bobolink,0.32220919909135565,0.3193071596090971
4C075278,BOBO,2025-06-18,50,bobolink,0.19516749769011096,0.3193071596090971
4C075278,BOBO,2025-06-18,95,swale,0.5217422439780666,0.795176414931564
4C075278,BOBO,2025-06-18,50,swale,0.7870102598044423,0.795176414931564
4C075278,BOBO,2025-06-18,95,off_field,0.11304515933348164,NA
4C075278,BOBO,2025-06-18,50,off_field,0.01782224250544671,NA
4C2A614C,EAME,2024-05-16,95,alfalfa,0.04320133015325263,0
4C2A614C,EAME,2024-05-16,95,blue_silo,0.08928103796039459,0.11370730941451776
4C2A614C,EAME,2024-05-16,50,blue_silo,0.01928401864297544,0.11370730941451776
4C2A614C,EAME,2024-05-16,95,swale,0.18596879084822832,0.4302636312951962
4C2A614C,EAME,2024-05-16,50,swale,0.151993366531059,0.4302636312951962
4C2A614C,EAME,2024-05-16,95,quarter,0.02507127990453733,0
4C2A614C,EAME,2024-05-16,95,pond,0.00580960761631154,0
4C2A614C,EAME,2024-05-16,95,cat_barn,0.00578602607324189,0.0148796602234118
4C2A614C,EAME,2024-05-16,95,cattle,0.09210391377387572,0.7612459961434817
4C2A614C,EAME,2024-05-16,50,cattle,0.1331843008822614,0.7612459961434817
4C2A614C,EAME,2024-05-16,95,wish_well,0.2164005029110344,0.7086491368057846
4C2A614C,EAME,2024-05-16,50,wish_well,0.2912993107327052,0.7086491368057846
4C2A614C,EAME,2024-05-16,95,off_field,0.32882698542491573,NA
4C2A614C,EAME,2024-05-16,50,off_field,0.4040754634610432,NA
4C2A614C,EAME,2024-05-19,95,alfalfa,0.8097661593892531,0.6210114313502754
4C2A614C,EAME,2024-05-19,50,alfalfa,0.9553133818796334,0.6210114313502754
4C2A614C,EAME,2024-05-19,95,swale,0.19203429821656268,0.1256262485726911
4C2A614C,EAME,2024-05-19,50,swale,0.04582957576993388,0.1256262485726911
4C2A614C,EAME,2024-05-19,95,off_field,0,NA
4C2A614C,EAME,2024-05-19,50,off_field,0,NA
522A4B07,EAME,2024-07-01,95,blue_silo,0.11059424736514442,0.3021769675266542
522A4B07,EAME,2024-07-01,50,blue_silo,0.0634110010884775,0.3021769675266542
522A4B07,EAME,2024-07-01,95,bobolink,0.7850261982688161,0.6026829785358928
522A4B07,EAME,2024-07-01,50,bobolink,0.8977259722371822,0.6026829785358928
522A4B07,EAME,2024-07-01,95,retired,0.02513466917998934,0.13167868833790458
522A4B07,EAME,2024-07-01,50,retired,0.00627999617034346,0.13167868833790458
522A4B07,EAME,2024-07-01,95,off_field,0.07321101692045635,NA
522A4B07,EAME,2024-07-01,50,off_field,0.03258303050399682,NA
522A4B07,EAME,2024-06-30,95,blue_silo,0.13251404939911096,0.172550964346259
522A4B07,EAME,2024-06-30,50,blue_silo,0.04342713084902901,0.172550964346259
522A4B07,EAME,2024-06-30,95,bobolink,0.36747733662446946,0.4349757966833208
522A4B07,EAME,2024-06-30,50,bobolink,0.30358301743914695,0.4349757966833208
522A4B07,EAME,2024-06-30,95,underhill,0.02365647437466394,0
522A4B07,EAME,2024-06-30,95,retired,0.39040237076236967,0.8359444218407658
522A4B07,EAME,2024-06-30,50,retired,0.6198286855489453,0.8359444218407658
522A4B07,EAME,2024-06-30,95,front_hay,0.01410948473801226,0
522A4B07,EAME,2024-06-30,95,off_field,0.07184028410137372,NA
522A4B07,EAME,2024-06-30,50,off_field,0.03316116616287868,NA
52525534,EAME,2023-06-13,95,entrance,0.10151035356054149,0
52525534,EAME,2023-06-13,95,clydesdale,0.8839060659451253,0.5957046074135064
52525534,EAME,2023-06-13,50,clydesdale,0.9999999941626568,0.5957046074135064
52525534,EAME,2023-06-13,95,off_field,0.01458358049433319,NA
52525534,EAME,2023-06-13,50,off_field,5.837343260738374e-9,NA
52525534,EAME,2023-07-03,95,bobolink,0.20798705499803705,0.5237096107353819
52525534,EAME,2023-07-03,50,bobolink,0.2067582116509304,0.5237096107353819
52525534,EAME,2023-07-03,95,front_hay,0.01854531869394368,0.03127535610871351
52525534,EAME,2023-07-03,95,entrance,0.13238057009842558,0.3291586679259742
52525534,EAME,2023-07-03,50,entrance,0.08271141694546921,0.3291586679259742
52525534,EAME,2023-07-03,95,clydesdale,0.5215472899704371,0.6087290908475683
52525534,EAME,2023-07-03,50,clydesdale,0.6026340517327207,0.6087290908475683
52525534,EAME,2023-07-03,95,pond,0.00674361283559756,0
52525534,EAME,2023-07-03,95,off_field,0.112796153403559,NA
52525534,EAME,2023-07-03,50,off_field,0.10679535728413576,NA
52525534,EAME,2023-07-05,95,blue_silo,0.02284954937063374,0
52525534,EAME,2023-07-05,95,bobolink,0.8362474796228405,0.6298983655476006
52525534,EAME,2023-07-05,50,bobolink,0.9999999727607628,0.6298983655476006
52525534,EAME,2023-07-05,95,clydesdale,0.07388422658711662,0
52525534,EAME,2023-07-05,95,off_field,0.0652781813755124,NA
52525534,EAME,2023-07-05,50,off_field,2.723923734578454e-8,NA
52525534,EAME,2023-06-24,95,blue_silo,0.04524655567198524,0
52525534,EAME,2023-06-24,95,bobolink,0.5014394604583956,0.6731501850848614
52525534,EAME,2023-06-24,50,bobolink,0.6402444384011056,0.6731501850848614
52525534,EAME,2023-06-24,95,swale,0.01137015711316648,0
52525534,EAME,2023-06-24,95,front_hay,0.01217646192701279,0
52525534,EAME,2023-06-24,95,entrance,0.01162267532233108,0
52525534,EAME,2023-06-24,95,clydesdale,0.0498089677572022,0
52525534,EAME,2023-06-24,95,pond,0.04630613160823512,0
52525534,EAME,2023-06-24,95,off_field,0.32187770678837213,NA
52525534,EAME,2023-06-24,50,off_field,0.3597555615988945,NA
52525534,EAME,2023-07-09,95,blue_silo,0.05050279536788514,0.1744314479843004
52525534,EAME,2023-07-09,50,blue_silo,0.01672365613153629,0.1744314479843004
52525534,EAME,2023-07-09,95,bobolink,0.8419430562485132,0.6035506320747008
52525534,EAME,2023-07-09,50,bobolink,0.9646892843030604,0.6035506320747008
52525534,EAME,2023-07-09,95,front_hay,0.01520057088465303,0
52525534,EAME,2023-07-09,95,clydesdale,0.00897891557029561,0
52525534,EAME,2023-07-09,95,off_field,0.07648192410302027,NA
52525534,EAME,2023-07-09,50,off_field,0.01858705956540331,NA
52525534,EAME,2023-06-16,95,bobolink,0.00720722262868776,0
52525534,EAME,2023-06-16,95,swale,0.00619297283242953,0
52525534,EAME,2023-06-16,95,front_hay,0.05361734011906257,0
52525534,EAME,2023-06-16,95,entrance,0.47319743730662545,0.5918189011355932
52525534,EAME,2023-06-16,50,entrance,0.5317636241804358,0.5918189011355932
52525534,EAME,2023-06-16,95,clydesdale,0.098969648074108435,0.48114219445289746
52525534,EAME,2023-06-16,50,clydesdale,0.09041966237446623,0.48114219445289746
52525534,EAME,2023-06-16,95,off_field,0.3560579053305584,NA
52525534,EAME,2023-06-16,50,off_field,0.3778167134450981,NA
52525534,EAME,2023-06-20,95,bobolink,0.00956963201827398,0
52525534,EAME,2023-06-20,95,front_hay,0.04744830971308434,0
52525534,EAME,2023-06-20,95,entrance,0.26248120745775244,0.5886243449408708
52525534,EAME,2023-06-20,50,entrance,0.29336413715696336,0.5886243449408708
52525534,EAME,2023-06-20,95,clydesdale,0.31058740172024557,0.8527301388050261
52525534,EAME,2023-06-20,50,clydesdale,0.5028819349845334,0.8527301388050261
52525534,EAME,2023-06-20,95,pond,0.04100219806103941,0
52525534,EAME,2023-06-20,95,off_field,0.3217172724677103,NA
52525534,EAME,2023-06-20,50,off_field,0.20375392785850324,NA
52525534,EAME,2023-07-08,95,blue_silo,0.00937624994635817,0
52525534,EAME,2023-07-08,95,bobolink,0.7485047543706588,0.6138647094220844
52525534,EAME,2023-07-08,50,bobolink,0.8725174392188103,0.6138647094220844
52525534,EAME,2023-07-08,95,underhill,0.00657681307203688,0
52525534,EAME,2023-07-08,95,retired,0.00876555529610749,0
52525534,EAME,2023-07-08,95,front_hay,0.05517359823403071,0.3038567731115656
52525534,EAME,2023-07-08,50,front_hay,0.03183516575720812,0.3038567731115656
52525534,EAME,2023-07-08,95,clydesdale,0.04234007195978864,0.05332815431418496
52525534,EAME,2023-07-08,95,off_field,0.12926295712101932,NA
52525534,EAME,2023-07-08,50,off_field,0.0913597874366798,NA
52525534,EAME,2023-06-14,95,entrance,0.37845941504257075,0.390507934043589
52525534,EAME,2023-06-14,50,entrance,0.2806911792591398,0.390507934043589
52525534,EAME,2023-06-14,95,clydesdale,0.2919007033374251,0.45597114979986886
52525534,EAME,2023-06-14,50,clydesdale,0.25278546324047435,0.45597114979986886
52525534,EAME,2023-06-14,95,off_field,0.32956029564924993,NA
52525534,EAME,2023-06-14,50,off_field,0.4665233575003858,NA
52525534,EAME,2023-06-18,95,blue_silo,0.00881122484086181,0
52525534,EAME,2023-06-18,95,bobolink,0.00603610472829554,0
52525534,EAME,2023-06-18,95,pear_tree,0.03115087043126152,0
52525534,EAME,2023-06-18,95,underhill,0.11257646142436088,0.213559786511719
52525534,EAME,2023-06-18,50,underhill,0.04567384956192418,0.213559786511719
52525534,EAME,2023-06-18,95,retired,0.00741529913600507,0
52525534,EAME,2023-06-18,95,front_hay,0.28239071473542604,0.8085416114895084
52525534,EAME,2023-06-18,50,front_hay,0.4337638289560471,0.8085416114895084
52525534,EAME,2023-06-18,95,entrance,0.25805711819707466,0.7795897000646523
52525534,EAME,2023-06-18,50,entrance,0.38219278234057746,0.7795897000646523
52525534,EAME,2023-06-18,95,clydesdale,0.07336403005877781,0.4448398136209766
52525534,EAME,2023-06-18,50,clydesdale,0.06199938417868881,0.4448398136209766
52525534,EAME,2023-06-18,95,off_field,0.22008567826445768,NA
52525534,EAME,2023-06-18,50,off_field,0.07637015496276243,NA
52525534,EAME,2023-06-26,95,bobolink,0.03618326008603064,0
52525534,EAME,2023-06-26,95,entrance,0.11449843165560186,0
52525534,EAME,2023-06-26,95,clydesdale,0.750453746738612,0.701736264432107
52525534,EAME,2023-06-26,50,clydesdale,0.9999999765136196,0.701736264432107
52525534,EAME,2023-06-26,95,pond,0.01454585282658938,0
52525534,EAME,2023-06-26,95,off_field,0.08431870869316617,NA
52525534,EAME,2023-06-26,50,off_field,2.3486380431838964e-8,NA
52525534,EAME,2023-06-25,95,bobolink,0.1218098753819337,0.09790409937982558
52525534,EAME,2023-06-25,50,bobolink,0.02263929944866924,0.09790409937982558
52525534,EAME,2023-06-25,95,front_hay,0.01495354983390443,0
52525534,EAME,2023-06-25,95,entrance,0.03734099710350806,0
52525534,EAME,2023-06-25,95,clydesdale,0.627727734776069,0.8117628608159312
52525534,EAME,2023-06-25,50,clydesdale,0.9673421320799944,0.8117628608159312
52525534,EAME,2023-06-25,95,pond,0.03817760753573161,0
52525534,EAME,2023-06-25,95,off_field,0.15479273445743827,NA
52525534,EAME,2023-06-25,50,off_field,0.01001856847133627,NA
52525534,EAME,2023-06-28,95,bobolink,0.9157138105778316,0.5769034012066371
52525534,EAME,2023-06-28,50,bobolink,1.0000000202689925,0.5769034012066371
52525534,EAME,2023-06-28,95,front_hay,0.00754872369074909,0
52525534,EAME,2023-06-28,95,entrance,0.0207060205696952,0
52525534,EAME,2023-06-28,95,clydesdale,0.03154489762022254,0
52525534,EAME,2023-06-28,95,off_field,0.02448654754150165,NA
52525534,EAME,2023-06-28,50,off_field,0,NA
52525534,EAME,2023-06-29,95,bobolink,0.3032182574425182,0.4982380660784547
52525534,EAME,2023-06-29,50,bobolink,0.2866149464699878,0.4982380660784547
52525534,EAME,2023-06-29,95,entrance,0.05511297618093112,0
52525534,EAME,2023-06-29,95,clydesdale,0.5350050728952933,0.697962561111459
52525534,EAME,2023-06-29,50,clydesdale,0.7084294537744509,0.697962561111459
52525534,EAME,2023-06-29,95,pond,0.01323040019512212,0
52525534,EAME,2023-06-29,95,off_field,0.0933588374332206,NA
52525534,EAME,2023-06-29,50,off_field,0.00495559975556125,NA
52525534,EAME,2023-07-01,95,blue_silo,0.00554461192191113,0
52525534,EAME,2023-07-01,95,bobolink,0.6792547192394798,0.7554080414863675
52525534,EAME,2023-07-01,50,bobolink,0.9730937353802044,0.7554080414863675
52525534,EAME,2023-07-01,95,entrance,0.00874841286994116,0
52525534,EAME,2023-07-01,95,clydesdale,0.18531679821924665,0
52525534,EAME,2023-07-01,95,off_field,0.11770535137885692,NA
52525534,EAME,2023-07-01,50,off_field,0.02690626461979577,NA
52525534,EAME,2023-07-02,95,blue_silo,0.01538746167840647,0
52525534,EAME,2023-07-02,95,bobolink,0.33694539607782126,0.6871299036048389
52525534,EAME,2023-07-02,50,bobolink,0.43952790482104925,0.6871299036048389
52525534,EAME,2023-07-02,95,swale,0.0081190939324771,0
52525534,EAME,2023-07-02,95,front_hay,0.01632014456508689,0.05233938072682802
52525534,EAME,2023-07-02,95,entrance,0.08284859755240526,0.03002840761794607
52525534,EAME,2023-07-02,95,clydesdale,0.3158072907974156,0.6909319638077231
52525534,EAME,2023-07-02,50,clydesdale,0.41423378135518535,0.6909319638077231
52525534,EAME,2023-07-02,95,pond,0.03269625055020804,0
52525534,EAME,2023-07-02,95,off_field,0.19096103004861265,NA
52525534,EAME,2023-07-02,50,off_field,0.1398938602185497,NA
52525534,EAME,2023-07-06,95,bobolink,0.995530870582572,0.5358124181961013
52525534,EAME,2023-07-06,50,bobolink,1.0000000183412598,0.5358124181961013
52525534,EAME,2023-07-06,95,off_field,0.00446912941742789,NA
52525534,EAME,2023-07-06,50,off_field,0,NA
52525534,EAME,2023-06-19,95,blue_silo,0.01441330667982376,0
52525534,EAME,2023-06-19,95,bobolink,0.05395430279607998,0.03339070417871204
52525534,EAME,2023-06-19,95,swale,0.01249333281078059,0
52525534,EAME,2023-06-19,95,underhill,0.05020924483752206,0.16895074433337132
52525534,EAME,2023-06-19,50,underhill,0.01610992760122578,0.16895074433337132
52525534,EAME,2023-06-19,95,front_hay,0.16108472892167475,0.7393654463928426
52525534,EAME,2023-06-19,50,front_hay,0.226184745004882,0.7393654463928426
52525534,EAME,2023-06-19,95,entrance,0.2070175962089867,0.8766659435274509
52525534,EAME,2023-06-19,50,entrance,0.344660240495359,0.8766659435274509
52525534,EAME,2023-06-19,95,clydesdale,0.11183401299823076,0.8554655648814593
52525534,EAME,2023-06-19,50,clydesdale,0.18168799463782367,0.8554655648814593
52525534,EAME,2023-06-19,95,pond,0.09161781797588378,0.2752876678015162
52525534,EAME,2023-06-19,50,pond,0.04789790192512435,0.2752876678015162
52525534,EAME,2023-06-19,95,back_woods,0.00756962074532733,0
52525534,EAME,2023-06-19,95,off_field,0.2859286207430682,NA
52525534,EAME,2023-06-19,50,off_field,0.18003780923024,NA
52525534,EAME,2023-06-15,95,entrance,0.44746867249377154,0.5854941728380492
52525534,EAME,2023-06-15,50,entrance,0.4973868678773806,0.5854941728380492
52525534,EAME,2023-06-15,95,clydesdale,0.34493982028890463,0.6403432149108186
52525534,EAME,2023-06-15,50,clydesdale,0.4193389920554939,0.6403432149108186
52525534,EAME,2023-06-15,95,off_field,0.20714181074432159,NA
52525534,EAME,2023-06-15,50,off_field,0.08327414006712545,NA
52525534,EAME,2023-06-22,95,bobolink,0.23596374939149223,0.4071437761484259
52525534,EAME,2023-06-22,50,bobolink,0.18246073845892163,0.4071437761484259
52525534,EAME,2023-06-22,95,front_hay,0.00609676045335523,0
52525534,EAME,2023-06-22,95,entrance,0.04147564685253475,0
52525534,EAME,2023-06-22,95,clydesdale,0.6384094424523772,0.6036799705234778
52525534,EAME,2023-06-22,50,clydesdale,0.7319516735226099,0.6036799705234778
52525534,EAME,2023-06-22,95,off_field,0.07805440085024062,NA
52525534,EAME,2023-06-22,50,off_field,0.0855875880184685,NA
52525534,EAME,2023-06-21,95,entrance,0.4466566350618578,0.5951112956675274
52525534,EAME,2023-06-21,50,entrance,0.5049348099344444,0.5951112956675274
52525534,EAME,2023-06-21,95,clydesdale,0.3645031199823835,0.6519013377078369
52525534,EAME,2023-06-21,50,clydesdale,0.45138430125520507,0.6519013377078369
52525534,EAME,2023-06-21,95,off_field,0.1879380340920188,NA
52525534,EAME,2023-06-21,50,off_field,0.04368088881035058,NA
52525534,EAME,2023-06-23,95,bobolink,0.05674882291493269,0
52525534,EAME,2023-06-23,95,front_hay,0.01142941740859941,0
52525534,EAME,2023-06-23,95,entrance,0.08910531490534734,0.01746354956297214
52525534,EAME,2023-06-23,95,clydesdale,0.6978586762236425,0.7482108547851669
52525534,EAME,2023-06-23,50,clydesdale,0.9913958648587718,0.7482108547851669
52525534,EAME,2023-06-23,95,pond,0.05011671453878107,0
52525534,EAME,2023-06-23,95,off_field,0.09277326457104826,NA
52525534,EAME,2023-06-23,50,off_field,0.00564958240078094,NA
52525534,EAME,2023-06-27,95,blue_silo,0.01693976917841735,0
52525534,EAME,2023-06-27,95,bobolink,0.2312592012884584,0.8250712312512265
52525534,EAME,2023-06-27,50,bobolink,0.36245670434618665,0.8250712312512265
52525534,EAME,2023-06-27,95,underhill,0.09319939931390252,0.32536362142710534
52525534,EAME,2023-06-27,50,underhill,0.05760335491179721,0.32536362142710534
52525534,EAME,2023-06-27,95,retired,0.01050863493880645,0
52525534,EAME,2023-06-27,95,front_hay,0.22272698165515453,0.7153400412574792
52525534,EAME,2023-06-27,50,front_hay,0.3026572200340314,0.7153400412574792
52525534,EAME,2023-06-27,95,entrance,0.15374320546523856,0.4563902750143932
52525534,EAME,2023-06-27,50,entrance,0.13329012797555478,0.4563902750143932
52525534,EAME,2023-06-27,95,clydesdale,0.12857294307645376,0.4260654395218987
52525534,EAME,2023-06-27,50,clydesdale,0.10406185526011738,0.4260654395218987
52525534,EAME,2023-06-27,95,off_field,0.14088265664012306,NA
52525534,EAME,2023-06-27,50,off_field,0.03993073747231263,NA
52525534,EAME,2023-07-04,95,bobolink,0.7725101263882932,0.6473249512165994
52525534,EAME,2023-07-04,50,bobolink,0.9500380841523312,0.6473249512165994
52525534,EAME,2023-07-04,95,front_hay,0.00734750566029501,0
52525534,EAME,2023-07-04,95,entrance,0.02970694598430832,0
52525534,EAME,2023-07-04,95,clydesdale,0.1049722311131441,0.17680683662538246
52525534,EAME,2023-07-04,50,clydesdale,0.03526045959784167,0.17680683662538246
52525534,EAME,2023-07-04,95,off_field,0.0804875003065981,NA
52525534,EAME,2023-07-04,50,off_field,0.01470145624982714,NA
52525534,EAME,2023-06-30,95,bobolink,0.2518324098975828,0.31313126292445237
52525534,EAME,2023-06-30,50,bobolink,0.14973777709848993,0.31313126292445237
52525534,EAME,2023-06-30,95,swale,0.00836152395939126,0
52525534,EAME,2023-06-30,95,entrance,0.1176012326536053,0.4119803407390292
52525534,EAME,2023-06-30,50,entrance,0.09199870134680176,0.4119803407390292
52525534,EAME,2023-06-30,95,clydesdale,0.32872590028930665,0.7480662394370998
52525534,EAME,2023-06-30,50,clydesdale,0.46694669869052496,0.7480662394370998
52525534,EAME,2023-06-30,95,pond,0.04336238947900364,0.02720578925958114
52525534,EAME,2023-06-30,95,off_field,0.24161237152667947,NA
52525534,EAME,2023-06-30,50,off_field,0.28907672049121275,NA
52525534,EAME,2023-07-10,95,blue_silo,0.01679848205513573,0
52525534,EAME,2023-07-10,95,bobolink,0.7028645639826742,0.6727082544347557
52525534,EAME,2023-07-10,50,bobolink,0.8982811831504238,0.6727082544347557
52525534,EAME,2023-07-10,95,front_hay,0.12149104233859456,0.3690378681502971
52525534,EAME,2023-07-10,50,front_hay,0.0851783235752507,0.3690378681502971
52525534,EAME,2023-07-10,95,clydesdale,0.01604619194681356,0
52525534,EAME,2023-07-10,95,off_field,0.13562433945655394,NA
52525534,EAME,2023-07-10,50,off_field,0.01654049327432548,NA
52525534,EAME,2023-07-07,95,bobolink,0.44529418262555825,0.773542922253717
52525534,EAME,2023-07-07,50,bobolink,0.6539223773250831,0.773542922253717
52525534,EAME,2023-07-07,95,front_hay,0.1911320280172428,0.3049022652293516
52525534,EAME,2023-07-07,50,front_hay,0.1106340675336366,0.3049022652293516
52525534,EAME,2023-07-07,95,entrance,0.035365399892793,0.00628286643122829
52525534,EAME,2023-07-07,95,clydesdale,0.2362769432099189,0.4467830934854187
52525534,EAME,2023-07-07,50,clydesdale,0.20040697623445483,0.4467830934854187
52525534,EAME,2023-07-07,95,pond,0.00505436329394894,0
52525534,EAME,2023-07-07,95,off_field,0.08648601858915958,NA
52525534,EAME,2023-07-07,50,off_field,0.03461475502764385,NA
52525534,EAME,2023-06-17,95,blue_silo,0.00597865747408363,0
52525534,EAME,2023-06-17,95,pear_tree,0.07899200262402031,0.02410410458232689
52525534,EAME,2023-06-17,95,underhill,0.11518890868998176,0.18165039128361793
52525534,EAME,2023-06-17,50,underhill,0.03974538758389622,0.18165039128361793
52525534,EAME,2023-06-17,95,retired,0.00867685130468027,0
52525534,EAME,2023-06-17,95,front_hay,0.24903640138371988,0.7431124222177795
52525534,EAME,2023-06-17,50,front_hay,0.3515257053374585,0.7431124222177795
52525534,EAME,2023-06-17,95,entrance,0.3331584307668667,0.844256447125877
52525534,EAME,2023-06-17,50,entrance,0.5342750930234924,0.844256447125877
52525534,EAME,2023-06-17,95,clydesdale,0.03854909677267761,0.3611055190799396
52525534,EAME,2023-06-17,50,clydesdale,0.02644162050713234,0.3611055190799396
52525534,EAME,2023-06-17,95,off_field,0.16529981856277148,NA
52525534,EAME,2023-06-17,50,off_field,0.0443954820880728,NA
52553334,EAME,2025-06-17,95,blue_silo,0.00885717965787168,0
52553334,EAME,2025-06-17,95,bobolink,0.39425445032464934,0.7529599216369731
52553334,EAME,2025-06-17,50,bobolink,0.5633225284709877,0.7529599216369731
52553334,EAME,2025-06-17,95,front_hay,0.03728179572938481,0
52553334,EAME,2025-06-17,95,entrance,0.02660754810429195,0
52553334,EAME,2025-06-17,95,clydesdale,0.18748168812070767,0.5626148794796005
52553334,EAME,2025-06-17,50,clydesdale,0.2001606600270513,0.5626148794796005
52553334,EAME,2025-06-17,95,pond,0.1008743408309804,0
52553334,EAME,2025-06-17,95,off_field,0.24225495727003343,NA
52553334,EAME,2025-06-17,50,off_field,0.23651681150196097,NA
52553334,EAME,2025-07-19,95,blue_silo,0.21716381959479325,0.5539392907137536
52553334,EAME,2025-07-19,50,blue_silo,0.22852321991613853,0.5539392907137536
52553334,EAME,2025-07-19,95,frog,0.00817810108154946,0
52553334,EAME,2025-07-19,95,pear_tree,0.21307406848563315,0.6970817162722915
52553334,EAME,2025-07-19,50,pear_tree,0.2821596985727944,0.6970817162722915
52553334,EAME,2025-07-19,95,swale,0.05341768262984455,0.00110804526036345
52553334,EAME,2025-07-19,95,underhill,0.09148363271761326,0.49623985993363706
52553334,EAME,2025-07-19,50,underhill,0.08624138841141016,0.49623985993363706
52553334,EAME,2025-07-19,95,wheat,0.19621986925063747,0.583687238088812
52553334,EAME,2025-07-19,50,wheat,0.21757243502438764,0.583687238088812
52553334,EAME,2025-07-19,95,quarter,0.02566137639830498,0
52553334,EAME,2025-07-19,95,retired,0.05988112745664611,0.7218452089789457
52553334,EAME,2025-07-19,50,retired,0.08211353321186397,0.7218452089789457
52553334,EAME,2025-07-19,95,front_hay,0.00643045577971869,0
52553334,EAME,2025-07-19,95,off_field,0.11851589121520709,NA
52553334,EAME,2025-07-19,50,off_field,0.10327728424219336,NA
52553334,EAME,2025-06-10,95,blue_silo,0.03212501238982501,0
52553334,EAME,2025-06-10,95,bobolink,0.2462775425912762,0.7719303907993135
52553334,EAME,2025-06-10,50,bobolink,0.3609601378698337,0.7719303907993135
52553334,EAME,2025-06-10,95,swale,0.03585542180961502,0
52553334,EAME,2025-06-10,95,front_hay,0.01488064186105424,0
52553334,EAME,2025-06-10,95,entrance,0.00778090530155691,0
52553334,EAME,2025-06-10,95,clydesdale,0.15396846662253627,0.7121331900962121
52553334,EAME,2025-06-10,50,clydesdale,0.20818493770623508,0.7121331900962121
52553334,EAME,2025-06-10,95,pond,0.17529529630787358,0.23036189952813663
52553334,EAME,2025-06-10,50,pond,0.07667207323139089,0.23036189952813663
52553334,EAME,2025-06-10,95,back_woods,0.01055783748430647,0
52553334,EAME,2025-06-10,95,off_field,0.3189141031447255,NA
52553334,EAME,2025-06-10,50,off_field,0.3541828511925403,NA
52553334,EAME,2025-06-20,95,blue_silo,0.01367871369850561,0
52553334,EAME,2025-06-20,95,bobolink,0.3017693990751191,0.7632358213350275
52553334,EAME,2025-06-20,50,bobolink,0.437557415815065,0.7632358213350275
52553334,EAME,2025-06-20,95,swale,0.014620397289693,0
52553334,EAME,2025-06-20,95,retired,0.00508128551900464,0
52553334,EAME,2025-06-20,95,front_hay,0.03860643626949022,0
52553334,EAME,2025-06-20,95,entrance,0.00688770286445789,0
52553334,EAME,2025-06-20,95,clydesdale,0.12655281044549224,0.5151947222622766
52553334,EAME,2025-06-20,50,clydesdale,0.12386377310702854,0.5151947222622766
52553334,EAME,2025-06-20,95,pond,0.18961054707757383,0.2977943006047806
52553334,EAME,2025-06-20,50,pond,0.10727041937919651,0.2977943006047806
52553334,EAME,2025-06-20,95,back_woods,0.00979540431556412,0
52553334,EAME,2025-06-20,95,off_field,0.28940360380962726,NA
52553334,EAME,2025-06-20,50,off_field,0.33130839169870996,NA
52553334,EAME,2025-07-09,95,blue_silo,0.05204314893217163,0
52553334,EAME,2025-07-09,95,pear_tree,0.5599468500461694,0.7244413327220632
52553334,EAME,2025-07-09,50,pear_tree,0.7695680730817778,0.7244413327220632
52553334,EAME,2025-07-09,95,underhill,0.1100584890128663,0.3476675787593361
52553334,EAME,2025-07-09,50,underhill,0.07259133014006239,0.3476675787593361
52553334,EAME,2025-07-09,95,wheat,0.04693392158461891,0
52553334,EAME,2025-07-09,95,retired,0.08898923199156036,0.3299684435434826
52553334,EAME,2025-07-09,50,retired,0.05570662944346944,0.3299684435434826
52553334,EAME,2025-07-09,95,donkey,0.00691781074694355,0
52553334,EAME,2025-07-09,95,off_field,0.13511054768566985,NA
52553334,EAME,2025-07-09,50,off_field,0.10213396733469036,NA
52553334,EAME,2025-06-04,95,alfalfa,0.02458683516922105,0
52553334,EAME,2025-06-04,95,blue_silo,0.03734532336050839,0
52553334,EAME,2025-06-04,95,bobolink,0.06072723391660083,0.8186481881904415
52553334,EAME,2025-06-04,50,bobolink,0.09445490133068116,0.8186481881904415
52553334,EAME,2025-06-04,95,swale,0.05587329472092796,0.04870769824404757
52553334,EAME,2025-06-04,50,swale,0.00517065524735282,0.04870769824404757
52553334,EAME,2025-06-04,95,underhill,0.02619118178470709,0.20292883948870624
52553334,EAME,2025-06-04,50,underhill,0.01009816727683104,0.20292883948870624
52553334,EAME,2025-06-04,95,quarter,0.00634075300382574,0
52553334,EAME,2025-06-04,95,retired,0.00776818244618188,0.13964048626230366
52553334,EAME,2025-06-04,95,front_hay,0.06587839802475857,0.7903389884023745
52553334,EAME,2025-06-04,50,front_hay,0.09892364961187482,0.7903389884023745
52553334,EAME,2025-06-04,95,entrance,0.05352578120657454,0.6905367717293345
52553334,EAME,2025-06-04,50,entrance,0.07022528632119453,0.6905367717293345
52553334,EAME,2025-06-04,95,clydesdale,0.0638362367787727,0.9999265412125968
52553334,EAME,2025-06-04,50,clydesdale,0.12127717357111056,0.9999265412125968
52553334,EAME,2025-06-04,95,pond,0.06391519233857187,0.47531563342681393
52553334,EAME,2025-06-04,50,pond,0.05772047453047037,0.47531563342681393
52553334,EAME,2025-06-04,95,back_woods,0.05394380053564382,0.499935544056835
52553334,EAME,2025-06-04,50,back_woods,0.05123883535054503,0.499935544056835
52553334,EAME,2025-06-04,95,cat_barn,0.00894131406158543,0
52553334,EAME,2025-06-04,95,off_field,0.4616095873163292,NA
52553334,EAME,2025-06-04,50,off_field,0.4888298735042186,NA
52553334,EAME,2025-06-09,95,bobolink,0.18865075676432672,0.46429559768352985
52553334,EAME,2025-06-09,50,bobolink,0.1664075849786437,0.46429559768352985
52553334,EAME,2025-06-09,95,swale,0.00777444724419458,0
52553334,EAME,2025-06-09,95,front_hay,0.0143413995644165,0
52553334,EAME,2025-06-09,95,clydesdale,0.0930757430323725,0.2434094395900702
52553334,EAME,2025-06-09,50,clydesdale,0.0430421472313652,0.2434094395900702
52553334,EAME,2025-06-09,95,pond,0.3264100922613936,0.641782607576044
52553334,EAME,2025-06-09,50,pond,0.3979894153413553,0.641782607576044
52553334,EAME,2025-06-09,95,back_woods,0.00915023394357312,0
52553334,EAME,2025-06-09,95,off_field,0.3581014698998945,NA
52553334,EAME,2025-06-09,50,off_field,0.3925608524486358,NA
52553334,EAME,2025-07-01,95,blue_silo,0.25392758693270184,0.5545010812463811
52553334,EAME,2025-07-01,50,blue_silo,0.2663893299265278,0.5545010812463811
52553334,EAME,2025-07-01,95,bobolink,0.5697975486954733,0.5915312460522931
52553334,EAME,2025-07-01,50,bobolink,0.6376800189814863,0.5915312460522931
52553334,EAME,2025-07-01,95,horse,0.01605720963355539,0
52553334,EAME,2025-07-01,95,wheat,0.00912625744830097,0
52553334,EAME,2025-07-01,95,native_ws,0.0073439766413377,0
52553334,EAME,2025-07-01,95,off_field,0.12406665850944763,NA
52553334,EAME,2025-07-01,50,off_field,0.09593065109198594,NA
52553334,EAME,2025-07-10,95,blue_silo,0.105776343415052,0.1657376872214828
52553334,EAME,2025-07-10,50,blue_silo,0.03327317212610242,0.1657376872214828
52553334,EAME,2025-07-10,95,bobolink,0.03382783343207745,0
52553334,EAME,2025-07-10,95,pear_tree,0.27973622047137753,0.7635716329046394
52553334,EAME,2025-07-10,50,pear_tree,0.40539918495672034,0.7635716329046394
52553334,EAME,2025-07-10,95,underhill,0.15273578291217643,0.5263174063371141
52553334,EAME,2025-07-10,50,underhill,0.15257132269020318,0.5263174063371141
52553334,EAME,2025-07-10,95,wheat,0.1427637825358654,0.15007252755405678
52553334,EAME,2025-07-10,50,wheat,0.04066339412338909,0.15007252755405678
52553334,EAME,2025-07-10,95,retired,0.13176257780734385,0.8576828286599821
52553334,EAME,2025-07-10,50,retired,0.21448808945668343,0.8576828286599821
52553334,EAME,2025-07-10,95,donkey,0.00502741185181366,0
52553334,EAME,2025-07-10,95,front_hay,0.01756564170511977,0
52553334,EAME,2025-07-10,95,off_field,0.12668316685576994,NA
52553334,EAME,2025-07-10,50,off_field,0.15360483664690155,NA
52553334,EAME,2025-07-11,95,blue_silo,0.09589113876209644,0.1777278599438407
52553334,EAME,2025-07-11,50,blue_silo,0.03236267244514888,0.1777278599438407
52553334,EAME,2025-07-11,95,bobolink,0.05138646639506382,0
52553334,EAME,2025-07-11,95,pear_tree,0.28360748441093186,0.5676874800531826
52553334,EAME,2025-07-11,50,pear_tree,0.30572953370485617,0.5676874800531826
52553334,EAME,2025-07-11,95,underhill,0.20538098220517312,0.6354549762024528
52553334,EAME,2025-07-11,50,underhill,0.24783086996904433,0.6354549762024528
52553334,EAME,2025-07-11,95,wheat,0.04737466325904751,0
52553334,EAME,2025-07-11,95,retired,0.148359596090516,0.9386051942521124
52553334,EAME,2025-07-11,50,retired,0.2644289408745617,0.9386051942521124
52553334,EAME,2025-07-11,95,donkey,0.00587977178801243,0.09668790950738557
52553334,EAME,2025-07-11,95,front_hay,0.03321265438600684,0
52553334,EAME,2025-07-11,95,off_field,0.128907242703152,NA
52553334,EAME,2025-07-11,50,off_field,0.14856843233835623,NA
52553334,EAME,2025-06-08,95,bobolink,0.16908452948325586,0.490164035212738
52553334,EAME,2025-06-08,50,bobolink,0.1574041123755127,0.490164035212738
52553334,EAME,2025-06-08,95,front_hay,0.02403091900911843,0
52553334,EAME,2025-06-08,95,entrance,0.00963574242409421,0
52553334,EAME,2025-06-08,95,clydesdale,0.1525962853979628,0.5972750790959271
52553334,EAME,2025-06-08,50,clydesdale,0.17309683021438388,0.5972750790959271
52553334,EAME,2025-06-08,95,pond,0.26570094338497197,0.5528174345594297
52553334,EAME,2025-06-08,50,pond,0.27896234576899914,0.5528174345594297
52553334,EAME,2025-06-08,95,back_woods,0.01435299744917624,0
52553334,EAME,2025-06-08,95,off_field,0.3645975396330093,NA
52553334,EAME,2025-06-08,50,off_field,0.3905367116411043,NA
52553334,EAME,2025-06-14,95,bobolink,0.3096903160920309,0.870788202737237
52553334,EAME,2025-06-14,50,bobolink,0.512025615302868,0.870788202737237
52553334,EAME,2025-06-14,95,front_hay,0.03378284088750205,0.10027001991598664
52553334,EAME,2025-06-14,50,front_hay,0.00643159657201545,0.10027001991598664
52553334,EAME,2025-06-14,95,entrance,0.02020030688452226,7.536040336437819e-6
52553334,EAME,2025-06-14,95,clydesdale,0.1775644750991796,0.6719164649139904
52553334,EAME,2025-06-14,50,clydesdale,0.22652852196661769,0.6719164649139904
52553334,EAME,2025-06-14,95,pond,0.1673640245829753,0.1094555536223388
52553334,EAME,2025-06-14,50,pond,0.03478175077153014,0.1094555536223388
52553334,EAME,2025-06-14,95,back_woods,0.00817452708202723,0
52553334,EAME,2025-06-14,95,off_field,0.27249616983085195,NA
52553334,EAME,2025-06-14,50,off_field,0.22023222635045667,NA
52553334,EAME,2025-07-04,95,blue_silo,0.08669486220523064,0
52553334,EAME,2025-07-04,95,bobolink,0.6758743889750728,0.6708903641929584
52553334,EAME,2025-07-04,50,bobolink,0.861408105782155,0.6708903641929584
52553334,EAME,2025-07-04,95,retired,0.01280344748582643,0
52553334,EAME,2025-07-04,95,pond,0.02340169291486035,0
52553334,EAME,2025-07-04,95,off_field,0.19145432800333664,NA
52553334,EAME,2025-07-04,50,off_field,0.13859189421784507,NA
52553334,EAME,2025-07-18,95,blue_silo,0.26124185094677316,0.7176360262043265
52553334,EAME,2025-07-18,50,blue_silo,0.35603927857998274,0.7176360262043265
52553334,EAME,2025-07-18,95,pear_tree,0.1996890710566737,0.5500798687063286
52553334,EAME,2025-07-18,50,pear_tree,0.2086080077758329,0.5500798687063286
52553334,EAME,2025-07-18,95,swale,0.10883033829548196,0.14251923320778745
52553334,EAME,2025-07-18,50,swale,0.0294560415493459,0.14251923320778745
52553334,EAME,2025-07-18,95,underhill,0.13382611168680544,0.4522318238236732
52553334,EAME,2025-07-18,50,underhill,0.11493516083914355,0.4522318238236732
52553334,EAME,2025-07-18,95,wheat,0.02975746719469426,0
52553334,EAME,2025-07-18,95,retired,0.10340680781414376,0.874196933521226
52553334,EAME,2025-07-18,50,retired,0.17167590199148486,0.874196933521226
52553334,EAME,2025-07-18,95,donkey,0.00536088580843357,0.7426841561830777
52553334,EAME,2025-07-18,50,donkey,0.00756121597341517,0.7426841561830777
52553334,EAME,2025-07-18,95,front_hay,0.00903290350754245,0
52553334,EAME,2025-07-18,95,off_field,0.135571014592372,NA
52553334,EAME,2025-07-18,50,off_field,0.11172439329079488,NA
52553334,EAME,2025-06-24,95,bobolink,0.2550332348595261,0.46594142930475274
52553334,EAME,2025-06-24,50,bobolink,0.225667918040855,0.46594142930475274
52553334,EAME,2025-06-24,95,clydesdale,0.1091288508745805,0.15731009670330326
52553334,EAME,2025-06-24,50,clydesdale,0.03260152347792258,0.15731009670330326
52553334,EAME,2025-06-24,95,pond,0.1686219514316948,0.2975225693409328
52553334,EAME,2025-06-24,50,pond,0.0952742945899488,0.2975225693409328
52553334,EAME,2025-06-24,95,off_field,0.46565739242287807,NA
52553334,EAME,2025-06-24,50,off_field,0.6464562638912736,NA
52553334,EAME,2025-07-07,95,blue_silo,0.15659240069182304,0.5255298383271455
52553334,EAME,2025-07-07,50,blue_silo,0.1562571466491898,0.5255298383271455
52553334,EAME,2025-07-07,95,bobolink,0.31429215282486767,0.708073694572558
52553334,EAME,2025-07-07,50,bobolink,0.4225555654804251,0.708073694572558
52553334,EAME,2025-07-07,95,pear_tree,0.15547881598440072,0.627024643990841
52553334,EAME,2025-07-07,50,pear_tree,0.18510905470269703,0.627024643990841
52553334,EAME,2025-07-07,95,swale,0.01525681253190617,0
52553334,EAME,2025-07-07,95,underhill,0.01777480077849395,0
52553334,EAME,2025-07-07,95,wheat,0.0401782777155383,0.126024899936554
52553334,EAME,2025-07-07,50,wheat,0.00961434064761691,0.126024899936554
52553334,EAME,2025-07-07,95,retired,0.11119923525584136,0.5720500610769244
52553334,EAME,2025-07-07,50,retired,0.12078351519775513,0.5720500610769244
52553334,EAME,2025-07-07,95,clydesdale,0.00764060554440685,0
52553334,EAME,2025-07-07,95,pond,0.01502866408606382,0
52553334,EAME,2025-07-07,95,off_field,0.1650983666291161,NA
52553334,EAME,2025-07-07,50,off_field,0.105680377322316,NA
52553334,EAME,2025-06-18,95,blue_silo,0.01655747908032522,0
52553334,EAME,2025-06-18,95,bobolink,0.5559410313365901,0.7228585348785753
52553334,EAME,2025-06-18,50,bobolink,0.7625436778345315,0.7228585348785753
52553334,EAME,2025-06-18,95,front_hay,0.01205583084925517,0
52553334,EAME,2025-06-18,95,clydesdale,0.17189910035283618,0.45267346004400955
52553334,EAME,2025-06-18,50,clydesdale,0.1476526751258182,0.45267346004400955
52553334,EAME,2025-06-18,95,pond,0.04800664318964431,0
52553334,EAME,2025-06-18,95,off_field,0.18983944457630103,NA
52553334,EAME,2025-06-18,50,off_field,0.08980364703965035,NA
52553334,EAME,2025-06-22,95,bobolink,0.32718587219043316,0.5259413544157957
52553334,EAME,2025-06-22,50,bobolink,0.3266012106408029,0.5259413544157957
52553334,EAME,2025-06-22,95,clydesdale,0.11138581808528791,0.3679623369815223
52553334,EAME,2025-06-22,50,clydesdale,0.07778918018529468,0.3679623369815223
52553334,EAME,2025-06-22,95,pond,0.11689627304677688,0.01644538060504367
52553334,EAME,2025-06-22,95,off_field,0.4445320366775021,NA
52553334,EAME,2025-06-22,50,off_field,0.5919609733227309,NA
52553334,EAME,2025-06-26,95,bobolink,0.5299612842365934,0.6725158680833392
52553334,EAME,2025-06-26,50,bobolink,0.6765888042371336,0.6725158680833392
52553334,EAME,2025-06-26,95,clydesdale,0.05927279243984659,0.07087587878031383
52553334,EAME,2025-06-26,50,clydesdale,0.00797502350936629,0.07087587878031383
52553334,EAME,2025-06-26,95,pond,0.06210571429224872,4.302635967668918e-4
52553334,EAME,2025-06-26,95,off_field,0.3486602090313113,NA
52553334,EAME,2025-06-26,50,off_field,0.3153854446563045,NA
52553334,EAME,2025-06-27,95,blue_silo,0.04806719563861379,0
52553334,EAME,2025-06-27,95,bobolink,0.7183777559046276,0.7090385365781018
52553334,EAME,2025-06-27,50,bobolink,0.9672593596218368,0.7090385365781018
52553334,EAME,2025-06-27,95,retired,0.02492897140472188,0
52553334,EAME,2025-06-27,95,clydesdale,0.01811473061976188,0
52553334,EAME,2025-06-27,95,pond,0.02727813649072082,0
52553334,EAME,2025-06-27,95,off_field,0.16259853519187317,NA
52553334,EAME,2025-06-27,50,off_field,0.03274064037816331,NA
52553334,EAME,2025-07-13,95,blue_silo,0.10817531981737324,0.7007889531039124
52553334,EAME,2025-07-13,50,blue_silo,0.14401563628329492,0.7007889531039124
52553334,EAME,2025-07-13,95,bobolink,0.15257779447051087,0.7576647290673533
52553334,EAME,2025-07-13,50,bobolink,0.21961531149252253,0.7576647290673533
52553334,EAME,2025-07-13,95,frog,0.03752257783024095,0.03675872228791381
52553334,EAME,2025-07-13,95,pear_tree,0.1135798933095168,0.37480753112209175
52553334,EAME,2025-07-13,50,pear_tree,0.08087307894375736,0.37480753112209175
52553334,EAME,2025-07-13,95,underhill,0.1053828322397795,0.7095834922958122
52553334,EAME,2025-07-13,50,underhill,0.14205861702239844,0.7095834922958122
52553334,EAME,2025-07-13,95,wheat,0.17250903488338626,0.40678629270480665
52553334,EAME,2025-07-13,50,wheat,0.13331295904310636,0.40678629270480665
52553334,EAME,2025-07-13,95,quarter,0.01803919676354463,0
52553334,EAME,2025-07-13,95,retired,0.09008110999415612,0.8775485999358689
52553334,EAME,2025-07-13,50,retired,0.15017551125722484,0.8775485999358689
52553334,EAME,2025-07-13,95,front_hay,0.02608680128967058,0.4809244765468861
52553334,EAME,2025-07-13,50,front_hay,0.0238337249705893,0.4809244765468861
52553334,EAME,2025-07-13,95,cattle,0.00929609320614671,0
52553334,EAME,2025-07-13,95,off_field,0.16209001544477647,NA
52553334,EAME,2025-07-13,50,off_field,0.10349488349259237,NA
52553334,EAME,2025-07-22,95,blue_silo,0.4100475156467764,0.8170556119330054
52553334,EAME,2025-07-22,50,blue_silo,0.6364519542354936,0.8170556119330054
52553334,EAME,2025-07-22,95,bobolink,0.08695413719676244,0.32420059347402663
52553334,EAME,2025-07-22,50,bobolink,0.05355300900616055,0.32420059347402663
52553334,EAME,2025-07-22,95,pear_tree,0.07367661647497696,0
52553334,EAME,2025-07-22,95,swale,0.17461058334277238,0.49449039225112856
52553334,EAME,2025-07-22,50,swale,0.16402431893873065,0.49449039225112856
52553334,EAME,2025-07-22,95,underhill,0.05968959003058916,0
52553334,EAME,2025-07-22,95,wheat,0.01271576157346958,0
52553334,EAME,2025-07-22,95,retired,0.07293054231014738,0.45409927404421285
52553334,EAME,2025-07-22,50,retired,0.06291295330900605,0.45409927404421285
52553334,EAME,2025-07-22,95,front_hay,0.0134504738648416,0
52553334,EAME,2025-07-22,95,off_field,0.09515605782794535,NA
52553334,EAME,2025-07-22,50,off_field,0.0830577645106091,NA
52553334,EAME,2025-06-12,95,alfalfa,0.00727402149483982,0
52553334,EAME,2025-06-12,95,blue_silo,0.06860196403992173,0.4189454158032215
52553334,EAME,2025-06-12,50,blue_silo,0.05460331762063201,0.4189454158032215
52553334,EAME,2025-06-12,95,bobolink,0.18250874803331407,0.9499178094251832
52553334,EAME,2025-06-12,50,bobolink,0.3293781261526721,0.9499178094251832
52553334,EAME,2025-06-12,95,swale,0.05728209233490933,0
52553334,EAME,2025-06-12,95,underhill,0.01846114164327301,0.08085014834674455
52553334,EAME,2025-06-12,95,retired,0.01888803719424885,0.6260149791621895
52553334,EAME,2025-06-12,50,retired,0.02246449151728879,0.6260149791621895
52553334,EAME,2025-06-12,95,front_hay,0.07314810331911928,0.6406097993590553
52553334,EAME,2025-06-12,50,front_hay,0.08902698912434436,0.6406097993590553
52553334,EAME,2025-06-12,95,entrance,0.02785654367767373,0.11073461074524328
52553334,EAME,2025-06-12,50,entrance,0.00586051324544464,0.11073461074524328
52553334,EAME,2025-06-12,95,clydesdale,0.07938906294305176,0.8217063503971451
52553334,EAME,2025-06-12,50,clydesdale,0.12393739330273491,0.8217063503971451
52553334,EAME,2025-06-12,95,pond,0.1577737140591707,0.8105794945564047
52553334,EAME,2025-06-12,50,pond,0.24297148089244183,0.8105794945564047
52553334,EAME,2025-06-12,95,back_woods,0.0479196156772574,0.2001178507138119
52553334,EAME,2025-06-12,50,back_woods,0.01821898568592596,0.2001178507138119
52553334,EAME,2025-06-12,95,off_field,0.2607349504733111,NA
52553334,EAME,2025-06-12,50,off_field,0.11070297548645196,NA
52553334,EAME,2025-07-16,95,blue_silo,0.2298099405300052,0.5844504381871652
52553334,EAME,2025-07-16,50,blue_silo,0.2549827799682539,0.5844504381871652
52553334,EAME,2025-07-16,95,bobolink,0.0315322075051305,0
52553334,EAME,2025-07-16,95,pear_tree,0.2572690419278637,0.8218297485229898
52553334,EAME,2025-07-16,50,pear_tree,0.4013874040596819,0.8218297485229898
52553334,EAME,2025-07-16,95,swale,0.08529950351151333,0.28906694533626187
52553334,EAME,2025-07-16,50,swale,0.04681006986283344,0.28906694533626187
52553334,EAME,2025-07-16,95,underhill,0.07012969410872981,0.25304212740229415
52553334,EAME,2025-07-16,50,underhill,0.03368907816794517,0.25304212740229415
52553334,EAME,2025-07-16,95,wheat,0.07588620117670994,0.07114761755460222
52553334,EAME,2025-07-16,50,wheat,0.01024985041787393,0.07114761755460222
52553334,EAME,2025-07-16,95,retired,0.07279972452823233,0.7507971575375
52553334,EAME,2025-07-16,50,retired,0.10376400083277736,0.7507971575375
52553334,EAME,2025-07-16,95,donkey,0.00634437958558053,0.9303985526639388
52553334,EAME,2025-07-16,50,donkey,0.01120604953673647,0.9303985526639388
52553334,EAME,2025-07-16,95,pond,0.03061089746156767,0
52553334,EAME,2025-07-16,95,off_field,0.13760069560734092,NA
52553334,EAME,2025-07-16,50,off_field,0.13791076715389786,NA
52553334,EAME,2025-06-11,95,blue_silo,0.01266018847550701,0
52553334,EAME,2025-06-11,95,bobolink,0.3155396232342998,0.3644661793426954
52553334,EAME,2025-06-11,50,bobolink,0.2183578566245161,0.3644661793426954
52553334,EAME,2025-06-11,95,clydesdale,0.1305039296835807,0.3868259168121791
52553334,EAME,2025-06-11,50,clydesdale,0.09585104202776,0.3868259168121791
52553334,EAME,2025-06-11,95,pond,0.11623135486723862,0.21232297363092364
52553334,EAME,2025-06-11,50,pond,0.04685737702733852,0.21232297363092364
52553334,EAME,2025-06-11,95,off_field,0.41899774743978735,NA
52553334,EAME,2025-06-11,50,off_field,0.6389337243203854,NA
52553334,EAME,2025-06-19,95,blue_silo,0.01302931864208554,0
52553334,EAME,2025-06-19,95,bobolink,0.4952260601533386,0.8475848316406965
52553334,EAME,2025-06-19,50,bobolink,0.7974833313027735,0.8475848316406965
52553334,EAME,2025-06-19,95,front_hay,0.10287292088409948,0.4211458707650576
52553334,EAME,2025-06-19,50,front_hay,0.08231302568206876,0.4211458707650576
52553334,EAME,2025-06-19,95,entrance,0.03309112173387058,0.12464124291162768
52553334,EAME,2025-06-19,50,entrance,0.00783624865607847,0.12464124291162768
52553334,EAME,2025-06-19,95,clydesdale,0.09535832885040774,0.39759270495084525
52553334,EAME,2025-06-19,50,clydesdale,0.07203308033567794,0.39759270495084525
52553334,EAME,2025-06-19,95,pond,0.10860566466250007,0
52553334,EAME,2025-06-19,95,off_field,0.1417708252569472,NA
52553334,EAME,2025-06-19,50,off_field,0.04033431402340133,NA
52553334,EAME,2025-07-15,95,blue_silo,0.33915249793035607,0.7769523288172842
52553334,EAME,2025-07-15,50,blue_silo,0.5002537544094345,0.7769523288172842
52553334,EAME,2025-07-15,95,bobolink,0.1753485256517796,0.6440265295594872
52553334,EAME,2025-07-15,50,bobolink,0.2143911432771753,0.6440265295594872
52553334,EAME,2025-07-15,95,pear_tree,0.02539649266792826,0
52553334,EAME,2025-07-15,95,swale,0.1157531515016262,0.3355094810169945
52553334,EAME,2025-07-15,50,swale,0.07372904100200892,0.3355094810169945
52553334,EAME,2025-07-15,95,underhill,0.05593964440959079,0
52553334,EAME,2025-07-15,95,retired,0.06337776206401971,0.18827681512211064
52553334,EAME,2025-07-15,50,retired,0.02265346849919267,0.18827681512211064
52553334,EAME,2025-07-15,95,front_hay,0.00551221108048165,0
52553334,EAME,2025-07-15,95,pond,0.06591550447779214,0.064249046291766
52553334,EAME,2025-07-15,50,pond,0.00803998483387743,0.064249046291766
52553334,EAME,2025-07-15,95,off_field,0.15316269984994088,NA
52553334,EAME,2025-07-15,50,off_field,0.18093260797831123,NA
52553334,EAME,2025-06-16,95,bobolink,0.3879934921920284,0.8157553836425663
52553334,EAME,2025-06-16,50,bobolink,0.6007132275142538,0.8157553836425663
52553334,EAME,2025-06-16,95,front_hay,0.01894340731690711,0
52553334,EAME,2025-06-16,95,entrance,0.02066023336735493,0
52553334,EAME,2025-06-16,95,clydesdale,0.19210767241504176,0.4845862511810185
52553334,EAME,2025-06-16,50,clydesdale,0.17668456164783689,0.4845862511810185
52553334,EAME,2025-06-16,95,pond,0.1421977319617243,0.05075290032294867
52553334,EAME,2025-06-16,50,pond,0.01369734328244327,0.05075290032294867
52553334,EAME,2025-06-16,95,off_field,0.23645604864366557,NA
52553334,EAME,2025-06-16,50,off_field,0.208904867555466,NA
52553334,EAME,2025-06-21,95,bobolink,0.19048115757239423,0.3803742600159779
52553334,EAME,2025-06-21,50,bobolink,0.13754806508304257,0.3803742600159779
52553334,EAME,2025-06-21,95,clydesdale,0.1282538149572484,0.2794979508691632
52553334,EAME,2025-06-21,50,clydesdale,0.06805190134898076,0.2794979508691632
52553334,EAME,2025-06-21,95,pond,0.12521559531380322,0.12352073247307756
52553334,EAME,2025-06-21,50,pond,0.02936226975629197,0.12352073247307756
52553334,EAME,2025-06-21,95,off_field,0.5555375450613361,NA
52553334,EAME,2025-06-21,50,off_field,0.7650377638116846,NA
52553334,EAME,2025-06-25,95,bobolink,0.44045328610518686,0.6475802122815987
52553334,EAME,2025-06-25,50,bobolink,0.5413403394371685,0.6475802122815987
52553334,EAME,2025-06-25,95,clydesdale,0.08523167001247496,0.15719143075872233
52553334,EAME,2025-06-25,50,clydesdale,0.02542768551705962,0.15719143075872233
52553334,EAME,2025-06-25,95,pond,0.11043277684164006,0.04891673638968433
52553334,EAME,2025-06-25,50,pond,0.01025256269061216,0.04891673638968433
52553334,EAME,2025-06-25,95,off_field,0.36328292158167064,NA
52553334,EAME,2025-06-25,50,off_field,0.4229794123551596,NA
52553334,EAME,2025-07-21,95,blue_silo,0.2749707984744285,0.5593811703899944
52553334,EAME,2025-07-21,50,blue_silo,0.29212121984170236,0.5593811703899944
52553334,EAME,2025-07-21,95,pear_tree,0.1352671314135632,0.2560430207279849
52553334,EAME,2025-07-21,50,pear_tree,0.06577697694503547,0.2560430207279849
52553334,EAME,2025-07-21,95,swale,0.1701894421779415,0.5598547573057554
52553334,EAME,2025-07-21,50,swale,0.18095753646297896,0.5598547573057554
52553334,EAME,2025-07-21,95,underhill,0.15816866577208386,0.6575811806495098
52553334,EAME,2025-07-21,50,underhill,0.1975324790497995,0.6575811806495098
52553334,EAME,2025-07-21,95,wheat,0.02115629957802857,0
52553334,EAME,2025-07-21,95,retired,0.09066003073311332,0.8601043902809278
52553334,EAME,2025-07-21,50,retired,0.14809340336300575,0.8601043902809278
52553334,EAME,2025-07-21,95,off_field,0.13515859151133353,NA
52553334,EAME,2025-07-21,50,off_field,0.11435894990600874,NA
52553334,EAME,2025-06-03,95,alfalfa,0.01187567862416724,0
52553334,EAME,2025-06-03,95,blue_silo,0.01929080610297996,0.04465905386572538
52553334,EAME,2025-06-03,95,swale,0.10307956178845404,0.3088313024254119
52553334,EAME,2025-06-03,50,swale,0.06046339562717277,0.3088313024254119
52553334,EAME,2025-06-03,95,quarter,0.00685858808438618,0
52553334,EAME,2025-06-03,95,clydesdale,0.01931424406438594,0
52553334,EAME,2025-06-03,95,pond,0.10100422137699688,0.38875902076869046
52553334,EAME,2025-06-03,50,pond,0.07457936161371671,0.38875902076869046
52553334,EAME,2025-06-03,95,back_woods,0.09969446433260136,0.6641650160876293
52553334,EAME,2025-06-03,50,back_woods,0.12576091751253948,0.6641650160876293
52553334,EAME,2025-06-03,95,cat_barn,0.01661783873829812,0.07654854396949237
52553334,EAME,2025-06-03,95,off_field,0.6182060761378333,NA
52553334,EAME,2025-06-03,50,off_field,0.7351439683055261,NA
52553334,EAME,2025-06-13,95,bobolink,0.17599766249941043,0.44464030812309585
52553334,EAME,2025-06-13,50,bobolink,0.14858995665621427,0.44464030812309585
52553334,EAME,2025-06-13,95,clydesdale,0.1882706790281896,0.44458732338800583
52553334,EAME,2025-06-13,50,clydesdale,0.15893278373492836,0.44458732338800583
52553334,EAME,2025-06-13,95,pond,0.21968143622935277,0.27508689242162765
52553334,EAME,2025-06-13,50,pond,0.11474584864816594,0.27508689242162765
52553334,EAME,2025-06-13,95,off_field,0.41329416238005023,NA
52553334,EAME,2025-06-13,50,off_field,0.5777314109606915,NA
52553334,EAME,2025-06-23,95,bobolink,0.2278980352418576,0.41417968109329706
52553334,EAME,2025-06-23,50,bobolink,0.1790439200110491,0.41417968109329706
52553334,EAME,2025-06-23,95,clydesdale,0.10722648940730682,0.10114716738461184
52553334,EAME,2025-06-23,50,clydesdale,0.0205724502001826,0.10114716738461184
52553334,EAME,2025-06-23,95,pond,0.19142236682437805,0.29155218937678223
52553334,EAME,2025-06-23,50,pond,0.10586178098149332,0.29155218937678223
52553334,EAME,2025-06-23,95,off_field,0.4734531085264575,NA
52553334,EAME,2025-06-23,50,off_field,0.694521848807275,NA
52553334,EAME,2025-06-06,95,bobolink,0.12297416414189806,0.3310532811002668
52553334,EAME,2025-06-06,50,bobolink,0.07722699421544857,0.3310532811002668
52553334,EAME,2025-06-06,95,clydesdale,0.16024075896916196,0.18747283918340035
52553334,EAME,2025-06-06,50,clydesdale,0.05698606981444224,0.18747283918340035
52553334,EAME,2025-06-06,95,pond,0.21032923454527205,0.3649754818519584
52553334,EAME,2025-06-06,50,pond,0.14561988636496664,0.3649754818519584
52553334,EAME,2025-06-06,95,off_field,0.5064558423436679,NA
52553334,EAME,2025-06-06,50,off_field,0.7201670496051426,NA
52553334,EAME,2025-06-15,95,bobolink,0.33065910008773164,0.7656228099667691
52553334,EAME,2025-06-15,50,bobolink,0.4806569764195194,0.7656228099667691
52553334,EAME,2025-06-15,95,swale,0.00910564540104541,0
52553334,EAME,2025-06-15,95,front_hay,0.0167621042740582,0
52553334,EAME,2025-06-15,95,entrance,0.02267404479179078,0
52553334,EAME,2025-06-15,95,clydesdale,0.21226700274266408,0.5673273741889636
52553334,EAME,2025-06-15,50,clydesdale,0.2286420650189692,0.5673273741889636
52553334,EAME,2025-06-15,95,pond,0.14194360646082607,0.13460772957398373
52553334,EAME,2025-06-15,50,pond,0.03627653026753914,0.13460772957398373
52553334,EAME,2025-06-15,95,off_field,0.26410404348072236,NA
52553334,EAME,2025-06-15,50,off_field,0.25442442829397227,NA
52553334,EAME,2025-07-02,95,blue_silo,0.15839160973138983,0.40105980646884026
52553334,EAME,2025-07-02,50,blue_silo,0.12053309756313794,0.40105980646884026
52553334,EAME,2025-07-02,95,bobolink,0.6214720921050298,0.6280902666308629
52553334,EAME,2025-07-02,50,bobolink,0.7406426193205945,0.6280902666308629
52553334,EAME,2025-07-02,95,retired,0.00518941410054595,0
52553334,EAME,2025-07-02,95,pond,0.0186039934679398,0
52553334,EAME,2025-07-02,95,off_field,0.19163025340409004,NA
52553334,EAME,2025-07-02,50,off_field,0.13882428311626752,NA
52553334,EAME,2025-07-17,95,blue_silo,0.3639477116837423,0.6242360864295728
52553334,EAME,2025-07-17,50,blue_silo,0.4309690274661551,0.6242360864295728
52553334,EAME,2025-07-17,95,pear_tree,0.05774451771029037,0
52553334,EAME,2025-07-17,95,swale,0.3550602775007247,0.6771380180631522
52553334,EAME,2025-07-17,50,swale,0.4560762758241101,0.6771380180631522
52553334,EAME,2025-07-17,95,underhill,0.0327378554584683,0
52553334,EAME,2025-07-17,95,wheat,0.01451240208014727,0
52553334,EAME,2025-07-17,95,retired,0.04653653439594028,0
52553334,EAME,2025-07-17,95,pond,0.00725138830628398,0
52553334,EAME,2025-07-17,95,off_field,0.11618397292246556,NA
52553334,EAME,2025-07-17,50,off_field,0.1129546967097348,NA
52553334,EAME,2025-06-05,95,pond,0.4594190117004407,0.5329084318080044
52553334,EAME,2025-06-05,50,pond,0.46516522735784926,0.5329084318080044
52553334,EAME,2025-06-05,95,off_field,0.5401612743368077,NA
52553334,EAME,2025-06-05,50,off_field,0.5348347726421507,NA
52553334,EAME,2025-06-28,95,blue_silo,0.02346607610758848,0
52553334,EAME,2025-06-28,95,bobolink,0.6812945555605301,0.7293531792025362
52553334,EAME,2025-06-28,50,bobolink,0.9433687335741324,0.7293531792025362
52553334,EAME,2025-06-28,95,clydesdale,0.05425723530134817,0
52553334,EAME,2025-06-28,95,pond,0.00671112644746291,0
52553334,EAME,2025-06-28,95,off_field,0.233719638453985,NA
52553334,EAME,2025-06-28,50,off_field,0.05663126642586753,NA
52553334,EAME,2025-06-29,95,bobolink,0.6092319612321523,0.708892838644147
52553334,EAME,2025-06-29,50,bobolink,0.8194359656788064,0.708892838644147
52553334,EAME,2025-06-29,95,clydesdale,0.07451269203570123,0.04509434685123707
52553334,EAME,2025-06-29,50,clydesdale,0.00637535112295586,0.04509434685123707
52553334,EAME,2025-06-29,95,pond,0.05601769288007467,0
52553334,EAME,2025-06-29,95,off_field,0.2602376538520718,NA
52553334,EAME,2025-06-29,50,off_field,0.1741886831982378,NA
52553334,EAME,2025-06-30,95,bobolink,0.9285401695259548,0.5669313433532996
52553334,EAME,2025-06-30,50,bobolink,0.999999989158634,0.5669313433532996
52553334,EAME,2025-06-30,95,clydesdale,0.00664872112286612,0
52553334,EAME,2025-06-30,95,off_field,0.06481110935117905,NA
52553334,EAME,2025-06-30,50,off_field,1.0841365962721696e-8,NA
52553334,EAME,2025-07-06,95,blue_silo,0.05818866566198315,0
52553334,EAME,2025-07-06,95,bobolink,0.565162785561901,0.7651367969957439
52553334,EAME,2025-07-06,50,bobolink,0.8205312391480899,0.7651367969957439
52553334,EAME,2025-07-06,95,underhill,0.01251338185571953,0
52553334,EAME,2025-07-06,95,retired,0.01024233444363574,0
52553334,EAME,2025-07-06,95,clydesdale,0.03634984258250141,0.22155441657845387
52553334,EAME,2025-07-06,50,clydesdale,0.01528148012245105,0.22155441657845387
52553334,EAME,2025-07-06,95,pond,0.03524548955651904,0
52553334,EAME,2025-07-06,95,off_field,0.2807840601323741,NA
52553334,EAME,2025-07-06,50,off_field,0.16418728072945907,NA
52553334,EAME,2025-07-23,95,blue_silo,0.00508076986906181,0
52553334,EAME,2025-07-23,95,frog,0.24704842391690832,0.7491528951632487
52553334,EAME,2025-07-23,50,frog,0.35109050564019184,0.7491528951632487
52553334,EAME,2025-07-23,95,horse,0.02675876524557505,0
52553334,EAME,2025-07-23,95,pear_tree,0.00731770713452288,0
52553334,EAME,2025-07-23,95,wheat,0.4651832123323111,0.7194650353392403
52553334,EAME,2025-07-23,50,wheat,0.634892594895766,0.7194650353392403
52553334,EAME,2025-07-23,95,quarter,0.07826452979418233,0.0541743651802298
52553334,EAME,2025-07-23,50,quarter,0.00804313478777216,0.0541743651802298
52553334,EAME,2025-07-23,95,cattle,0.1229927527274194,0.06748773715826993
52553334,EAME,2025-07-23,50,cattle,0.0157460245310235,0.06748773715826993
52553334,EAME,2025-07-23,95,off_field,0.04672604146139713,NA
52553334,EAME,2025-07-23,50,off_field,0,NA
52553334,EAME,2025-07-05,95,blue_silo,0.12448020778768132,0.4229873711612592
52553334,EAME,2025-07-05,50,blue_silo,0.10000399957248396,0.4229873711612592
52553334,EAME,2025-07-05,95,bobolink,0.6589538326098756,0.6479312034633692
52553334,EAME,2025-07-05,50,bobolink,0.8109116645808536,0.6479312034633692
52553334,EAME,2025-07-05,95,retired,0.02212576895698081,0
52553334,EAME,2025-07-05,95,pond,0.01026091956083005,0
52553334,EAME,2025-07-05,95,off_field,0.18320224577031663,NA
52553334,EAME,2025-07-05,50,off_field,0.08908433584666242,NA
52553334,EAME,2025-07-08,95,blue_silo,0.24083289814371744,0.7450297795119286
52553334,EAME,2025-07-08,50,blue_silo,0.34067484497043243,0.7450297795119286
52553334,EAME,2025-07-08,95,bobolink,0.09008539347514548,0.5849511882318871
52553334,EAME,2025-07-08,50,bobolink,0.10005173636970224,0.5849511882318871
52553334,EAME,2025-07-08,95,frog,0.04797819345824598,0.17191884476705382
52553334,EAME,2025-07-08,50,frog,0.01566094622253699,0.17191884476705382
52553334,EAME,2025-07-08,95,horse,0.03705613706420836,0.4517175153649876
52553334,EAME,2025-07-08,50,horse,0.03178174198316529,0.4517175153649876
52553334,EAME,2025-07-08,95,pear_tree,0.19883155572049097,0.4659973540007991
52553334,EAME,2025-07-08,50,pear_tree,0.1759216882343072,0.4659973540007991
52553334,EAME,2025-07-08,95,underhill,0.05084594354143088,0.16621125542326357
52553334,EAME,2025-07-08,50,underhill,0.01604602126786362,0.16621125542326357
52553334,EAME,2025-07-08,95,wheat,0.0823979729667831,0.00101836084409043
52553334,EAME,2025-07-08,95,quarter,0.02506006503071339,0.0842127437879061
52553334,EAME,2025-07-08,95,retired,0.12390950177303184,0.8662786474331092
52553334,EAME,2025-07-08,50,retired,0.20380406559170303,0.8662786474331092
52553334,EAME,2025-07-08,95,off_field,0.09354366346693056,NA
52553334,EAME,2025-07-08,50,off_field,0.11189271624068488,NA
52553334,EAME,2025-07-24,95,frog,0.3565243261169033,0.7731606412368106
52553334,EAME,2025-07-24,50,frog,0.5236851209930603,0.7731606412368106
52553334,EAME,2025-07-24,95,horse,0.00758231506411248,0
52553334,EAME,2025-07-24,95,wheat,0.4536659040636225,0.4949970420835461
52553334,EAME,2025-07-24,50,wheat,0.4266287059013548,0.4949970420835461
52553334,EAME,2025-07-24,95,quarter,0.01589673341495491,0
52553334,EAME,2025-07-24,95,cattle,0.13226269378438724,0.2639612791928805
52553334,EAME,2025-07-24,50,cattle,0.06632678057138346,0.2639612791928805
52553334,EAME,2025-07-24,95,off_field,0.03132221403904092,NA
52553334,EAME,2025-07-24,50,off_field,0,NA
52553334,EAME,2025-06-07,95,bobolink,0.04674838397777498,0
52553334,EAME,2025-06-07,95,swale,0.01140776574695096,0
52553334,EAME,2025-06-07,95,clydesdale,0.03303171107735751,0.00872018426062782
52553334,EAME,2025-06-07,95,pond,0.3766584551125118,0.5065198146609428
52553334,EAME,2025-06-07,50,pond,0.362339817679275,0.5065198146609428
52553334,EAME,2025-06-07,95,back_woods,0.0215712297610758,0
52553334,EAME,2025-06-07,95,off_field,0.5098153473943995,NA
52553334,EAME,2025-06-07,50,off_field,0.6371131302901589,NA
52553334,EAME,2025-07-03,95,blue_silo,0.18090898791625049,0.53515967070823
52553334,EAME,2025-07-03,50,blue_silo,0.18381387148962863,0.53515967070823
52553334,EAME,2025-07-03,95,bobolink,0.6545038713320913,0.5578119880027068
52553334,EAME,2025-07-03,50,bobolink,0.6931621236942709,0.5578119880027068
52553334,EAME,2025-07-03,95,front_hay,0.01275898718330417,0
52553334,EAME,2025-07-03,95,off_field,0.1515702454761604,NA
52553334,EAME,2025-07-03,50,off_field,0.12302400481610046,NA
52553334,EAME,2025-07-12,95,blue_silo,0.12027332745346786,0.2290509798843132
52553334,EAME,2025-07-12,50,blue_silo,0.05234206133305953,0.2290509798843132
52553334,EAME,2025-07-12,95,bobolink,0.11804633204528292,0.3511155553709437
52553334,EAME,2025-07-12,50,bobolink,0.07875024420597336,0.3511155553709437
52553334,EAME,2025-07-12,95,frog,0.0170566230172699,0
52553334,EAME,2025-07-12,95,pear_tree,0.19138653744301387,0.7634261997946402
52553334,EAME,2025-07-12,50,pear_tree,0.27760532170795127,0.7634261997946402
52553334,EAME,2025-07-12,95,underhill,0.12915274262781798,0.5552805600409636
52553334,EAME,2025-07-12,50,underhill,0.13625907746478527,0.5552805600409636
52553334,EAME,2025-07-12,95,wheat,0.14361297772112372,0.3786096526047534
52553334,EAME,2025-07-12,50,wheat,0.10330818008168506,0.3786096526047534
52553334,EAME,2025-07-12,95,retired,0.09431467751401404,0.9786097574819578
52553334,EAME,2025-07-12,50,retired,0.17536308118326524,0.9786097574819578
52553334,EAME,2025-07-12,95,front_hay,0.05566539574096237,0.24877222953685668
52553334,EAME,2025-07-12,50,front_hay,0.02631095071490463,0.24877222953685668
52553334,EAME,2025-07-12,95,clydesdale,0.01371886281284024,0
52553334,EAME,2025-07-12,95,off_field,0.107578352278246,NA
52553334,EAME,2025-07-12,50,off_field,0.14709137145817414,NA
52553334,EAME,2025-07-14,95,blue_silo,0.05169114061457711,0
52553334,EAME,2025-07-14,95,frog,0.09092609630741476,0.7465750414966145
52553334,EAME,2025-07-14,50,frog,0.12894712331147806,0.7465750414966145
52553334,EAME,2025-07-14,95,horse,0.05333022791592157,0.6033386304232518
52553334,EAME,2025-07-14,50,horse,0.06112012271533044,0.6033386304232518
52553334,EAME,2025-07-14,95,pear_tree,0.17930407435367737,0.5292426273426613
52553334,EAME,2025-07-14,50,pear_tree,0.18025802967929863,0.5292426273426613
52553334,EAME,2025-07-14,95,underhill,0.032822459656621,0
52553334,EAME,2025-07-14,95,wheat,0.3412758519568825,0.8118289184574374
52553334,EAME,2025-07-14,50,wheat,0.5262834604442262,0.8118289184574374
52553334,EAME,2025-07-14,95,quarter,0.05849260190942779,0.4450001143497953
52553334,EAME,2025-07-14,50,quarter,0.04944367096805658,0.4450001143497953
52553334,EAME,2025-07-14,95,retired,0.02847872448760769,0
52553334,EAME,2025-07-14,95,cattle,0.04443634721053163,0.05544546161890337
52553334,EAME,2025-07-14,95,wish_well,0.005691648962308,0
52553334,EAME,2025-07-14,95,off_field,0.10883684711756487,NA
52553334,EAME,2025-07-14,50,off_field,0.04926750509035671,NA
52553334,EAME,2025-07-20,95,blue_silo,0.15651634985733764,0.45289229484890464
52553334,EAME,2025-07-20,50,blue_silo,0.13465811496451266,0.45289229484890464
52553334,EAME,2025-07-20,95,frog,0.02397599075044479,0.1002346912356822
52553334,EAME,2025-07-20,95,horse,0.03806675057315197,0.15269876676696345
52553334,EAME,2025-07-20,50,horse,0.01104229190444986,0.15269876676696345
52553334,EAME,2025-07-20,95,pear_tree,0.189351847524018,0.8320260417944061
52553334,EAME,2025-07-20,50,pear_tree,0.29928458877575964,0.8320260417944061
52553334,EAME,2025-07-20,95,swale,0.03235145625264449,0
52553334,EAME,2025-07-20,95,underhill,0.14058456717853943,0.6483172616168941
52553334,EAME,2025-07-20,50,underhill,0.17314227540773078,0.6483172616168941
52553334,EAME,2025-07-20,95,wheat,0.10977628018866804,0.5638474201027464
52553334,EAME,2025-07-20,50,wheat,0.11758393653704008,0.5638474201027464
52553334,EAME,2025-07-20,95,quarter,0.05108598304000038,0.15094693353599084
52553334,EAME,2025-07-20,50,quarter,0.01464886366866483,0.15094693353599084
52553334,EAME,2025-07-20,95,retired,0.05280000898314356,0.8117061896467379
52553334,EAME,2025-07-20,50,retired,0.08141618374107759,0.8117061896467379
52553334,EAME,2025-07-20,95,donkey,0.00659090398415751,1
52553334,EAME,2025-07-20,50,donkey,0.01252053459211345,1
52553334,EAME,2025-07-20,95,front_hay,0.02022661850580895,0
52553334,EAME,2025-07-20,95,cattle,0.01656574665159651,0
52553334,EAME,2025-07-20,95,wish_well,0.02352661007714185,0
52553334,EAME,2025-07-20,95,off_field,0.1310901782015402,NA
52553334,EAME,2025-07-20,50,off_field,0.15113787692589023,NA
52553334,EAME,2025-06-02,95,alfalfa,0.015218520074580291,0
52553334,EAME,2025-06-02,95,blue_silo,0.0941628159603593,0.5413159228260207
52553334,EAME,2025-06-02,50,blue_silo,0.09684320814810352,0.5413159228260207
52553334,EAME,2025-06-02,95,bobolink,0.00777551194576198,0
52553334,EAME,2025-06-02,95,swale,0.13799030251671104,0.7485187263639563
52553334,EAME,2025-06-02,50,swale,0.19624118826651005,0.7485187263639563
52553334,EAME,2025-06-02,95,quarter,0.02059149821218472,0
52553334,EAME,2025-06-02,95,front_hay,0.0085259330770959,0
52553334,EAME,2025-06-02,95,entrance,0.00845367596786494,0
52553334,EAME,2025-06-02,95,pond,0.1163061335727971,0.6067826338964071
52553334,EAME,2025-06-02,50,pond,0.13408329981712233,0.6067826338964071
52553334,EAME,2025-06-02,95,back_woods,0.06437993242645497,0.37907602454929745
52553334,EAME,2025-06-02,50,back_woods,0.04636772223493339,0.37907602454929745
52553334,EAME,2025-06-02,95,cat_barn,0.00941541879954098,0
52553334,EAME,2025-06-02,95,off_field,0.5066402452995191,NA
52553334,EAME,2025-06-02,50,off_field,0.5264645815333308,NA
5.2612e+70,BOBO,2025-06-20,95,blue_silo,0.17173357646647927,0.09848517295435344
5.2612e+70,BOBO,2025-06-20,50,blue_silo,0.03212691224877508,0.09848517295435344
5.2612e+70,BOBO,2025-06-20,95,bobolink,0.6097692020626676,0.8163223005981923
5.2612e+70,BOBO,2025-06-20,50,bobolink,0.945518579026425,0.8163223005981923
5.2612e+70,BOBO,2025-06-20,95,swale,0.0370062533140237,0
5.2612e+70,BOBO,2025-06-20,95,underhill,0.00677076091960356,0
5.2612e+70,BOBO,2025-06-20,95,retired,0.06722164198145776,0.01427633857365169
5.2612e+70,BOBO,2025-06-20,95,clydesdale,0.02936987091852348,0.01755280264840154
5.2612e+70,BOBO,2025-06-20,95,pond,0.00904362858559662,0
5.2612e+70,BOBO,2025-06-20,95,off_field,0.06052571453475715,NA
5.2612e+70,BOBO,2025-06-20,50,off_field,0.01955233826125264,NA
5.2612e+70,BOBO,2025-06-19,95,blue_silo,0.4069776268314965,0.8298495516283497
5.2612e+70,BOBO,2025-06-19,50,blue_silo,0.641581646714463,0.8298495516283497
5.2612e+70,BOBO,2025-06-19,95,bobolink,0.1819113606260521,0.2379543414519165
5.2612e+70,BOBO,2025-06-19,50,bobolink,0.08223098421200555,0.2379543414519165
5.2612e+70,BOBO,2025-06-19,95,swale,0.1974910076203643,0.44922351443672215
5.2612e+70,BOBO,2025-06-19,50,swale,0.16853567315656356,0.44922351443672215
5.2612e+70,BOBO,2025-06-19,95,retired,0.02836411658204981,0
5.2612e+70,BOBO,2025-06-19,95,clydesdale,0.05565408260100042,0.12986077306596344
5.2612e+70,BOBO,2025-06-19,50,clydesdale,0.01372957346869592,0.12986077306596344
5.2612e+70,BOBO,2025-06-19,95,pond,0.04509526101435587,0.27388009707776245
5.2612e+70,BOBO,2025-06-19,50,pond,0.02346245276719353,0.27388009707776245
5.2612e+70,BOBO,2025-06-19,95,off_field,0.08450654472468097,NA
5.2612e+70,BOBO,2025-06-19,50,off_field,0.07045966968107834,NA
55073433,BOBO,2025-06-28,95,front_hay,1.0000000016988044,0.5279853125344606
55073433,BOBO,2025-06-28,50,front_hay,0.9999999787363748,0.5279853125344606
55073433,BOBO,2025-06-28,95,off_field,0,NA
55073433,BOBO,2025-06-28,50,off_field,2.1263625100049977e-8,NA
55073433,BOBO,2025-06-29,95,front_hay,0.9999999921469211,0.526292385804693
55073433,BOBO,2025-06-29,50,front_hay,0.9999999739889576,0.526292385804693
55073433,BOBO,2025-06-29,95,off_field,7.853078881195752e-9,NA
55073433,BOBO,2025-06-29,50,off_field,2.6011042322135183e-8,NA
55073433,BOBO,2025-06-30,95,front_hay,0.9999999980271744,0.5265747857200741
55073433,BOBO,2025-06-30,50,front_hay,0.9999999898668324,0.5265747857200741
55073433,BOBO,2025-06-30,95,off_field,1.972825673502166e-9,NA
55073433,BOBO,2025-06-30,50,off_field,1.0133167713063693e-8,NA
55073433,BOBO,2025-07-23,95,underhill,0.0656019571644423,0
55073433,BOBO,2025-07-23,95,front_hay,0.8097059759572343,0.6299232323532895
55073433,BOBO,2025-07-23,50,front_hay,0.9681037342104,0.6299232323532895
55073433,BOBO,2025-07-23,95,entrance,0.10941723718826908,0.15358429112335886
55073433,BOBO,2025-07-23,50,entrance,0.03189623826666643,0.15358429112335886
55073433,BOBO,2025-07-23,95,off_field,0.0146926676914038,NA
55073433,BOBO,2025-07-23,50,off_field,2.7522933459638464e-8,NA
55073433,BOBO,2025-09-18,95,bobolink,0.654819568086232,0.5664065596111385
55073433,BOBO,2025-09-18,50,bobolink,0.7045495239122221,0.5664065596111385
55073433,BOBO,2025-09-18,95,front_hay,0.02322853114319008,0
55073433,BOBO,2025-09-18,95,entrance,0.01165655432770965,0
55073433,BOBO,2025-09-18,95,clydesdale,0.00721187034877049,0
55073433,BOBO,2025-09-18,95,off_field,0.3030834760940978,NA
55073433,BOBO,2025-09-18,50,off_field,0.2954504760877778,NA
55073433,BOBO,2025-06-16,95,blue_silo,0.17511196809291066,0.35162142716641587
55073433,BOBO,2025-06-16,50,blue_silo,0.11690575518396502,0.35162142716641587
55073433,BOBO,2025-06-16,95,bobolink,0.6303674293167821,0.5756425484078875
55073433,BOBO,2025-06-16,50,bobolink,0.6889558351322965,0.5756425484078875
55073433,BOBO,2025-06-16,95,pond,0.01649033199319692,0
55073433,BOBO,2025-06-16,95,off_field,0.17803027059711024,NA
55073433,BOBO,2025-06-16,50,off_field,0.1941384096837384,NA
55073433,BOBO,2025-06-21,95,bobolink,0.4835171054716342,0.3347701177666112
55073433,BOBO,2025-06-21,50,bobolink,0.30713978097590006,0.3347701177666112
55073433,BOBO,2025-06-21,95,clydesdale,0.42007217944210506,0.755130995454596
55073433,BOBO,2025-06-21,50,clydesdale,0.6018991905206543,0.755130995454596
55073433,BOBO,2025-06-21,95,off_field,0.09640530812803934,NA
55073433,BOBO,2025-06-21,50,off_field,0.0909610285034456,NA
55073433,BOBO,2025-06-25,95,front_hay,1.0000000412551238,0.5264752295214797
55073433,BOBO,2025-06-25,50,front_hay,0.9999999738387926,0.5264752295214797
55073433,BOBO,2025-06-25,95,off_field,0,NA
55073433,BOBO,2025-06-25,50,off_field,2.6161207442693993e-8,NA
55073433,BOBO,2025-07-21,95,bobolink,0.09353355268661376,0.1495391487501532
55073433,BOBO,2025-07-21,50,bobolink,0.02657549904320619,0.1495391487501532
55073433,BOBO,2025-07-21,95,swale,0.00573253814560168,0
55073433,BOBO,2025-07-21,95,underhill,0.35682784610912505,0.7506634802594826
55073433,BOBO,2025-07-21,50,underhill,0.5089359394533388,0.7506634802594826
55073433,BOBO,2025-07-21,95,front_hay,0.07236525096689951,0
55073433,BOBO,2025-07-21,95,entrance,0.02951892398721539,0
55073433,BOBO,2025-07-21,95,clydesdale,0.29961304808498046,0.6034317956111581
55073433,BOBO,2025-07-21,50,clydesdale,0.3435168200878498,0.6034317956111581
55073433,BOBO,2025-07-21,95,pond,0.00809729192427884,0
55073433,BOBO,2025-07-21,95,off_field,0.1281537104361042,NA
55073433,BOBO,2025-07-21,50,off_field,0.12097174141560524,NA
55073433,BOBO,2025-06-12,95,bobolink,0.898833928122785,0.587375811563641
55073433,BOBO,2025-06-12,50,bobolink,0.999999991927716,0.587375811563641
55073433,BOBO,2025-06-12,95,clydesdale,0.06785617980725427,0
55073433,BOBO,2025-06-12,95,off_field,0.03330989206996077,NA
55073433,BOBO,2025-06-12,50,off_field,8.072284044903133e-9,NA
55073433,BOBO,2025-07-25,95,bobolink,0.31734760496790476,0.06296947938592957
55073433,BOBO,2025-07-25,50,bobolink,0.03793588042099324,0.06296947938592957
55073433,BOBO,2025-07-25,95,front_hay,0.5741445707582626,0.7883117876713263
55073433,BOBO,2025-07-25,50,front_hay,0.8592194964559998,0.7883117876713263
55073433,BOBO,2025-07-25,95,clydesdale,0.05842340684368755,0.38521771975908414
55073433,BOBO,2025-07-25,50,clydesdale,0.0427245969597558,0.38521771975908414
55073433,BOBO,2025-07-25,95,off_field,0.05007511939866608,NA
55073433,BOBO,2025-07-25,50,off_field,0.06012002616325111,NA
55073433,BOBO,2025-07-26,95,bobolink,0.09427621209247213,0
55073433,BOBO,2025-07-26,95,front_hay,0.8875824727589566,0.5936412525048846
55073433,BOBO,2025-07-26,50,front_hay,1.0000000312282304,0.5936412525048846
55073433,BOBO,2025-07-26,95,off_field,0.01814131514857121,NA
55073433,BOBO,2025-07-26,50,off_field,0,NA
55073433,BOBO,2025-09-14,95,bobolink,0.7864577785489552,0.5686224555143469
55073433,BOBO,2025-09-14,50,bobolink,0.8494565049174231,0.5686224555143469
55073433,BOBO,2025-09-14,95,front_hay,0.21354224982786688,0.3711388045740917
55073433,BOBO,2025-09-14,50,front_hay,0.15054346448885308,0.3711388045740917
55073433,BOBO,2025-09-14,95,off_field,0,NA
55073433,BOBO,2025-09-14,50,off_field,3.0593723780827764e-8,NA
55073433,BOBO,2025-06-11,95,bobolink,0.9855216072182832,0.5341986510492243
55073433,BOBO,2025-06-11,50,bobolink,0.999999988548905,0.5341986510492243
55073433,BOBO,2025-06-11,95,off_field,0.0123324118623607,NA
55073433,BOBO,2025-06-11,50,off_field,1.145109495946706e-8,NA
55073433,BOBO,2025-06-19,95,bobolink,0.7729605746922176,0.5726994465330975
55073433,BOBO,2025-06-19,50,bobolink,0.839869419116079,0.5726994465330975
55073433,BOBO,2025-06-19,95,clydesdale,0.11336348804244856,0.44899803295644425
55073433,BOBO,2025-06-19,50,clydesdale,0.09657068240089096,0.44899803295644425
55073433,BOBO,2025-06-19,95,off_field,0.1135569585407374,NA
55073433,BOBO,2025-06-19,50,off_field,0.06355989848302995,NA
55073433,BOBO,2025-08-24,95,front_hay,0.9994858204938076,0.5268221634219797
55073433,BOBO,2025-08-24,50,front_hay,0.999999986644848,0.5268221634219797
55073433,BOBO,2025-08-24,95,off_field,5.079674803754232e-4,NA
55073433,BOBO,2025-08-24,50,off_field,1.3355152014620991e-8,NA
55073433,BOBO,2025-06-13,95,bobolink,0.9963648437058844,0.5285776581302316
55073433,BOBO,2025-06-13,50,bobolink,1.0000000090380807,0.5285776581302316
55073433,BOBO,2025-06-13,95,off_field,0.00351339121694674,NA
55073433,BOBO,2025-06-13,50,off_field,0,NA
55073433,BOBO,2025-06-23,95,front_hay,0.9999999722575,0.5357668151376294
55073433,BOBO,2025-06-23,50,front_hay,0.9999999460849412,0.5357668151376294
55073433,BOBO,2025-06-23,95,off_field,2.774249983426158e-8,NA
55073433,BOBO,2025-06-23,50,off_field,5.3915058701260214e-8,NA
55073433,BOBO,2025-06-14,95,bobolink,0.9935600481358028,0.5299187093189507
55073433,BOBO,2025-06-14,50,bobolink,0.9999999492633136,0.5299187093189507
55073433,BOBO,2025-06-14,95,off_field,0.00643995186419721,NA
55073433,BOBO,2025-06-14,50,off_field,5.0736686245093317e-8,NA
55073433,BOBO,2025-07-04,95,front_hay,1.0000000028178109,0.5263266520841299
55073433,BOBO,2025-07-04,50,front_hay,0.999999983412346,0.5263266520841299
55073433,BOBO,2025-07-04,95,off_field,0,NA
55073433,BOBO,2025-07-04,50,off_field,1.6587653865625838e-8,NA
55073433,BOBO,2025-07-05,95,front_hay,0.9999999871937284,0.5268822504105134
55073433,BOBO,2025-07-05,50,front_hay,1.00000000262654,0.5268822504105134
55073433,BOBO,2025-07-05,95,off_field,1.2806271626533063e-8,NA
55073433,BOBO,2025-07-05,50,off_field,0,NA
55073433,BOBO,2025-07-08,95,front_hay,0.9898098145751076,0.5318024269101059
55073433,BOBO,2025-07-08,50,front_hay,0.9999999562861236,0.5318024269101059
55073433,BOBO,2025-07-08,95,off_field,0.00786454557926731,NA
55073433,BOBO,2025-07-08,50,off_field,4.3713876562725535e-8,NA
55073433,BOBO,2025-07-24,95,front_hay,0.9385485067588072,0.5610559843925584
55073433,BOBO,2025-07-24,50,front_hay,1.0000000320559876,0.5610559843925584
55073433,BOBO,2025-07-24,95,clydesdale,0.03959065564244456,0
55073433,BOBO,2025-07-24,95,off_field,0.02018302784419697,NA
55073433,BOBO,2025-07-24,50,off_field,0,NA
55073433,BOBO,2025-08-19,95,front_hay,0.992082430950106,0.5314671318588025
55073433,BOBO,2025-08-19,50,front_hay,1.0000000162079112,0.5314671318588025
55073433,BOBO,2025-08-19,95,off_field,0.00310641169848414,NA
55073433,BOBO,2025-08-19,50,off_field,0,NA
55073433,BOBO,2025-06-17,95,blue_silo,0.02002212213866899,0
55073433,BOBO,2025-06-17,95,bobolink,0.9598689972235436,0.548791845601753
55073433,BOBO,2025-06-17,50,bobolink,0.9999999965794673,0.548791845601753
55073433,BOBO,2025-06-17,95,off_field,0.0201088806377875,NA
55073433,BOBO,2025-06-17,50,off_field,3.420532769672872e-9,NA
55073433,BOBO,2025-07-19,95,alfalfa,0.2091639590739202,0.6788182944117506
55073433,BOBO,2025-07-19,50,alfalfa,0.2696475958801561,0.6788182944117506
55073433,BOBO,2025-07-19,95,blue_silo,0.00787069730882758,0
55073433,BOBO,2025-07-19,95,bobolink,0.3448621878842199,0.6745547111180616
55073433,BOBO,2025-07-19,50,bobolink,0.4417930908017077,0.6745547111180616
55073433,BOBO,2025-07-19,95,swale,0.1813198845512725,0.31545867985334997
55073433,BOBO,2025-07-19,50,swale,0.10862857342380967,0.31545867985334997
55073433,BOBO,2025-07-19,95,clydesdale,0.02889658155006728,0
55073433,BOBO,2025-07-19,95,pond,0.05516928360298875,0.01237603464850005
55073433,BOBO,2025-07-19,95,off_field,0.171473003260773,NA
55073433,BOBO,2025-07-19,50,off_field,0.178634053297429,NA
55073433,BOBO,2025-09-12,95,bobolink,1.000000024209023,0.5263673098308718
55073433,BOBO,2025-09-12,50,bobolink,1.000000027777043,0.5263673098308718
55073433,BOBO,2025-09-12,95,off_field,0,NA
55073433,BOBO,2025-09-12,50,off_field,0,NA
55073433,BOBO,2025-07-01,95,front_hay,0.9999999937191342,0.5265889458885283
55073433,BOBO,2025-07-01,50,front_hay,0.9999999453219331,0.5265889458885283
55073433,BOBO,2025-07-01,95,off_field,6.280865869102159e-9,NA
55073433,BOBO,2025-07-01,50,off_field,5.467806675196809e-8,NA
55073433,BOBO,2025-07-10,95,bobolink,0.0719935852257703,0
55073433,BOBO,2025-07-10,95,front_hay,0.9280064384997744,0.5672786407842807
55073433,BOBO,2025-07-10,50,front_hay,1.0000000469412966,0.5672786407842807
55073433,BOBO,2025-07-10,95,off_field,0,NA
55073433,BOBO,2025-07-10,50,off_field,0,NA
55073433,BOBO,2025-08-15,95,front_hay,0.9225298987311856,0.5706787051122231
55073433,BOBO,2025-08-15,50,front_hay,0.9999999945678696,0.5706787051122231
55073433,BOBO,2025-08-15,95,entrance,0.06880874876572587,0
55073433,BOBO,2025-08-15,95,off_field,0.00805978135303263,NA
55073433,BOBO,2025-08-15,50,off_field,5.432130391470634e-9,NA
55073433,BOBO,2025-08-22,95,front_hay,0.99999998033521,0.5722379866834585
55073433,BOBO,2025-08-22,50,front_hay,0.9999999694535954,0.5722379866834585
55073433,BOBO,2025-08-22,95,off_field,1.9664789926850324e-8,NA
55073433,BOBO,2025-08-22,50,off_field,3.0546404616392596e-8,NA
55073433,BOBO,2025-07-12,95,blue_silo,0.01586745807088871,0
55073433,BOBO,2025-07-12,95,bobolink,0.04549735211439457,0
55073433,BOBO,2025-07-12,95,pear_tree,0.1684761654945702,0.32081253219937594
55073433,BOBO,2025-07-12,50,pear_tree,0.10262657631484667,0.32081253219937594
55073433,BOBO,2025-07-12,95,swale,0.02980831913051911,0
55073433,BOBO,2025-07-12,95,underhill,0.01078841407747111,0
55073433,BOBO,2025-07-12,95,retired,0.25761019755822895,0.6659135905664072
55073433,BOBO,2025-07-12,50,retired,0.3257249119174219,0.6659135905664072
55073433,BOBO,2025-07-12,95,donkey,0.04697994019666046,0.5519556017656339
55073433,BOBO,2025-07-12,50,donkey,0.04923644079643431,0.5519556017656339
55073433,BOBO,2025-07-12,95,front_hay,0.03970128036538929,0
55073433,BOBO,2025-07-12,95,entrance,0.00511922168623862,0
55073433,BOBO,2025-07-12,95,off_field,0.38014815041826133,NA
55073433,BOBO,2025-07-12,50,off_field,0.5224120709712972,NA
55073433,BOBO,2025-07-20,95,alfalfa,0.455295929044592,0.8657769953763801
55073433,BOBO,2025-07-20,50,alfalfa,0.7485907213970788,0.8657769953763801
55073433,BOBO,2025-07-20,95,bobolink,0.07521664024988853,0
55073433,BOBO,2025-07-20,95,swale,0.26858708940202175,0.5013396096695296
55073433,BOBO,2025-07-20,50,swale,0.2557182844522021,0.5013396096695296
55073433,BOBO,2025-07-20,95,entrance,0.00874531680762322,0
55073433,BOBO,2025-07-20,95,clydesdale,0.03135636256807012,0
55073433,BOBO,2025-07-20,95,pond,0.07349786218100963,0
55073433,BOBO,2025-07-20,95,back_woods,0.0505149045959225,0.01993878940726642
55073433,BOBO,2025-07-20,95,off_field,0.03678589515087222,NA
55073433,BOBO,2025-07-20,50,off_field,0,NA
55073433,BOBO,2025-09-11,95,bobolink,0.9999999607511004,0.5263846236072589
55073433,BOBO,2025-09-11,50,bobolink,0.9999999913517544,0.5263846236072589
55073433,BOBO,2025-09-11,95,off_field,3.9248899589971915e-8,NA
55073433,BOBO,2025-09-11,50,off_field,8.648245502745561e-9,NA
55073433,BOBO,2025-06-10,95,bobolink,0.9652123386525198,0.5448575392446284
55073433,BOBO,2025-06-10,50,bobolink,0.9989008580550672,0.5448575392446284
55073433,BOBO,2025-06-10,95,off_field,0.03478766134748023,NA
55073433,BOBO,2025-06-10,50,off_field,0.00109914194493281,NA
55073433,BOBO,2025-06-20,95,bobolink,0.5366581479928729,0.6639162069096078
55073433,BOBO,2025-06-20,50,bobolink,0.6769818509644999,0.6639162069096078
55073433,BOBO,2025-06-20,95,front_hay,0.00648409300742571,0
55073433,BOBO,2025-06-20,95,clydesdale,0.2232655878594389,0.5452516759976196
55073433,BOBO,2025-06-20,50,clydesdale,0.23130489689427003,0.5452516759976196
55073433,BOBO,2025-06-20,95,off_field,0.2295054532597382,NA
55073433,BOBO,2025-06-20,50,off_field,0.09171325214123002,NA
55073433,BOBO,2025-07-09,95,bobolink,0.02194661141309368,0
55073433,BOBO,2025-07-09,95,front_hay,0.9780533892373012,0.5390440907384547
55073433,BOBO,2025-07-09,50,front_hay,0.999999989472896,0.5390440907384547
55073433,BOBO,2025-07-09,95,off_field,0,NA
55073433,BOBO,2025-07-09,50,off_field,1.052710406641362e-8,NA
55073433,BOBO,2025-08-14,95,front_hay,0.858189218021491,0.5667115908268454
55073433,BOBO,2025-08-14,50,front_hay,0.9236204721445184,0.5667115908268454
55073433,BOBO,2025-08-14,95,entrance,0.12234341328235876,0.24425518875046823
55073433,BOBO,2025-08-14,50,entrance,0.05675090511322848,0.24425518875046823
55073433,BOBO,2025-08-14,95,off_field,0.01946736869615029,NA
55073433,BOBO,2025-08-14,50,off_field,0.01962862274225308,NA
55073433,BOBO,2025-09-22,95,bobolink,0.12348073869238332,0.12278489004841084
55073433,BOBO,2025-09-22,50,bobolink,0.02878972623970323,0.12278489004841084
55073433,BOBO,2025-09-22,95,entrance,0.02386307762555403,0
55073433,BOBO,2025-09-22,95,clydesdale,0.5316910076375888,0.7125394420205835
55073433,BOBO,2025-09-22,50,clydesdale,0.7193853929772931,0.7125394420205835
55073433,BOBO,2025-09-22,95,off_field,0.32026766394096173,NA
55073433,BOBO,2025-09-22,50,off_field,0.2518248807830037,NA
55073433,BOBO,2025-08-18,95,bobolink,0.05688266473255792,0.0990515354242834
55073433,BOBO,2025-08-18,50,bobolink,0.0107034748080476,0.0990515354242834
55073433,BOBO,2025-08-18,95,underhill,0.05063266680387491,0
55073433,BOBO,2025-08-18,95,front_hay,0.1706855582843935,0.09000417331669526
55073433,BOBO,2025-08-18,50,front_hay,0.02918388264494264,0.09000417331669526
55073433,BOBO,2025-08-18,95,entrance,0.00877195503465229,0.00603888507302564
55073433,BOBO,2025-08-18,95,clydesdale,0.6583502265616213,0.7335079160197855
55073433,BOBO,2025-08-18,50,clydesdale,0.9173719154510028,0.7335079160197855
55073433,BOBO,2025-08-18,95,off_field,0.05467692858290009,NA
55073433,BOBO,2025-08-18,50,off_field,0.04264009493305919,NA
55073433,BOBO,2025-09-15,95,bobolink,0.6737504966601084,0.4956507578754168
55073433,BOBO,2025-09-15,50,bobolink,0.634039305553188,0.4956507578754168
55073433,BOBO,2025-09-15,95,front_hay,0.30265713061703714,0.6368574563433479
55073433,BOBO,2025-09-15,50,front_hay,0.36596070620375937,0.6368574563433479
55073433,BOBO,2025-09-15,95,off_field,0.02359237272285444,NA
55073433,BOBO,2025-09-15,50,off_field,0,NA
55073433,BOBO,2025-09-20,95,bobolink,0.04337372459552682,0
55073433,BOBO,2025-09-20,95,clydesdale,0.01093202490718156,0
55073433,BOBO,2025-09-20,95,off_field,0.9456942504972916,NA
55073433,BOBO,2025-09-20,50,off_field,1,NA
55073433,BOBO,2025-06-18,95,bobolink,0.993895389336174,0.5324019369825068
55073433,BOBO,2025-06-18,50,bobolink,1.000000034516528,0.5324019369825068
55073433,BOBO,2025-06-18,95,off_field,0.00480185714924686,NA
55073433,BOBO,2025-06-18,50,off_field,0,NA
55073433,BOBO,2025-06-22,95,bobolink,0.8099525520443136,0.47377740784176103
55073433,BOBO,2025-06-22,50,bobolink,0.7287620072753848,0.47377740784176103
55073433,BOBO,2025-06-22,95,front_hay,0.18319556929743372,0.7796215078491215
55073433,BOBO,2025-06-22,50,front_hay,0.27123802613677533,0.7796215078491215
55073433,BOBO,2025-06-22,95,off_field,0.00101834870719788,NA
55073433,BOBO,2025-06-22,50,off_field,0,NA
55073433,BOBO,2025-06-26,95,front_hay,0.9999999706761836,0.5266758105374096
55073433,BOBO,2025-06-26,50,front_hay,1.0000000191123632,0.5266758105374096
55073433,BOBO,2025-06-26,95,off_field,2.9323816428769573e-8,NA
55073433,BOBO,2025-06-26,50,off_field,0,NA
55073433,BOBO,2025-07-22,95,bobolink,0.01364625011048891,0
55073433,BOBO,2025-07-22,95,underhill,0.4743954227905875,0.6335142241531242
55073433,BOBO,2025-07-22,50,underhill,0.5707806019830247,0.6335142241531242
55073433,BOBO,2025-07-22,95,front_hay,0.3781193688251689,0.597692874309771
55073433,BOBO,2025-07-22,50,front_hay,0.4292194039557194,0.597692874309771
55073433,BOBO,2025-07-22,95,entrance,0.02983549701579867,0
55073433,BOBO,2025-07-22,95,clydesdale,0.07808696651812175,0
55073433,BOBO,2025-07-22,95,off_field,0.02488965710449981,NA
55073433,BOBO,2025-07-22,50,off_field,0,NA
55073433,BOBO,2025-08-23,95,front_hay,1.0000000298037908,0.526504766145688
55073433,BOBO,2025-08-23,50,front_hay,1.000000005291965,0.526504766145688
55073433,BOBO,2025-08-23,95,off_field,0,NA
55073433,BOBO,2025-08-23,50,off_field,0,NA
55073433,BOBO,2025-09-13,95,bobolink,1.0000000052521751,0.526991452359896
55073433,BOBO,2025-09-13,50,bobolink,1.0000000443718735,0.526991452359896
55073433,BOBO,2025-09-13,95,off_field,0,NA
55073433,BOBO,2025-09-13,50,off_field,0,NA
55073433,BOBO,2025-09-19,95,bobolink,0.2713625513702316,0.38837205295308663
55073433,BOBO,2025-09-19,50,bobolink,0.20017422059927711,0.38837205295308663
55073433,BOBO,2025-09-19,95,entrance,0.00929921479475728,0
55073433,BOBO,2025-09-19,95,off_field,0.716809528412311,NA
55073433,BOBO,2025-09-19,50,off_field,0.7998257794007229,NA
55073433,BOBO,2025-06-15,95,bobolink,1.0000000297612088,0.5264317662856624
55073433,BOBO,2025-06-15,50,bobolink,0.9999999612243908,0.5264317662856624
55073433,BOBO,2025-06-15,95,off_field,0,NA
55073433,BOBO,2025-06-15,50,off_field,3.877560911872307e-8,NA
55073433,BOBO,2025-07-02,95,front_hay,1.0000000207136193,0.526575274790648
55073433,BOBO,2025-07-02,50,front_hay,1.0000000346763616,0.526575274790648
55073433,BOBO,2025-07-02,95,off_field,0,NA
55073433,BOBO,2025-07-02,50,off_field,0,NA
55073433,BOBO,2025-08-25,95,front_hay,0.9999999800930164,0.5269769372960171
55073433,BOBO,2025-08-25,50,front_hay,1.0000000112399152,0.5269769372960171
55073433,BOBO,2025-08-25,95,off_field,1.9906983457021218e-8,NA
55073433,BOBO,2025-08-25,50,off_field,0,NA
55073433,BOBO,2025-09-16,95,bobolink,0.51597684211805,0.4587408976033739
55073433,BOBO,2025-09-16,50,bobolink,0.4494225438934712,0.4587408976033739
55073433,BOBO,2025-09-16,95,front_hay,0.45622833666959833,0.6355928286395713
55073433,BOBO,2025-09-16,50,front_hay,0.5505774601053708,0.6355928286395713
55073433,BOBO,2025-09-16,95,off_field,0.02698127918386724,NA
55073433,BOBO,2025-09-16,50,off_field,0,NA
55073433,BOBO,2025-06-24,95,front_hay,1.0000000289128923,0.5320981239356056
55073433,BOBO,2025-06-24,50,front_hay,0.9999999599123796,0.5320981239356056
55073433,BOBO,2025-06-24,95,off_field,0,NA
55073433,BOBO,2025-06-24,50,off_field,4.008762031347156e-8,NA
55073433,BOBO,2025-07-03,95,front_hay,0.9999999859779092,0.5267382096268591
55073433,BOBO,2025-07-03,50,front_hay,1.00000002828143,0.5267382096268591
55073433,BOBO,2025-07-03,95,off_field,1.4022090746740842e-8,NA
55073433,BOBO,2025-07-03,50,off_field,0,NA
55073433,BOBO,2025-08-20,95,front_hay,1.000000015350042,0.5267155703181737
55073433,BOBO,2025-08-20,50,front_hay,0.9999999739791572,0.5267155703181737
55073433,BOBO,2025-08-20,95,off_field,0,NA
55073433,BOBO,2025-08-20,50,off_field,2.6020842889829212e-8,NA
55073433,BOBO,2025-08-21,95,front_hay,1.0000000040860644,0.5271204603243602
55073433,BOBO,2025-08-21,50,front_hay,0.9999999942313146,0.5271204603243602
55073433,BOBO,2025-08-21,95,off_field,0,NA
55073433,BOBO,2025-08-21,50,off_field,5.768685462050217e-9,NA
55074B52,EAME,2025-06-16,95,bobolink,0.4012444129476688,0.8717278075670042
55074B52,EAME,2025-06-16,50,bobolink,0.6638799501242583,0.8717278075670042
55074B52,EAME,2025-06-16,95,front_hay,0.06733086602462128,0.1289305401959355
55074B52,EAME,2025-06-16,50,front_hay,0.01647667810914548,0.1289305401959355
55074B52,EAME,2025-06-16,95,entrance,0.03891720704677703,0
55074B52,EAME,2025-06-16,95,clydesdale,0.17849114951794634,0.6534144933292393
55074B52,EAME,2025-06-16,50,clydesdale,0.22136303692601672,0.6534144933292393
55074B52,EAME,2025-06-16,95,pond,0.10009939186218154,0
55074B52,EAME,2025-06-16,95,off_field,0.20460926630487583,NA
55074B52,EAME,2025-06-16,50,off_field,0.09828033484057952,NA
55074B52,EAME,2025-06-21,95,bobolink,0.5423863763828313,0.6919308554232759
55074B52,EAME,2025-06-21,50,bobolink,0.7118527553732797,0.6919308554232759
55074B52,EAME,2025-06-21,95,clydesdale,0.056578276815195,0.01034476612282102
55074B52,EAME,2025-06-21,95,pond,0.05950235984970763,0
55074B52,EAME,2025-06-21,95,off_field,0.33092464868369115,NA
55074B52,EAME,2025-06-21,50,off_field,0.287037075634574,NA
55074B52,EAME,2025-06-25,95,blue_silo,0.0074394022302382,0
55074B52,EAME,2025-06-25,95,bobolink,0.7842876801660102,0.628398788920852
55074B52,EAME,2025-06-25,50,bobolink,0.9346926425781588,0.628398788920852
55074B52,EAME,2025-06-25,95,clydesdale,0.03980942967308162,0.16601847086324176
55074B52,EAME,2025-06-25,50,clydesdale,0.01253431073266605,0.16601847086324176
55074B52,EAME,2025-06-25,95,off_field,0.1684634879306699,NA
55074B52,EAME,2025-06-25,50,off_field,0.05277304668917516,NA
55074B52,EAME,2025-06-18,95,bobolink,0.5975188148631304,0.7625571253489145
55074B52,EAME,2025-06-18,50,bobolink,0.8653737696168813,0.7625571253489145
55074B52,EAME,2025-06-18,95,front_hay,0.00789271215155224,0
55074B52,EAME,2025-06-18,95,entrance,0.00834028345161533,0
55074B52,EAME,2025-06-18,95,clydesdale,0.12850793936249882,0.1915395585826753
55074B52,EAME,2025-06-18,50,clydesdale,0.0467485559874557,0.1915395585826753
55074B52,EAME,2025-06-18,95,pond,0.06091008746864852,0
55074B52,EAME,2025-06-18,95,off_field,0.19675609243425377,NA
55074B52,EAME,2025-06-18,50,off_field,0.08787767439566299,NA
55074B52,EAME,2025-06-22,95,bobolink,0.5365606275315132,0.6733260920654097
55074B52,EAME,2025-06-22,50,bobolink,0.685278399100911,0.6733260920654097
55074B52,EAME,2025-06-22,95,clydesdale,0.10381327285762486,0.3796170208463325
55074B52,EAME,2025-06-22,50,clydesdale,0.07475174868781068,0.3796170208463325
55074B52,EAME,2025-06-22,95,pond,0.02839620076283954,0
55074B52,EAME,2025-06-22,95,off_field,0.33122989884802234,NA
55074B52,EAME,2025-06-22,50,off_field,0.2399698522112783,NA
55074B52,EAME,2025-06-26,95,bobolink,0.750881016210412,0.6364504460612964
55074B52,EAME,2025-06-26,50,bobolink,0.906628681736211,0.6364504460612964
55074B52,EAME,2025-06-26,95,clydesdale,0.04034010465258374,0.13694237183996189
55074B52,EAME,2025-06-26,50,clydesdale,0.01048017658679927,0.13694237183996189
55074B52,EAME,2025-06-26,95,pond,0.0145983162775689,0
55074B52,EAME,2025-06-26,95,off_field,0.19418056285943536,NA
55074B52,EAME,2025-06-26,50,off_field,0.08289114167698972,NA
55074B52,EAME,2025-06-27,95,blue_silo,0.0930228639075122,0
55074B52,EAME,2025-06-27,95,bobolink,0.7041348451512166,0.6905596521236935
55074B52,EAME,2025-06-27,50,bobolink,0.9227862875616952,0.6905596521236935
55074B52,EAME,2025-06-27,95,swale,0.01344100628237626,0
55074B52,EAME,2025-06-27,95,pond,0.01343778326874161,0
55074B52,EAME,2025-06-27,95,off_field,0.17578276541583332,NA
55074B52,EAME,2025-06-27,50,off_field,0.07721371243830467,NA
55074B52,EAME,2025-06-12,95,bobolink,0.6969755575793553,0.7318067878786929
55074B52,EAME,2025-06-12,50,bobolink,0.9690478800955358,0.7318067878786929
55074B52,EAME,2025-06-12,95,clydesdale,0.10824475709187412,0.06998886968507168
55074B52,EAME,2025-06-12,50,clydesdale,0.01439352294020568,0.06998886968507168
55074B52,EAME,2025-06-12,95,pond,0.0522139651728101,0
55074B52,EAME,2025-06-12,95,off_field,0.14144441785293552,NA
55074B52,EAME,2025-06-12,50,off_field,0.01655859696425858,NA
55074B52,EAME,2025-06-24,95,bobolink,0.8208066762652508,0.6288518200671382
55074B52,EAME,2025-06-24,50,bobolink,0.9799162864954136,0.6288518200671382
55074B52,EAME,2025-06-24,95,clydesdale,0.03688332939007455,0.02332003318664252
55074B52,EAME,2025-06-24,95,off_field,0.1423099943446746,NA
55074B52,EAME,2025-06-24,50,off_field,0.01845081551396602,NA
55074B52,EAME,2025-06-06,95,blue_silo,0.01248977750073577,0
55074B52,EAME,2025-06-06,95,bobolink,0.06084062091737873,0
55074B52,EAME,2025-06-06,95,swale,0.0109756115978787,0
55074B52,EAME,2025-06-06,95,entrance,0.01590353848705234,0
55074B52,EAME,2025-06-06,95,clydesdale,0.1616215644043777,0.2148657881855322
55074B52,EAME,2025-06-06,50,clydesdale,0.06597282189201013,0.2148657881855322
55074B52,EAME,2025-06-06,95,pond,0.25783804777683944,0.48073131272626446
55074B52,EAME,2025-06-06,50,pond,0.2354766773317188,0.48073131272626446
55074B52,EAME,2025-06-06,95,off_field,0.4795756982632782,NA
55074B52,EAME,2025-06-06,50,off_field,0.698550500776271,NA
55074B52,EAME,2025-06-15,95,bobolink,0.6639568115638297,0.7611093132083926
55074B52,EAME,2025-06-15,50,bobolink,0.9586528122474192,0.7611093132083926
55074B52,EAME,2025-06-15,95,front_hay,0.03562430171927956,0
55074B52,EAME,2025-06-15,95,entrance,0.00644013589164346,0
55074B52,EAME,2025-06-15,95,clydesdale,0.08584653258657371,0.01809733419463514
55074B52,EAME,2025-06-15,95,pond,0.04861137085166873,0
55074B52,EAME,2025-06-15,95,off_field,0.15603040786061395,NA
55074B52,EAME,2025-06-15,50,off_field,0.03839997255186465,NA
55074B52,EAME,2025-07-02,95,blue_silo,0.12184759625613864,0.15996584217439294
55074B52,EAME,2025-07-02,50,blue_silo,0.03698837475428523,0.15996584217439294
55074B52,EAME,2025-07-02,95,bobolink,0.4846460848104795,0.8395241202287375
55074B52,EAME,2025-07-02,50,bobolink,0.7721095305363351,0.8395241202287375
55074B52,EAME,2025-07-02,95,frog,0.06493579448996804,0.0838335681501762
55074B52,EAME,2025-07-02,50,frog,0.0103305426696662,0.0838335681501762
55074B52,EAME,2025-07-02,95,horse,0.01829272195098256,0
55074B52,EAME,2025-07-02,95,swale,0.00943750713566459,0
55074B52,EAME,2025-07-02,95,wheat,0.06118587460707978,0.09351131075256044
55074B52,EAME,2025-07-02,50,wheat,0.01085766263114885,0.09351131075256044
55074B52,EAME,2025-07-02,95,quarter,0.00776790600495218,0
55074B52,EAME,2025-07-02,95,retired,0.00802239483291444,0
55074B52,EAME,2025-07-02,95,front_hay,0.00860132822627659,0
55074B52,EAME,2025-07-02,95,clydesdale,0.00502265815022209,0
55074B52,EAME,2025-07-02,95,pond,0.00777355968596726,0
55074B52,EAME,2025-07-02,95,off_field,0.20144289283952943,NA
55074B52,EAME,2025-07-02,50,off_field,0.16971388940856455,NA
55074B52,EAME,2025-07-05,95,blue_silo,0.19521392722872,0.5370122632984655
55074B52,EAME,2025-07-05,50,blue_silo,0.19917191426099792,0.5370122632984655
55074B52,EAME,2025-07-05,95,bobolink,0.47982968367345136,0.6917266055227318
55074B52,EAME,2025-07-05,50,bobolink,0.6306010459433873,0.6917266055227318
55074B52,EAME,2025-07-05,95,swale,0.02029450900024065,0
55074B52,EAME,2025-07-05,95,retired,0.04451554756775313,0.04407150658316006
55074B52,EAME,2025-07-05,95,front_hay,0.01258168755029985,0
55074B52,EAME,2025-07-05,95,clydesdale,0.01404353326892595,0
55074B52,EAME,2025-07-05,95,off_field,0.23038152518494817,NA
55074B52,EAME,2025-07-05,50,off_field,0.16649966801895677,NA
55074B52,EAME,2025-06-13,95,bobolink,0.8007999779807242,0.6577182123313202
55074B52,EAME,2025-06-13,50,bobolink,0.9999999877282432,0.6577182123313202
55074B52,EAME,2025-06-13,95,clydesdale,0.0603541940251062,0
55074B52,EAME,2025-06-13,95,pond,0.01731133109817917,0
55074B52,EAME,2025-06-13,95,off_field,0.12137307195120696,NA
55074B52,EAME,2025-06-13,50,off_field,1.2271756948252215e-8,NA
55074B52,EAME,2025-06-23,95,bobolink,0.6911807732796289,0.6335401775113108
55074B52,EAME,2025-06-23,50,bobolink,0.8311023286115278,0.6335401775113108
55074B52,EAME,2025-06-23,95,clydesdale,0.07672258533448655,0.2558594367900724
55074B52,EAME,2025-06-23,50,clydesdale,0.03725746969539183,0.2558594367900724
55074B52,EAME,2025-06-23,95,pond,0.01095647822880998,0
55074B52,EAME,2025-06-23,95,off_field,0.22114000549049703,NA
55074B52,EAME,2025-06-23,50,off_field,0.13164020169308044,NA
55074B52,EAME,2025-05-30,95,alfalfa,0.08849388395467973,0.675655253146485
55074B52,EAME,2025-05-30,50,alfalfa,0.11359272126116658,0.675655253146485
55074B52,EAME,2025-05-30,95,blue_silo,0.06127982852521815,0.41750423456606256
55074B52,EAME,2025-05-30,50,blue_silo,0.04860607085305636,0.41750423456606256
55074B52,EAME,2025-05-30,95,bobolink,0.03468651760268001,0.06997582189314959
55074B52,EAME,2025-05-30,95,swale,0.17709009415808552,0.9177899881712988
55074B52,EAME,2025-05-30,50,swale,0.30878036357322824,0.9177899881712988
55074B52,EAME,2025-05-30,95,underhill,0.03157979488751419,0.02276447019019505
55074B52,EAME,2025-05-30,95,front_hay,0.07932130698396223,0.6831451607294361
55074B52,EAME,2025-05-30,50,front_hay,0.10294729677979109,0.6831451607294361
55074B52,EAME,2025-05-30,95,entrance,0.03519722938121592,0.09792177299092818
55074B52,EAME,2025-05-30,50,entrance,0.00654786680203905,0.09792177299092818
55074B52,EAME,2025-05-30,95,clydesdale,0.01110213662031086,0
55074B52,EAME,2025-05-30,95,pond,0.10416372139238111,0.7405641742339013
55074B52,EAME,2025-05-30,50,pond,0.14655183999172677,0.7405641742339013
55074B52,EAME,2025-05-30,95,back_woods,0.10112362243686908,0.822304675726599
55074B52,EAME,2025-05-30,50,back_woods,0.1579783115094937,0.822304675726599
55074B52,EAME,2025-05-30,95,piano,0.00772429429764782,0
55074B52,EAME,2025-05-30,95,off_field,0.25322597873965264,NA
55074B52,EAME,2025-05-30,50,off_field,0.10901848229742885,NA
55074B52,EAME,2025-06-04,95,bobolink,0.00733166894339004,0
55074B52,EAME,2025-06-04,95,clydesdale,0.15816052428059807,0
55074B52,EAME,2025-06-04,95,pond,0.3319443776730269,0.5122591949845496
55074B52,EAME,2025-06-04,50,pond,0.32293103875052886,0.5122591949845496
55074B52,EAME,2025-06-04,95,off_field,0.5025634291029849,NA
55074B52,EAME,2025-06-04,50,off_field,0.6770689612494711,NA
55074B52,EAME,2025-06-09,95,blue_silo,0.00930118729146859,0
55074B52,EAME,2025-06-09,95,bobolink,0.14333361516140178,0.3584014643624629
55074B52,EAME,2025-06-09,50,bobolink,0.0975896760163746,0.3584014643624629
55074B52,EAME,2025-06-09,95,swale,0.00643029028261317,0
55074B52,EAME,2025-06-09,95,retired,0.00549347743178816,0
55074B52,EAME,2025-06-09,95,front_hay,0.03558260162129205,0
55074B52,EAME,2025-06-09,95,entrance,0.02214795646608006,0
55074B52,EAME,2025-06-09,95,clydesdale,0.14426542817840102,0.7079459441509562
55074B52,EAME,2025-06-09,50,clydesdale,0.19402085454487575,0.7079459441509562
55074B52,EAME,2025-06-09,95,pond,0.2822793871996321,0.6690524609403806
55074B52,EAME,2025-06-09,50,pond,0.3587776529001868,0.6690524609403806
55074B52,EAME,2025-06-09,95,back_woods,0.01387234420594186,0
55074B52,EAME,2025-06-09,95,off_field,0.3349949903383294,NA
55074B52,EAME,2025-06-09,50,off_field,0.34961181653856277,NA
55074B52,EAME,2025-07-01,95,blue_silo,0.03783684199132076,0
55074B52,EAME,2025-07-01,95,bobolink,0.5895702616584237,0.6153143433753048
55074B52,EAME,2025-07-01,50,bobolink,0.6887641025367669,0.6153143433753048
55074B52,EAME,2025-07-01,95,retired,0.01427635803262037,0
55074B52,EAME,2025-07-01,95,clydesdale,0.03215817334107111,0.01748718996488349
55074B52,EAME,2025-07-01,95,pond,0.00639993548957607,0
55074B52,EAME,2025-07-01,95,off_field,0.31975842948698796,NA
55074B52,EAME,2025-07-01,50,off_field,0.3101681973329906,NA
55074B52,EAME,2025-06-07,95,bobolink,0.00819793894012427,0
55074B52,EAME,2025-06-07,95,clydesdale,0.06661746396737743,0
55074B52,EAME,2025-06-07,95,pond,0.22216905510421212,0.18973834194166472
55074B52,EAME,2025-06-07,50,pond,0.08006124405720473,0.18973834194166472
55074B52,EAME,2025-06-07,95,off_field,0.7030155419882862,NA
55074B52,EAME,2025-06-07,50,off_field,0.9199387559427952,NA
55074B52,EAME,2025-07-03,95,blue_silo,0.28474031927438553,0.848897980433468
55074B52,EAME,2025-07-03,50,blue_silo,0.4591298375938978,0.848897980433468
55074B52,EAME,2025-07-03,95,bobolink,0.1677481835660541,0.6981139405265689
55074B52,EAME,2025-07-03,50,bobolink,0.22244117776402708,0.6981139405265689
55074B52,EAME,2025-07-03,95,frog,0.02930417778950709,0
55074B52,EAME,2025-07-03,95,horse,0.00875797964514332,0
55074B52,EAME,2025-07-03,95,pear_tree,0.02910195862692815,0.02615480144023014
55074B52,EAME,2025-07-03,95,swale,0.03015020883869863,0.04206306451131191
55074B52,EAME,2025-07-03,95,underhill,0.01032396667726137,0
55074B52,EAME,2025-07-03,95,wheat,0.10298058047724122,0.484232190814195
55074B52,EAME,2025-07-03,50,wheat,0.09471964067993822,0.484232190814195
55074B52,EAME,2025-07-03,95,quarter,0.02889530943333667,0.06513543355457986
55074B52,EAME,2025-07-03,95,retired,0.05322611742705574,0.697649913236555
55074B52,EAME,2025-07-03,50,retired,0.07053316652803465,0.697649913236555
55074B52,EAME,2025-07-03,95,donkey,0.00524206790232584,1
55074B52,EAME,2025-07-03,50,donkey,0.0099571188611333,1
55074B52,EAME,2025-07-03,95,clydesdale,0.02353528653077417,0
55074B52,EAME,2025-07-03,95,pond,0.03420933957310938,0
55074B52,EAME,2025-07-03,95,native_ws,0.01226651448223696,0
55074B52,EAME,2025-07-03,95,cattle,0.01335567919471612,0
55074B52,EAME,2025-07-03,95,wish_well,0.00753292011500266,0
55074B52,EAME,2025-07-03,95,off_field,0.1528125112561931,NA
55074B52,EAME,2025-07-03,50,off_field,0.13578935361622663,NA
55074B52,EAME,2025-06-11,95,bobolink,0.2327490742266724,0.5426972599147137
55074B52,EAME,2025-06-11,50,bobolink,0.23983703604262055,0.5426972599147137
55074B52,EAME,2025-06-11,95,clydesdale,0.2665586952590596,0.5958890491759911
55074B52,EAME,2025-06-11,50,clydesdale,0.3015983183654312,0.5958890491759911
55074B52,EAME,2025-06-11,95,pond,0.09649143915842189,0.1297672606288151
55074B52,EAME,2025-06-11,50,pond,0.02377522185099654,0.1297672606288151
55074B52,EAME,2025-06-11,95,off_field,0.4041970402140287,NA
55074B52,EAME,2025-06-11,50,off_field,0.4347894237409517,NA
55074B52,EAME,2025-06-19,95,bobolink,0.8127490432437399,0.6481104670955555
55074B52,EAME,2025-06-19,50,bobolink,0.9999999508329978,0.6481104670955555
55074B52,EAME,2025-06-19,95,entrance,0.00807111603054639,0
55074B52,EAME,2025-06-19,95,clydesdale,0.01197250206747055,0
55074B52,EAME,2025-06-19,95,pond,0.143804718026371,0
55074B52,EAME,2025-06-19,95,off_field,0.0220487579417433,NA
55074B52,EAME,2025-06-19,50,off_field,4.9167002291141655e-8,NA
55074B52,EAME,2025-06-03,95,bobolink,0.00613112900247988,0
55074B52,EAME,2025-06-03,95,entrance,0.02071642051925504,0
55074B52,EAME,2025-06-03,95,clydesdale,0.13504940170580643,0.37564920093133625
55074B52,EAME,2025-06-03,50,clydesdale,0.0963336083601536,0.37564920093133625
55074B52,EAME,2025-06-03,95,pond,0.362945605639844,0.4539514056992945
55074B52,EAME,2025-06-03,50,pond,0.31286256523343947,0.4539514056992945
55074B52,EAME,2025-06-03,95,back_woods,0.01681053969642823,0
55074B52,EAME,2025-06-03,95,off_field,0.4554664102474899,NA
55074B52,EAME,2025-06-03,50,off_field,0.5908038264064069,NA
55074B52,EAME,2025-06-10,95,bobolink,0.0900747274765106,0.1674904031287385
55074B52,EAME,2025-06-10,50,bobolink,0.02862207290575804,0.1674904031287385
55074B52,EAME,2025-06-10,95,clydesdale,0.17087165571055296,0.508159481787963
55074B52,EAME,2025-06-10,50,clydesdale,0.1647321095907244,0.508159481787963
55074B52,EAME,2025-06-10,95,pond,0.1122145383489262,0
55074B52,EAME,2025-06-10,95,off_field,0.6268390784640102,NA
55074B52,EAME,2025-06-10,50,off_field,0.8066458175035176,NA
55074B52,EAME,2025-06-20,95,bobolink,0.7606975601794647,0.6578140623059651
55074B52,EAME,2025-06-20,50,bobolink,0.94891364354116,0.6578140623059651
55074B52,EAME,2025-06-20,95,clydesdale,0.0995171957607218,0
55074B52,EAME,2025-06-20,95,pond,0.00578816385448891,0
55074B52,EAME,2025-06-20,95,off_field,0.13159087453883409,NA
55074B52,EAME,2025-06-20,50,off_field,0.05108635645884007,NA
55074B52,EAME,2025-06-02,95,clydesdale,0.0119917010625352,0
55074B52,EAME,2025-06-02,95,pond,0.5353367296591555,0.6766016600546217
55074B52,EAME,2025-06-02,50,pond,0.6878818811918848,0.6766016600546217
55074B52,EAME,2025-06-02,95,off_field,0.4526715692783093,NA
55074B52,EAME,2025-06-02,50,off_field,0.31211811880811524,NA
55074B52,EAME,2025-06-05,95,clydesdale,0.08570755584626893,0
55074B52,EAME,2025-06-05,95,pond,0.16798256158751315,0.07356593945578103
55074B52,EAME,2025-06-05,50,pond,0.02339213130347202,0.07356593945578103
55074B52,EAME,2025-06-05,95,off_field,0.7463098825662179,NA
55074B52,EAME,2025-06-05,50,off_field,0.976607868696528,NA
55074B52,EAME,2025-06-28,95,blue_silo,0.00945189564266995,0
55074B52,EAME,2025-06-28,95,bobolink,0.7625975589443225,0.6278287120314834
55074B52,EAME,2025-06-28,50,bobolink,0.9088924556137268,0.6278287120314834
55074B52,EAME,2025-06-28,95,clydesdale,0.04829735633401345,0
55074B52,EAME,2025-06-28,95,pond,0.00677095178040707,0
55074B52,EAME,2025-06-28,95,off_field,0.16876480581176112,NA
55074B52,EAME,2025-06-28,50,off_field,0.09110754438627328,NA
55074B52,EAME,2025-06-29,95,blue_silo,0.06222160642863875,0
55074B52,EAME,2025-06-29,95,bobolink,0.7431823011416245,0.6996890863051205
55074B52,EAME,2025-06-29,50,bobolink,0.9877673345584316,0.6996890863051205
55074B52,EAME,2025-06-29,95,swale,0.01338448566297408,0
55074B52,EAME,2025-06-29,95,clydesdale,0.04831585170089124,5.4361101477585703e-5
55074B52,EAME,2025-06-29,95,off_field,0.12921678238629147,NA
55074B52,EAME,2025-06-29,50,off_field,0.0122276762280638,NA
55074B52,EAME,2025-07-06,95,blue_silo,0.19493016484459844,0.7333747862503704
55074B52,EAME,2025-07-06,50,blue_silo,0.2715267193836521,0.7333747862503704
55074B52,EAME,2025-07-06,95,bobolink,0.2525843568777027,0.7256753339877325
55074B52,EAME,2025-07-06,50,bobolink,0.34814195151896166,0.7256753339877325
55074B52,EAME,2025-07-06,95,frog,0.07601252474679103,0.36657752760343443
55074B52,EAME,2025-07-06,50,frog,0.05292471686673401,0.36657752760343443
55074B52,EAME,2025-07-06,95,horse,0.01924114030781923,0.28815423045928956
55074B52,EAME,2025-07-06,50,horse,0.01053084824019936,0.28815423045928956
55074B52,EAME,2025-07-06,95,swale,0.05327793822163004,0.13654543464829474
55074B52,EAME,2025-07-06,50,swale,0.01381758490586785,0.13654543464829474
55074B52,EAME,2025-07-06,95,wheat,0.11220751720283267,0.1695038353506056
55074B52,EAME,2025-07-06,50,wheat,0.03612509767924014,0.1695038353506056
55074B52,EAME,2025-07-06,95,quarter,0.0329334975450871,0.24038359706419293
55074B52,EAME,2025-07-06,50,quarter,0.01503662028251274,0.24038359706419293
55074B52,EAME,2025-07-06,95,clydesdale,0.00974423489288508,0
55074B52,EAME,2025-07-06,95,pond,0.02002206438630539,0
55074B52,EAME,2025-07-06,95,cattle,0.01222003915969652,0
55074B52,EAME,2025-07-06,95,off_field,0.20857407138751297,NA
55074B52,EAME,2025-07-06,50,off_field,0.25189646112283215,NA
55074B52,EAME,2025-05-31,95,alfalfa,0.02519930707500303,0
55074B52,EAME,2025-05-31,95,blue_silo,0.09690325987797033,0.7635936732301788
55074B52,EAME,2025-05-31,50,blue_silo,0.14053483327143418,0.7635936732301788
55074B52,EAME,2025-05-31,95,bobolink,0.02106603914907708,0.08361493171274864
55074B52,EAME,2025-05-31,95,swale,0.28578634903806993,0.8910898707651723
55074B52,EAME,2025-05-31,50,swale,0.4836667821945874,0.8910898707651723
55074B52,EAME,2025-05-31,95,quarter,0.00954331184176684,0
55074B52,EAME,2025-05-31,95,clydesdale,0.02518141757654062,0.12059552328639926
55074B52,EAME,2025-05-31,50,clydesdale,0.00576759338961289,0.12059552328639926
55074B52,EAME,2025-05-31,95,pond,0.09341154362895764,0.3189215907740597
55074B52,EAME,2025-05-31,50,pond,0.05658062555895202,0.3189215907740597
55074B52,EAME,2025-05-31,95,back_woods,0.07866938333930894,0.1954485884181067
55074B52,EAME,2025-05-31,50,back_woods,0.02920260258863087,0.1954485884181067
55074B52,EAME,2025-05-31,95,cat_barn,0.02760841312415581,0.542381726032588
55074B52,EAME,2025-05-31,50,cat_barn,0.02844001152133499,0.542381726032588
55074B52,EAME,2025-05-31,95,off_field,0.3316656612194244,NA
55074B52,EAME,2025-05-31,50,off_field,0.2524621364700217,NA
55074B52,EAME,2025-06-17,95,bobolink,0.2777128564080365,0.6463761309202416
55074B52,EAME,2025-06-17,50,bobolink,0.3409183892676534,0.6463761309202416
55074B52,EAME,2025-06-17,95,front_hay,0.01947808853756432,0
55074B52,EAME,2025-06-17,95,entrance,0.0150186719039604,0
55074B52,EAME,2025-06-17,95,clydesdale,0.17544645760390537,0.4867254672936853
55074B52,EAME,2025-06-17,50,clydesdale,0.16218019060412334,0.4867254672936853
55074B52,EAME,2025-06-17,95,pond,0.14917248067587685,0.17295646413410945
55074B52,EAME,2025-06-17,50,pond,0.0489998377394753,0.17295646413410945
55074B52,EAME,2025-06-17,95,off_field,0.36269196508331647,NA
55074B52,EAME,2025-06-17,50,off_field,0.44790158238874794,NA
55074B52,EAME,2025-06-01,95,clydesdale,0.02241984498654089,0
55074B52,EAME,2025-06-01,95,pond,0.4573312014435687,0.5721499852455763
55074B52,EAME,2025-06-01,50,pond,0.4963799137194071,0.5721499852455763
55074B52,EAME,2025-06-01,95,off_field,0.5202489535698904,NA
55074B52,EAME,2025-06-01,50,off_field,0.5036200862805928,NA
55074B52,EAME,2025-06-08,95,bobolink,0.0286630297846721,0
55074B52,EAME,2025-06-08,95,clydesdale,0.01611544060200533,0
55074B52,EAME,2025-06-08,95,pond,0.463332527762032,0.5219029762337289
55074B52,EAME,2025-06-08,50,pond,0.4592317748120773,0.5219029762337289
55074B52,EAME,2025-06-08,95,back_woods,0.0176881376372293,0
55074B52,EAME,2025-06-08,95,off_field,0.47420086421406127,NA
55074B52,EAME,2025-06-08,50,off_field,0.5407682251879227,NA
55074B52,EAME,2025-06-14,95,bobolink,0.7638636751029957,0.6579412848143702
55074B52,EAME,2025-06-14,50,bobolink,0.9530395060137284,0.6579412848143702
55074B52,EAME,2025-06-14,95,clydesdale,0.04315819648515187,0
55074B52,EAME,2025-06-14,95,pond,0.01233111875792982,0
55074B52,EAME,2025-06-14,95,off_field,0.18062098871305615,NA
55074B52,EAME,2025-06-14,50,off_field,0.04696049398627155,NA
55074B52,EAME,2025-07-04,95,blue_silo,0.28980504177201327,0.5728741932121203
55074B52,EAME,2025-07-04,50,blue_silo,0.31517497306739967,0.5728741932121203
55074B52,EAME,2025-07-04,95,bobolink,0.0595475788812047,0.2957974450305741
55074B52,EAME,2025-07-04,50,bobolink,0.03343836668306453,0.2957974450305741
55074B52,EAME,2025-07-04,95,frog,0.00789736168694703,0
55074B52,EAME,2025-07-04,95,horse,0.00996289263010638,0
55074B52,EAME,2025-07-04,95,pear_tree,0.15617720828496995,0.7531046145156818
55074B52,EAME,2025-07-04,50,pear_tree,0.22328497145335569,0.7531046145156818
55074B52,EAME,2025-07-04,95,swale,0.04736126165719279,0.12134608874114604
55074B52,EAME,2025-07-04,50,swale,0.01091027191903207,0.12134608874114604
55074B52,EAME,2025-07-04,95,wheat,0.03846651689167554,0
55074B52,EAME,2025-07-04,95,quarter,0.00917763573978836,0
55074B52,EAME,2025-07-04,95,retired,0.12464380034295916,0.90479023360831
55074B52,EAME,2025-07-04,50,retired,0.2140943050970237,0.90479023360831
55074B52,EAME,2025-07-04,95,donkey,0.01109178894478819,0.8930433944829088
55074B52,EAME,2025-07-04,50,donkey,0.01880445230654275,0.8930433944829088
55074B52,EAME,2025-07-04,95,pond,0.03839483562471107,0
55074B52,EAME,2025-07-04,95,off_field,0.2029680066695674,NA
55074B52,EAME,2025-07-04,50,off_field,0.1842926594735816,NA
Inf,BOBO,2024-06-20,95,bobolink,0.4119884895977579,0.7571855250683789
Inf,BOBO,2024-06-20,50,bobolink,0.5927159083604528,0.7571855250683789
Inf,BOBO,2024-06-20,95,front_hay,0.01957642729558695,0
Inf,BOBO,2024-06-20,95,clydesdale,0.08838192533443304,0.04453189020167658
Inf,BOBO,2024-06-20,50,clydesdale,0.00747814334696916,0.04453189020167658
Inf,BOBO,2024-06-20,95,pond,0.20141673145953415,0.30026711353005897
Inf,BOBO,2024-06-20,50,pond,0.11491124004024916,0.30026711353005897
Inf,BOBO,2024-06-20,95,back_woods,0.00631173133326721,0
Inf,BOBO,2024-06-20,95,off_field,0.26536121675065794,NA
Inf,BOBO,2024-06-20,50,off_field,0.2848947082523289,NA
Inf,BOBO,2024-06-22,95,blue_silo,0.00779519057259414,0
Inf,BOBO,2024-06-22,95,bobolink,0.5128045466520422,0.8492168385163256
Inf,BOBO,2024-06-22,50,bobolink,0.8271333552266592,0.8492168385163256
Inf,BOBO,2024-06-22,95,clydesdale,0.10578646730539362,0.3110471455497299
Inf,BOBO,2024-06-22,50,clydesdale,0.06249732155327982,0.3110471455497299
Inf,BOBO,2024-06-22,95,pond,0.18111962798696937,0.13148861602002795
Inf,BOBO,2024-06-22,50,pond,0.04523334890101676,0.13148861602002795
Inf,BOBO,2024-06-22,95,off_field,0.17971504780686956,NA
Inf,BOBO,2024-06-22,50,off_field,0.06513597431904426,NA
Inf,BOBO,2024-06-23,95,bobolink,0.6068183204360099,0.6989882331966483
Inf,BOBO,2024-06-23,50,bobolink,0.8055923712753549,0.6989882331966483
Inf,BOBO,2024-06-23,95,clydesdale,0.19896295977880143,0.34038651237772355
Inf,BOBO,2024-06-23,50,clydesdale,0.12862677234189412,0.34038651237772355
Inf,BOBO,2024-06-23,95,pond,0.00999709210304494,0
Inf,BOBO,2024-06-23,95,off_field,0.18422162768214367,NA
Inf,BOBO,2024-06-23,50,off_field,0.06578085638275095,NA
Inf,BOBO,2024-06-25,95,bobolink,0.2608708912268413,0.6359068142486864
Inf,BOBO,2024-06-25,50,bobolink,0.3150763968354269,0.6359068142486864
Inf,BOBO,2024-06-25,95,clydesdale,0.2006217198226471,0.2846464969569038
Inf,BOBO,2024-06-25,50,clydesdale,0.10846273767303752,0.2846464969569038
Inf,BOBO,2024-06-25,95,pond,0.03068656626640157,0
Inf,BOBO,2024-06-25,95,off_field,0.50782082268411,NA
Inf,BOBO,2024-06-25,50,off_field,0.5764608654915356,NA
Inf,BOBO,2024-06-27,95,blue_silo,0.08349441398971591,0.20324564464235984
Inf,BOBO,2024-06-27,50,blue_silo,0.03222423555040835,0.20324564464235984
Inf,BOBO,2024-06-27,95,bobolink,0.8171619569870586,0.6138354687428915
Inf,BOBO,2024-06-27,50,bobolink,0.9524980029669948,0.6138354687428915
Inf,BOBO,2024-06-27,95,pond,0.00653965275710973,0
Inf,BOBO,2024-06-27,95,off_field,0.08906905793229783,NA
Inf,BOBO,2024-06-27,50,off_field,0.01527776148259689,NA
Inf,BOBO,2024-06-24,95,bobolink,0.4076393567675756,0.6967194089105363
Inf,BOBO,2024-06-24,50,bobolink,0.5395294164596789,0.6967194089105363
Inf,BOBO,2024-06-24,95,clydesdale,0.28624999167318665,0.544078137269668
Inf,BOBO,2024-06-24,50,clydesdale,0.2958611012387648,0.544078137269668
Inf,BOBO,2024-06-24,95,pond,0.022360377255685,0
Inf,BOBO,2024-06-24,95,off_field,0.2837502743035527,NA
Inf,BOBO,2024-06-24,50,off_field,0.16460948230155634,NA
Inf,BOBO,2024-07-01,95,bobolink,0.4814599241891098,0.5619437103624105
Inf,BOBO,2024-07-01,50,bobolink,0.5139777135359276,0.5619437103624105
Inf,BOBO,2024-07-01,95,clydesdale,0.23326909754235475,0.45411695016435005
Inf,BOBO,2024-07-01,50,clydesdale,0.2012409004725542,0.45411695016435005
Inf,BOBO,2024-07-01,95,off_field,0.28489163649473526,NA
Inf,BOBO,2024-07-01,50,off_field,0.28478138599151825,NA
Inf,BOBO,2024-07-05,95,blue_silo,0.2378320052211148,0.7657817422259549
Inf,BOBO,2024-07-05,50,blue_silo,0.3454783490285738,0.7657817422259549
Inf,BOBO,2024-07-05,95,bobolink,0.4998730415503059,0.5050275017522939
Inf,BOBO,2024-07-05,50,bobolink,0.47887291558302225,0.5050275017522939
Inf,BOBO,2024-07-05,95,swale,0.02917655388661056,0
Inf,BOBO,2024-07-05,95,clydesdale,0.03849534918561564,0
Inf,BOBO,2024-07-05,95,pond,0.01978208267522468,0
Inf,BOBO,2024-07-05,95,off_field,0.17313764834120515,NA
Inf,BOBO,2024-07-05,50,off_field,0.17564873538840398,NA
Inf,BOBO,2024-06-29,95,bobolink,0.8593975812341432,0.6125057060466561
Inf,BOBO,2024-06-29,50,bobolink,1.0000000072477877,0.6125057060466561
Inf,BOBO,2024-06-29,95,clydesdale,0.10513050088018808,0
Inf,BOBO,2024-06-29,95,off_field,0.03547191788566873,NA
Inf,BOBO,2024-06-29,50,off_field,0,NA
Inf,BOBO,2024-06-28,95,bobolink,0.7940551917695248,0.644379205628953
Inf,BOBO,2024-06-28,50,bobolink,0.97125265435113,0.644379205628953
Inf,BOBO,2024-06-28,95,front_hay,0.01475107593616873,0.02667558323774111
Inf,BOBO,2024-06-28,95,clydesdale,0.0426724438056045,0
Inf,BOBO,2024-06-28,95,pond,0.00540313955017484,0
Inf,BOBO,2024-06-28,95,off_field,0.14310714719891807,NA
Inf,BOBO,2024-06-28,50,off_field,0.02800041955068508,NA
Inf,BOBO,2024-07-04,95,blue_silo,0.13802300902380368,0.3769637013955595
Inf,BOBO,2024-07-04,50,blue_silo,0.09875867579956726,0.3769637013955595
Inf,BOBO,2024-07-04,95,bobolink,0.5997946264666538,0.587591039390607
Inf,BOBO,2024-07-04,50,bobolink,0.6689628010965487,0.587591039390607
Inf,BOBO,2024-07-04,95,pond,0.02533078836197154,0
Inf,BOBO,2024-07-04,95,off_field,0.235421089336892,NA
Inf,BOBO,2024-07-04,50,off_field,0.232278523103884,NA
Inf,BOBO,2024-06-21,95,blue_silo,0.0637613616872677,0
Inf,BOBO,2024-06-21,95,bobolink,0.4699387729579366,0.5330324917177369
Inf,BOBO,2024-06-21,50,bobolink,0.4754891952523456,0.5330324917177369
Inf,BOBO,2024-06-21,95,swale,0.01186982316254658,0
Inf,BOBO,2024-06-21,95,front_hay,0.00547862254352542,0
Inf,BOBO,2024-06-21,95,pond,0.02541721194382801,0
Inf,BOBO,2024-06-21,95,off_field,0.4235342077048957,NA
Inf,BOBO,2024-06-21,50,off_field,0.5245108047476544,NA
Inf,BOBO,2024-06-30,95,bobolink,0.6058702136626734,0.6458990126293356
Inf,BOBO,2024-06-30,50,bobolink,0.7426600970665407,0.6458990126293356
Inf,BOBO,2024-06-30,95,front_hay,0.00873474301267224,0
Inf,BOBO,2024-06-30,95,clydesdale,0.2134107488845824,0.4879005575693572
Inf,BOBO,2024-06-30,50,clydesdale,0.19760297179091407,0.4879005575693572
Inf,BOBO,2024-06-30,95,pond,0.00541827082791261,0
Inf,BOBO,2024-06-30,95,off_field,0.16518592796370005,NA
Inf,BOBO,2024-06-30,50,off_field,0.05973693114254522,NA
Inf,BOBO,2024-07-03,95,blue_silo,0.05722232515363109,0.10872858344365936
Inf,BOBO,2024-07-03,50,blue_silo,0.01181354729387918,0.10872858344365936
Inf,BOBO,2024-07-03,95,bobolink,0.877983006387367,0.5758453242207583
Inf,BOBO,2024-07-03,50,bobolink,0.9599819082098636,0.5758453242207583
Inf,BOBO,2024-07-03,95,off_field,0.06223582054379763,NA
Inf,BOBO,2024-07-03,50,off_field,0.02820454449625719,NA
Inf,BOBO,2024-07-02,95,bobolink,0.9486300317602492,0.5577722661139285
Inf,BOBO,2024-07-02,50,bobolink,0.9999999569251316,0.5577722661139285
Inf,BOBO,2024-07-02,95,clydesdale,0.03057766246414238,0
Inf,BOBO,2024-07-02,95,off_field,0.01379783138852633,NA
Inf,BOBO,2024-07-02,50,off_field,4.3074868471965995e-8,NA
Inf,BOBO,2024-06-26,95,blue_silo,0.10388368065842256,0.15328969939116574
Inf,BOBO,2024-06-26,50,blue_silo,0.03024329713367057,0.15328969939116574
Inf,BOBO,2024-06-26,95,bobolink,0.7185765363571798,0.7105930017607066
Inf,BOBO,2024-06-26,50,bobolink,0.9697567102760914,0.7105930017607066
Inf,BOBO,2024-06-26,95,swale,0.02805550420569158,0
Inf,BOBO,2024-06-26,95,clydesdale,0.00758717701029525,0
Inf,BOBO,2024-06-26,95,pond,0.04214396342021784,0
Inf,BOBO,2024-06-26,95,off_field,0.099753138348193,NA
Inf,BOBO,2024-06-26,50,off_field,0,NA
55526107,EAME,2023-06-04,95,blue_silo,0.07728510717557047,0.7381116389907463
55526107,EAME,2023-06-04,50,blue_silo,0.10837690662879967,0.7381116389907463
55526107,EAME,2023-06-04,95,bobolink,0.39319539904919026,0.9337361755271296
55526107,EAME,2023-06-04,50,bobolink,0.6975116986974065,0.9337361755271296
55526107,EAME,2023-06-04,95,underhill,0.07520919537163248,0.0746969782638099
55526107,EAME,2023-06-04,50,underhill,0.01067315606269214,0.0746969782638099
55526107,EAME,2023-06-04,95,retired,0.04685339812055051,0.8377191408908289
55526107,EAME,2023-06-04,50,retired,0.07456901677280194,0.8377191408908289
55526107,EAME,2023-06-04,95,front_hay,0.10405501080024436,0.07469814045945768
55526107,EAME,2023-06-04,50,front_hay,0.0147669795352013,0.07469814045945768
55526107,EAME,2023-06-04,95,entrance,0.0273603037878711,0
55526107,EAME,2023-06-04,95,clydesdale,0.09156306593740196,0
55526107,EAME,2023-06-04,95,pond,0.01847443772002226,0
55526107,EAME,2023-06-04,95,off_field,0.16373029587139096,NA
55526107,EAME,2023-06-04,50,off_field,0.09410224230309852,NA
55526107,EAME,2023-06-05,95,blue_silo,0.18040562005469696,0.4903698551916756
55526107,EAME,2023-06-05,50,blue_silo,0.16789527143592636,0.4903698551916756
55526107,EAME,2023-06-05,95,bobolink,0.17325761482105437,0.0153787401400104
55526107,EAME,2023-06-05,50,bobolink,0.0050568227068078,0.0153787401400104
55526107,EAME,2023-06-05,95,underhill,0.1760329459038086,0.692440544404442
55526107,EAME,2023-06-05,50,underhill,0.231334860973464,0.692440544404442
55526107,EAME,2023-06-05,95,retired,0.2260938549861462,0.9165773829364912
55526107,EAME,2023-06-05,50,retired,0.3932987199542403,0.9165773829364912
55526107,EAME,2023-06-05,95,front_hay,0.096875549700217,0.24318696320873728
55526107,EAME,2023-06-05,50,front_hay,0.04471148629857272,0.24318696320873728
55526107,EAME,2023-06-05,95,entrance,0.01177056172832392,0
55526107,EAME,2023-06-05,95,clydesdale,0.00554932309865158,0
55526107,EAME,2023-06-05,95,pond,0.00579963855200782,0
55526107,EAME,2023-06-05,95,off_field,0.1202609700609462,NA
55526107,EAME,2023-06-05,50,off_field,0.1577028386309888,NA
55526107,EAME,2023-06-06,95,alfalfa,0.03386400233930935,0.3231890326105059
55526107,EAME,2023-06-06,50,alfalfa,0.02079267908064386,0.3231890326105059
55526107,EAME,2023-06-06,95,bobolink,0.04336541150112929,0.08163782292394904
55526107,EAME,2023-06-06,50,bobolink,0.00672590048071516,0.08163782292394904
55526107,EAME,2023-06-06,95,pear_tree,0.01066964133021782,0.5178850726860086
55526107,EAME,2023-06-06,50,pear_tree,0.01049781135508786,0.5178850726860086
55526107,EAME,2023-06-06,95,swale,0.08558120654445438,0.4252010083216971
55526107,EAME,2023-06-06,50,swale,0.0691334517542005,0.4252010083216971
55526107,EAME,2023-06-06,95,underhill,0.04216897665392761,0.32439142674467286
55526107,EAME,2023-06-06,50,underhill,0.0259883065043502,0.32439142674467286
55526107,EAME,2023-06-06,95,front_hay,0.09839390457390662,0.6569606990886233
55526107,EAME,2023-06-06,50,front_hay,0.12280700371172684,0.6569606990886233
55526107,EAME,2023-06-06,95,entrance,0.10457438453221432,0.5521545569884231
55526107,EAME,2023-06-06,50,entrance,0.10969871203092432,0.5521545569884231
55526107,EAME,2023-06-06,95,clydesdale,0.08078708202736236,0.47937908149595
55526107,EAME,2023-06-06,50,clydesdale,0.07357606404021068,0.47937908149595
55526107,EAME,2023-06-06,95,pond,0.13692625023661484,0.5819509456419203
55526107,EAME,2023-06-06,50,pond,0.15138702128254222,0.5819509456419203
55526107,EAME,2023-06-06,95,back_woods,0.03480873817788992,0
55526107,EAME,2023-06-06,95,off_field,0.3243449537148007,NA
55526107,EAME,2023-06-06,50,off_field,0.40939304975959834,NA
55526107,EAME,2023-06-08,95,pear_tree,0.07847181860914909,0.05241453693238358
55526107,EAME,2023-06-08,50,pear_tree,0.00780146223599955,0.05241453693238358
55526107,EAME,2023-06-08,95,wheat,0.07003949677840098,0.2390003358560066
55526107,EAME,2023-06-08,50,wheat,0.03175060959933202,0.2390003358560066
55526107,EAME,2023-06-08,95,retired,0.2563320287016559,0.5843313290747651
55526107,EAME,2023-06-08,50,retired,0.2841008846772832,0.5843313290747651
55526107,EAME,2023-06-08,95,off_field,0.5922201361355424,NA
55526107,EAME,2023-06-08,50,off_field,0.6763470434873852,NA
55526107,EAME,2023-06-07,95,blue_silo,0.12481980531803973,0.06739073828246869
55526107,EAME,2023-06-07,50,blue_silo,0.01597665003297331,0.06739073828246869
55526107,EAME,2023-06-07,95,bobolink,0.18564667827181855,0.5877479116279658
55526107,EAME,2023-06-07,50,bobolink,0.20724319766546584,0.5877479116279658
55526107,EAME,2023-06-07,95,underhill,0.1348445337899334,0.4002663780411646
55526107,EAME,2023-06-07,50,underhill,0.1025143032918702,0.4002663780411646
55526107,EAME,2023-06-07,95,retired,0.1136574101526016,0.5478305345354504
55526107,EAME,2023-06-07,50,retired,0.11826221197693362,0.5478305345354504
55526107,EAME,2023-06-07,95,front_hay,0.34140983851283546,0.7473371934843615
55526107,EAME,2023-06-07,50,front_hay,0.4846125266806008,0.7473371934843615
55526107,EAME,2023-06-07,95,clydesdale,0.01653972603901492,0
55526107,EAME,2023-06-07,95,off_field,0.08000590043663958,NA
55526107,EAME,2023-06-07,50,off_field,0.07139111035215619,NA
55526107,EAME,2023-06-03,95,alfalfa,0.0225966342228869,0
55526107,EAME,2023-06-03,95,blue_silo,0.05449696247276076,0.19637244073180052
55526107,EAME,2023-06-03,50,blue_silo,0.02032883929869833,0.19637244073180052
55526107,EAME,2023-06-03,95,bobolink,0.2257631764575714,0.9998805779575816
55526107,EAME,2023-06-03,50,bobolink,0.42880613252500294,0.9998805779575816
55526107,EAME,2023-06-03,95,pear_tree,0.0200616023655586,0
55526107,EAME,2023-06-03,95,swale,0.01261697740719763,0
55526107,EAME,2023-06-03,95,underhill,0.08760686487606835,0.08834824362678073
55526107,EAME,2023-06-03,50,underhill,0.0147026563752682,0.08834824362678073
55526107,EAME,2023-06-03,95,quarter,0.01234328608562514,0
55526107,EAME,2023-06-03,95,retired,0.01948362379212458,0.16700448333685217
55526107,EAME,2023-06-03,50,retired,0.0061809839188231,0.16700448333685217
55526107,EAME,2023-06-03,95,front_hay,0.12404430503924904,0.5012980865967557
55526107,EAME,2023-06-03,50,front_hay,0.11812249878071236,0.5012980865967557
55526107,EAME,2023-06-03,95,entrance,0.04821056841924137,0.2331419209106671
55526107,EAME,2023-06-03,50,entrance,0.02135120403070631,0.2331419209106671
55526107,EAME,2023-06-03,95,clydesdale,0.10374910007730544,0.8086087444447579
55526107,EAME,2023-06-03,50,clydesdale,0.15936117386727972,0.8086087444447579
55526107,EAME,2023-06-03,95,pond,0.06738093142612792,0.2904850359717296
55526107,EAME,2023-06-03,50,pond,0.03718095353514823,0.2904850359717296
55526107,EAME,2023-06-03,95,back_woods,0.00865759383823485,0
55526107,EAME,2023-06-03,95,off_field,0.18576325408831024,NA
55526107,EAME,2023-06-03,50,off_field,0.1939655576683608,NA
55526107,EAME,2023-06-01,95,alfalfa,0.03212195270448634,0
55526107,EAME,2023-06-01,95,blue_silo,0.09221530944751188,0.09958304914924589
55526107,EAME,2023-06-01,50,blue_silo,0.01744246188185268,0.09958304914924589
55526107,EAME,2023-06-01,95,bobolink,0.1205625391835446,0.7038681497516677
55526107,EAME,2023-06-01,50,bobolink,0.16118441024947258,0.7038681497516677
55526107,EAME,2023-06-01,95,pear_tree,0.01107618217370415,0
55526107,EAME,2023-06-01,95,swale,0.14162571469365817,0.2231834692961352
55526107,EAME,2023-06-01,50,swale,0.06003762079411814,0.2231834692961352
55526107,EAME,2023-06-01,95,underhill,0.0082293719268729491,0
55526107,EAME,2023-06-01,95,retired,0.02563587638716843,0.36371599509052066
55526107,EAME,2023-06-01,50,retired,0.01771046254870435,0.36371599509052066
55526107,EAME,2023-06-01,95,front_hay,0.02166516182139172,0
55526107,EAME,2023-06-01,95,entrance,0.01676536417590528,0
55526107,EAME,2023-06-01,95,clydesdale,0.01460882129564818,0
55526107,EAME,2023-06-01,95,pond,0.23365502396989055,0.8531775696739211
55526107,EAME,2023-06-01,50,pond,0.37864644822610055,0.8531775696739211
55526107,EAME,2023-06-01,95,back_woods,0.04262536702894711,0.08823480419696192
55526107,EAME,2023-06-01,50,back_woods,0.00714376883108698,0.08823480419696192
55526107,EAME,2023-06-01,95,off_field,0.23786100257330112,NA
55526107,EAME,2023-06-01,50,off_field,0.35783482746866474,NA
55526107,EAME,2023-05-31,95,alfalfa,0.09744412509543796,0.20969540031588452
55526107,EAME,2023-05-31,50,alfalfa,0.03882157536593337,0.20969540031588452
55526107,EAME,2023-05-31,95,blue_silo,0.07345684440301861,0.31236544631963026
55526107,EAME,2023-05-31,50,blue_silo,0.04359371134851132,0.31236544631963026
55526107,EAME,2023-05-31,95,bobolink,0.10048481958918191,0.7031501442082301
55526107,EAME,2023-05-31,50,bobolink,0.1342385082345022,0.7031501442082301
55526107,EAME,2023-05-31,95,swale,0.1995032551774562,0.8257001213618864
55526107,EAME,2023-05-31,50,swale,0.3129687134860446,0.8257001213618864
55526107,EAME,2023-05-31,95,front_hay,0.04325518071716797,0
55526107,EAME,2023-05-31,95,entrance,0.04381025214268661,0
55526107,EAME,2023-05-31,95,clydesdale,0.0457025569124007,0.09833216176271614
55526107,EAME,2023-05-31,50,clydesdale,0.00853816759077174,0.09833216176271614
55526107,EAME,2023-05-31,95,pond,0.15549334558159647,0.8330533031719474
55526107,EAME,2023-05-31,50,pond,0.24610089248120087,0.8330533031719474
55526107,EAME,2023-05-31,95,back_woods,0.02909558863160467,0.14372426433719163
55526107,EAME,2023-05-31,50,back_woods,0.00794485237996793,0.14372426433719163
55526107,EAME,2023-05-31,95,piano,0.02360551052400067,0
55526107,EAME,2023-05-31,95,off_field,0.1856229557515647,NA
55526107,EAME,2023-05-31,50,off_field,0.20779357911306795,NA
55526107,EAME,2023-06-02,95,alfalfa,0.01478512582597017,0
55526107,EAME,2023-06-02,95,blue_silo,0.02031033180679867,0
55526107,EAME,2023-06-02,95,bobolink,0.07649050778258182,0.45079561133149615
55526107,EAME,2023-06-02,50,bobolink,0.06549794403906249,0.45079561133149615
55526107,EAME,2023-06-02,95,pear_tree,0.0102764578449466,0
55526107,EAME,2023-06-02,95,swale,0.02892022758169493,0
55526107,EAME,2023-06-02,95,underhill,0.01688888062074687,0
55526107,EAME,2023-06-02,95,front_hay,0.032085546662649,0.10021658639214193
55526107,EAME,2023-06-02,50,front_hay,0.00610786589545794,0.10021658639214193
55526107,EAME,2023-06-02,95,entrance,0.05935778960811076,0.3719004740706481
55526107,EAME,2023-06-02,50,entrance,0.04193193428902617,0.3719004740706481
55526107,EAME,2023-06-02,95,clydesdale,0.13800198176309578,0.9261813300613844
55526107,EAME,2023-06-02,50,clydesdale,0.24278496568010877,0.9261813300613844
55526107,EAME,2023-06-02,95,pond,0.21115572754676307,0.7421650651732536
55526107,EAME,2023-06-02,50,pond,0.29767599784836435,0.7421650651732536
55526107,EAME,2023-06-02,95,back_woods,0.03074803231248006,0
55526107,EAME,2023-06-02,95,off_field,0.35731671423710143,NA
55526107,EAME,2023-06-02,50,off_field,0.34600129224798026,NA
55526107,EAME,2023-05-30,95,alfalfa,0.16812486915471686,0.19601911684394524
55526107,EAME,2023-05-30,50,alfalfa,0.06256934314160982,0.19601911684394524
55526107,EAME,2023-05-30,95,blue_silo,0.11612040137247652,0.6298920012206654
55526107,EAME,2023-05-30,50,blue_silo,0.13886916685469355,0.6298920012206654
55526107,EAME,2023-05-30,95,bobolink,0.1756438879695247,0.5911631980255706
55526107,EAME,2023-05-30,50,bobolink,0.19713858725954717,0.5911631980255706
55526107,EAME,2023-05-30,95,swale,0.33227397372518,0.6894390154880207
55526107,EAME,2023-05-30,50,swale,0.4349340311426973,0.6894390154880207
55526107,EAME,2023-05-30,95,front_hay,0.00891889328589267,0
55526107,EAME,2023-05-30,95,pond,0.03688732277264431,0.01497620026570977
55526107,EAME,2023-05-30,95,back_woods,0.01165519006867443,0
55526107,EAME,2023-05-30,95,piano,0.02437001898322773,0
55526107,EAME,2023-05-30,95,off_field,0.12393842074105133,NA
55526107,EAME,2023-05-30,50,off_field,0.16544002981135705,NA
55554B4C,BOBO,2022-07-07,95,frog,0.13547725794609553,0.7436076562637829
55554B4C,BOBO,2022-07-07,50,frog,0.1913128953578764,0.7436076562637829
55554B4C,BOBO,2022-07-07,95,horse,0.10368945839602928,0.5047330199901867
55554B4C,BOBO,2022-07-07,50,horse,0.09938716837182685,0.5047330199901867
55554B4C,BOBO,2022-07-07,95,pear_tree,0.01167402698591246,0
55554B4C,BOBO,2022-07-07,95,wheat,0.5371646064885852,0.5804857703390284
55554B4C,BOBO,2022-07-07,50,wheat,0.5921516741704561,0.5804857703390284
55554B4C,BOBO,2022-07-07,95,quarter,0.11656085597341331,0.5260638223961593
55554B4C,BOBO,2022-07-07,50,quarter,0.1164461563918269,0.5260638223961593
55554B4C,BOBO,2022-07-07,95,cattle,0.04761722031527303,0
55554B4C,BOBO,2022-07-07,95,wish_well,0.01620713288439485,0
55554B4C,BOBO,2022-07-07,95,off_field,0.02838002824140554,NA
55554B4C,BOBO,2022-07-07,50,off_field,7.02105708013719e-4,NA
55554B4C,BOBO,2022-08-09,95,blue_silo,0.00621161879114493,0
55554B4C,BOBO,2022-08-09,95,frog,0.04656624539869161,0.47369992251389054
55554B4C,BOBO,2022-08-09,50,frog,0.04189132997871145,0.47369992251389054
55554B4C,BOBO,2022-08-09,95,horse,0.17673706094113154,0.7119337713195223
55554B4C,BOBO,2022-08-09,50,horse,0.2389553925268814,0.7119337713195223
55554B4C,BOBO,2022-08-09,95,pear_tree,0.21888037920738135,0.5923276186105477
55554B4C,BOBO,2022-08-09,50,pear_tree,0.24621722259110437,0.5923276186105477
55554B4C,BOBO,2022-08-09,95,swale,0.01624831608178632,0
55554B4C,BOBO,2022-08-09,95,underhill,0.03963652872408837,0.03094292452169979
55554B4C,BOBO,2022-08-09,95,wheat,0.03326185276607051,0.0837810298325575
55554B4C,BOBO,2022-08-09,50,wheat,0.00529226696410807,0.0837810298325575
55554B4C,BOBO,2022-08-09,95,quarter,0.10536034747940072,0.21118009299801213
55554B4C,BOBO,2022-08-09,50,quarter,0.04225516321538969,0.21118009299801213
55554B4C,BOBO,2022-08-09,95,retired,0.02908409507756499,0.32279683175992646
55554B4C,BOBO,2022-08-09,50,retired,0.01782930571099041,0.32279683175992646
55554B4C,BOBO,2022-08-09,95,donkey,0.00689149537049234,0.6158149418023321
55554B4C,BOBO,2022-08-09,50,donkey,0.00805959657103902,0.6158149418023321
55554B4C,BOBO,2022-08-09,95,cat_barn,0.00563659623798636,0
55554B4C,BOBO,2022-08-09,95,native_ws,0.01090192499714506,0.33238019668096713
55554B4C,BOBO,2022-08-09,50,native_ws,0.00688157651099812,0.33238019668096713
55554B4C,BOBO,2022-08-09,95,cattle,0.03131003982131394,0.31114121543057416
55554B4C,BOBO,2022-08-09,50,cattle,0.01850081141928248,0.31114121543057416
55554B4C,BOBO,2022-08-09,95,wish_well,0.16365442867598065,0.784939463742091
55554B4C,BOBO,2022-08-09,50,wish_well,0.24395714324564333,0.784939463742091
55554B4C,BOBO,2022-08-09,95,off_field,0.10828806749275248,NA
55554B4C,BOBO,2022-08-09,50,off_field,0.127830992327805,NA
55554B4C,BOBO,2022-07-14,95,frog,0.16396960330830143,0.6193372268598395
55554B4C,BOBO,2022-07-14,50,frog,0.1929366754791809,0.6193372268598395
55554B4C,BOBO,2022-07-14,95,horse,0.13056816068266838,0.35974084047611005
55554B4C,BOBO,2022-07-14,50,horse,0.08923830053107179,0.35974084047611005
55554B4C,BOBO,2022-07-14,95,wheat,0.3761767602035953,0.6171308053625536
55554B4C,BOBO,2022-07-14,50,wheat,0.4410557082107618,0.6171308053625536
55554B4C,BOBO,2022-07-14,95,quarter,0.3127334079312651,0.4729495241354627
55554B4C,BOBO,2022-07-14,50,quarter,0.28100453576242485,0.4729495241354627
55554B4C,BOBO,2022-07-14,95,cattle,0.01914511019807532,0
55554B4C,BOBO,2022-07-14,95,off_field,0,NA
55554B4C,BOBO,2022-07-14,50,off_field,0,NA
55554B4C,BOBO,2022-07-23,95,frog,0.282980599986458,0.7706235865761532
55554B4C,BOBO,2022-07-23,50,frog,0.4141501352316276,0.7706235865761532
55554B4C,BOBO,2022-07-23,95,horse,0.17333274173633004,0.15580946852102737
55554B4C,BOBO,2022-07-23,50,horse,0.05129007095290956,0.15580946852102737
55554B4C,BOBO,2022-07-23,95,wheat,0.3788488144720292,0.730121423832471
55554B4C,BOBO,2022-07-23,50,wheat,0.5253150843282937,0.730121423832471
55554B4C,BOBO,2022-07-23,95,quarter,0.05817705024708244,0.06458748609299372
55554B4C,BOBO,2022-07-23,50,quarter,0.00713606710802624,0.06458748609299372
55554B4C,BOBO,2022-07-23,95,cattle,0.00750924114001883,0
55554B4C,BOBO,2022-07-23,95,wish_well,0.07765386925187318,0.04949104439930314
55554B4C,BOBO,2022-07-23,50,wish_well,0.00729875130558374,0.04949104439930314
55554B4C,BOBO,2022-07-23,95,off_field,0.02149768316620826,NA
55554B4C,BOBO,2022-07-23,50,off_field,0,NA
55554B4C,BOBO,2022-07-10,95,frog,0.03562857584032565,0
55554B4C,BOBO,2022-07-10,95,horse,0.04936799352884015,0.1666872998144012
55554B4C,BOBO,2022-07-10,50,horse,0.01563078145728846,0.1666872998144012
55554B4C,BOBO,2022-07-10,95,wheat,0.784697212067666,0.6234731344683698
55554B4C,BOBO,2022-07-10,50,wheat,0.929292767438056,0.6234731344683698
55554B4C,BOBO,2022-07-10,95,quarter,0.07755754314074388,0.36113299620260664
55554B4C,BOBO,2022-07-10,50,quarter,0.05320150489997798,0.36113299620260664
55554B4C,BOBO,2022-07-10,95,cattle,0.00626078939303956,0
55554B4C,BOBO,2022-07-10,95,off_field,0.03752722100262241,NA
55554B4C,BOBO,2022-07-10,50,off_field,0.00187494620467746,NA
55554B4C,BOBO,2022-07-19,95,frog,0.11313554308949454,0.5990417354477394
55554B4C,BOBO,2022-07-19,50,frog,0.12871123647685834,0.5990417354477394
55554B4C,BOBO,2022-07-19,95,horse,0.08034181861538879,0.09386296046144028
55554B4C,BOBO,2022-07-19,50,horse,0.0143217543919096,0.09386296046144028
55554B4C,BOBO,2022-07-19,95,pear_tree,0.02630847210245708,0
55554B4C,BOBO,2022-07-19,95,wheat,0.3967007248053267,0.7307534011497254
55554B4C,BOBO,2022-07-19,50,wheat,0.5505466887300102,0.7307534011497254
55554B4C,BOBO,2022-07-19,95,quarter,0.0234400802783534,0
55554B4C,BOBO,2022-07-19,95,cat_barn,0.00846332890903189,0
55554B4C,BOBO,2022-07-19,95,cattle,0.03903048370312313,0
55554B4C,BOBO,2022-07-19,95,wish_well,0.30585421485011616,0.5309974919900549
55554B4C,BOBO,2022-07-19,50,wish_well,0.3084375573512163,0.5309974919900549
55554B4C,BOBO,2022-07-19,95,off_field,0.00604530638109417,NA
55554B4C,BOBO,2022-07-19,50,off_field,0,NA
55554B4C,BOBO,2022-07-22,95,frog,0.14293339280662448,0.6244863169486792
55554B4C,BOBO,2022-07-22,50,frog,0.16957346527690342,0.6244863169486792
55554B4C,BOBO,2022-07-22,95,horse,0.06631282522243473,0
55554B4C,BOBO,2022-07-22,95,wheat,0.5159037818200797,0.6217716231143845
55554B4C,BOBO,2022-07-22,50,wheat,0.6093977893418423,0.6217716231143845
55554B4C,BOBO,2022-07-22,95,quarter,0.2572597522143166,0.4548715118485047
55554B4C,BOBO,2022-07-22,50,quarter,0.22231145993251916,0.4548715118485047
55554B4C,BOBO,2022-07-22,95,cattle,0.01144198587960007,0
55554B4C,BOBO,2022-07-22,95,off_field,0.00572697595431484,NA
55554B4C,BOBO,2022-07-22,50,off_field,0,NA
55554B4C,BOBO,2022-08-04,95,blue_silo,0.01077683675997051,0
55554B4C,BOBO,2022-08-04,95,frog,0.0166837004352727,0
55554B4C,BOBO,2022-08-04,95,horse,0.0300268670873523,0
55554B4C,BOBO,2022-08-04,95,pear_tree,0.1355720127983381,0.5224177564129274
55554B4C,BOBO,2022-08-04,50,pear_tree,0.13445159007302865,0.5224177564129274
55554B4C,BOBO,2022-08-04,95,wheat,0.32144410753684144,0.5720851570074555
55554B4C,BOBO,2022-08-04,50,wheat,0.34909539344234125,0.5720851570074555
55554B4C,BOBO,2022-08-04,95,quarter,0.02449705102223431,9.811014539004044e-5
55554B4C,BOBO,2022-08-04,95,native_ws,0.03960370513454388,0.20985180477913729
55554B4C,BOBO,2022-08-04,50,native_ws,0.01577707521644429,0.20985180477913729
55554B4C,BOBO,2022-08-04,95,wish_well,0.04644785109191417,0.01434284037321278
55554B4C,BOBO,2022-08-04,95,off_field,0.36247169943837537,NA
55554B4C,BOBO,2022-08-04,50,off_field,0.49940670424322137,NA
55554B4C,BOBO,2022-07-15,95,frog,0.1667845406545977,0.1725040621017771
55554B4C,BOBO,2022-07-15,50,frog,0.05464831156496375,0.1725040621017771
55554B4C,BOBO,2022-07-15,95,horse,0.25320311307089316,0.39544323218695165
55554B4C,BOBO,2022-07-15,50,horse,0.19018436772603503,0.39544323218695165
55554B4C,BOBO,2022-07-15,95,wheat,0.5042749249036163,0.791643987098103
55554B4C,BOBO,2022-07-15,50,wheat,0.7582613500408846,0.791643987098103
55554B4C,BOBO,2022-07-15,95,quarter,0.05722721282706695,0
55554B4C,BOBO,2022-07-15,95,cattle,0.02115491227120839,0
55554B4C,BOBO,2022-07-15,95,off_field,0,NA
55554B4C,BOBO,2022-07-15,50,off_field,0,NA
55554B4C,BOBO,2022-07-24,95,frog,0.01089942283210388,0
55554B4C,BOBO,2022-07-24,95,pear_tree,0.01362774440090264,0
55554B4C,BOBO,2022-07-24,95,wheat,0.9198016232135758,0.5730813816492607
55554B4C,BOBO,2022-07-24,50,wheat,0.9999999818753266,0.5730813816492607
55554B4C,BOBO,2022-07-24,95,quarter,0.01203537518348468,0
55554B4C,BOBO,2022-07-24,95,off_field,0.03728846055174437,NA
55554B4C,BOBO,2022-07-24,50,off_field,1.812467341143511e-8,NA
55554B4C,BOBO,2022-08-13,95,blue_silo,0.16339252521818556,0.6660508443089296
55554B4C,BOBO,2022-08-13,50,blue_silo,0.20666408037889503,0.6660508443089296
55554B4C,BOBO,2022-08-13,95,horse,0.13267988329924366,0.5056896646068807
55554B4C,BOBO,2022-08-13,50,horse,0.12741324900724935,0.5056896646068807
55554B4C,BOBO,2022-08-13,95,pear_tree,0.1205547127073504,0.45938197106872336
55554B4C,BOBO,2022-08-13,50,pear_tree,0.10516798939656775,0.45938197106872336
55554B4C,BOBO,2022-08-13,95,swale,0.01100519651425225,0
55554B4C,BOBO,2022-08-13,95,underhill,0.2844235664560493,0.7500533992533183
55554B4C,BOBO,2022-08-13,50,underhill,0.4051195423093335,0.7500533992533183
55554B4C,BOBO,2022-08-13,95,quarter,0.01408991682162666,0
55554B4C,BOBO,2022-08-13,95,retired,0.06117770775338855,0.3757309390431737
55554B4C,BOBO,2022-08-13,50,retired,0.04365114000222249,0.3757309390431737
55554B4C,BOBO,2022-08-13,95,cattle,0.03910762884013199,0.05527293558746374
55554B4C,BOBO,2022-08-13,95,wish_well,0.11491575306431703,0.26086455671481373
55554B4C,BOBO,2022-08-13,50,wish_well,0.05692723305302,0.26086455671481373
55554B4C,BOBO,2022-08-13,95,off_field,0.05187517980045485,NA
55554B4C,BOBO,2022-08-13,50,off_field,0.05095189547608718,NA
55554B4C,BOBO,2022-07-20,95,frog,0.2815355610615958,0.4194937159311291
55554B4C,BOBO,2022-07-20,50,frog,0.22414439313057655,0.4194937159311291
55554B4C,BOBO,2022-07-20,95,horse,0.06800683877807359,0
55554B4C,BOBO,2022-07-20,95,wheat,0.612257615202269,0.6733168918000197
55554B4C,BOBO,2022-07-20,50,wheat,0.7823892360048451,0.6733168918000197
55554B4C,BOBO,2022-07-20,95,quarter,0.04223203383023522,0
55554B4C,BOBO,2022-07-20,95,off_field,0,NA
55554B4C,BOBO,2022-07-20,50,off_field,0,NA
55554B4C,BOBO,2022-07-28,95,frog,0.30888025933346186,0.5810376473475308
55554B4C,BOBO,2022-07-28,50,frog,0.3408247360512773,0.5810376473475308
55554B4C,BOBO,2022-07-28,95,wheat,0.6888482517846937,0.5091153653593743
55554B4C,BOBO,2022-07-28,50,wheat,0.666003399786607,0.5091153653593743
55554B4C,BOBO,2022-07-28,95,off_field,0,NA
55554B4C,BOBO,2022-07-28,50,off_field,0,NA
55554B4C,BOBO,2022-08-05,95,blue_silo,0.06932993528623758,0.2341755733946183
55554B4C,BOBO,2022-08-05,50,blue_silo,0.03082615403558711,0.2341755733946183
55554B4C,BOBO,2022-08-05,95,frog,0.05033213706868116,0.5408964610512021
55554B4C,BOBO,2022-08-05,50,frog,0.05169118254669704,0.5408964610512021
55554B4C,BOBO,2022-08-05,95,horse,0.12459218283771208,0.5823474680113074
55554B4C,BOBO,2022-08-05,50,horse,0.13776215992153398,0.5823474680113074
55554B4C,BOBO,2022-08-05,95,pear_tree,0.02742521682050626,0
55554B4C,BOBO,2022-08-05,95,wheat,0.3417633937272402,0.7353771035837476
55554B4C,BOBO,2022-08-05,50,wheat,0.4771913958716581,0.7353771035837476
55554B4C,BOBO,2022-08-05,95,quarter,0.1854562707894338,0.748178531557026
55554B4C,BOBO,2022-08-05,50,quarter,0.2634533479732604,0.748178531557026
55554B4C,BOBO,2022-08-05,95,retired,0.01133053890365114,0.07825722202422546
55554B4C,BOBO,2022-08-05,95,donkey,0.00735112893198619,0.8704878529287515
55554B4C,BOBO,2022-08-05,50,donkey,0.01214992822114852,0.8704878529287515
55554B4C,BOBO,2022-08-05,95,cattle,0.01493168207332067,0
55554B4C,BOBO,2022-08-05,95,wish_well,0.04056753460525929,0
55554B4C,BOBO,2022-08-05,95,off_field,0.12203560361503608,NA
55554B4C,BOBO,2022-08-05,50,off_field,0.02524225843626779,NA
55554B4C,BOBO,2022-07-16,95,frog,0.12210285622543449,0.41703355896366406
55554B4C,BOBO,2022-07-16,50,frog,0.09673904603939398,0.41703355896366406
55554B4C,BOBO,2022-07-16,95,horse,0.24527007881651028,0.5409421789282849
55554B4C,BOBO,2022-07-16,50,horse,0.2520579441362467,0.5409421789282849
55554B4C,BOBO,2022-07-16,95,wheat,0.4951272859858909,0.6277238869701227
55554B4C,BOBO,2022-07-16,50,wheat,0.5904600090691453,0.6277238869701227
55554B4C,BOBO,2022-07-16,95,quarter,0.1374637198736835,0.23298445696316236
55554B4C,BOBO,2022-07-16,50,quarter,0.06084431612370419,0.23298445696316236
55554B4C,BOBO,2022-07-16,95,off_field,3.605909848092056e-5,NA
55554B4C,BOBO,2022-07-16,50,off_field,0,NA
55554B4C,BOBO,2022-08-10,95,blue_silo,0.00729548342339778,0
55554B4C,BOBO,2022-08-10,95,frog,0.11746745869401062,0.6739999141500814
55554B4C,BOBO,2022-08-10,50,frog,0.15032505073983857,0.6739999141500814
55554B4C,BOBO,2022-08-10,95,horse,0.31919217306029585,0.7822068401493508
55554B4C,BOBO,2022-08-10,50,horse,0.4740539694473081,0.7822068401493508
55554B4C,BOBO,2022-08-10,95,pear_tree,0.04306534563288917,0
55554B4C,BOBO,2022-08-10,95,swale,0.01298830329145191,0
55554B4C,BOBO,2022-08-10,95,wheat,0.1816935648254356,0.5614599807301999
55554B4C,BOBO,2022-08-10,50,wheat,0.19369227354330065,0.5614599807301999
55554B4C,BOBO,2022-08-10,95,quarter,0.18192217589309728,0.5190591474789664
55554B4C,BOBO,2022-08-10,50,quarter,0.1792901520385115,0.5190591474789664
55554B4C,BOBO,2022-08-10,95,retired,0.01232419307927687,0
55554B4C,BOBO,2022-08-10,95,cattle,0.03523223169306811,0
55554B4C,BOBO,2022-08-10,95,wish_well,0.05628567897054211,0.039873819139052
55554B4C,BOBO,2022-08-10,95,off_field,0.02704417669274495,NA
55554B4C,BOBO,2022-08-10,50,off_field,0,NA
55554B4C,BOBO,2022-08-14,95,blue_silo,0.00788445344209506,0
55554B4C,BOBO,2022-08-14,95,bobolink,0.01588296685282409,0
55554B4C,BOBO,2022-08-14,95,frog,0.02158139326046321,0
55554B4C,BOBO,2022-08-14,95,horse,0.4954212421570494,0.9015983723277732
55554B4C,BOBO,2022-08-14,50,horse,0.848614377574584,0.9015983723277732
55554B4C,BOBO,2022-08-14,95,pear_tree,0.08605350842720008,0
55554B4C,BOBO,2022-08-14,95,underhill,0.098953386760744,0.01155621721236494
55554B4C,BOBO,2022-08-14,95,wheat,0.06358730921883493,0.1909811727847746
55554B4C,BOBO,2022-08-14,50,wheat,0.02307191516693089,0.1909811727847746
55554B4C,BOBO,2022-08-14,95,quarter,0.06178063372104993,0.3607984851903168
55554B4C,BOBO,2022-08-14,50,quarter,0.04234866331663066,0.3607984851903168
55554B4C,BOBO,2022-08-14,95,retired,0.00874295207619721,0
55554B4C,BOBO,2022-08-14,95,front_hay,0.01840326618830022,0.10464725112413573
55554B4C,BOBO,2022-08-14,95,cattle,0.01978579916119295,0
55554B4C,BOBO,2022-08-14,95,wish_well,0.08893259133489824,0.5133432022100979
55554B4C,BOBO,2022-08-14,50,wish_well,0.08673440529778965,0.5133432022100979
55554B4C,BOBO,2022-08-14,95,off_field,0.00954033489546713,NA
55554B4C,BOBO,2022-08-14,50,off_field,0,NA
55554B4C,BOBO,2022-08-02,95,blue_silo,0.012096460474275249,0
55554B4C,BOBO,2022-08-02,95,horse,0.01307180913552589,0
55554B4C,BOBO,2022-08-02,95,wheat,0.37991109118774863,0.43307538777712073
55554B4C,BOBO,2022-08-02,50,wheat,0.31176043510600254,0.43307538777712073
55554B4C,BOBO,2022-08-02,95,quarter,0.5473694179380995,0.6599528799976709
55554B4C,BOBO,2022-08-02,50,quarter,0.6844929526386679,0.6599528799976709
55554B4C,BOBO,2022-08-02,95,off_field,0.04132679391775051,NA
55554B4C,BOBO,2022-08-02,50,off_field,0.0037466122553295,NA
55554B4C,BOBO,2022-08-08,95,blue_silo,0.01066179304329178,0
55554B4C,BOBO,2022-08-08,95,frog,0.07961719063809905,0.32695042135445174
55554B4C,BOBO,2022-08-08,50,frog,0.04944873712051315,0.32695042135445174
55554B4C,BOBO,2022-08-08,95,horse,0.5046806587835251,0.7199685077378633
55554B4C,BOBO,2022-08-08,50,horse,0.6902344250668844,0.7199685077378633
55554B4C,BOBO,2022-08-08,95,swale,0.02205845150583833,0
55554B4C,BOBO,2022-08-08,95,wheat,0.13218907700786806,0.6822536262233359
55554B4C,BOBO,2022-08-08,50,wheat,0.17131992553243486,0.6822536262233359
55554B4C,BOBO,2022-08-08,95,quarter,0.09913497294434354,0.445395679934337
55554B4C,BOBO,2022-08-08,50,quarter,0.08387631592682349,0.445395679934337
55554B4C,BOBO,2022-08-08,95,native_ws,0.0539900481795381,0
55554B4C,BOBO,2022-08-08,95,cattle,0.00902017495597129,0
55554B4C,BOBO,2022-08-08,95,wish_well,0.06212392457987722,0.0616882955944817
55554B4C,BOBO,2022-08-08,50,wish_well,0.00727994518118377,0.0616882955944817
55554B4C,BOBO,2022-08-08,95,off_field,0.02319740311017777,NA
55554B4C,BOBO,2022-08-08,50,off_field,0,NA
55554B4C,BOBO,2022-07-12,95,frog,0.14859786316111734,0.279153430283679
55554B4C,BOBO,2022-07-12,50,frog,0.07880719043342566,0.279153430283679
55554B4C,BOBO,2022-07-12,95,horse,0.10642769445804348,0
55554B4C,BOBO,2022-07-12,95,wheat,0.6582508622880751,0.7399902492628273
55554B4C,BOBO,2022-07-12,50,wheat,0.925396271380917,0.7399902492628273
55554B4C,BOBO,2022-07-12,95,quarter,0.04888996978782698,0
55554B4C,BOBO,2022-07-12,95,cattle,0.0160452504037256,0
55554B4C,BOBO,2022-07-12,95,off_field,0.01763279480706425,NA
55554B4C,BOBO,2022-07-12,50,off_field,0,NA
55554B4C,BOBO,2022-07-26,95,blue_silo,0.0383963732264212,0
55554B4C,BOBO,2022-07-26,95,frog,0.09367264819533742,0.198658126055032
55554B4C,BOBO,2022-07-26,50,frog,0.03534611657947864,0.198658126055032
55554B4C,BOBO,2022-07-26,95,pear_tree,0.08509632735708876,0.040379323389402
55554B4C,BOBO,2022-07-26,50,pear_tree,0.0065266816121192,0.040379323389402
55554B4C,BOBO,2022-07-26,95,swale,0.01784045314828995,0
55554B4C,BOBO,2022-07-26,95,underhill,0.04007954658087909,0
55554B4C,BOBO,2022-07-26,95,wheat,0.5014844442838924,0.8635838351366381
55554B4C,BOBO,2022-07-26,50,wheat,0.8225921170890795,0.8635838351366381
55554B4C,BOBO,2022-07-26,95,quarter,0.09363512719139667,0.5684688652218374
55554B4C,BOBO,2022-07-26,50,quarter,0.1011039355486286,0.5684688652218374
55554B4C,BOBO,2022-07-26,95,retired,0.00679680804242249,0
55554B4C,BOBO,2022-07-26,95,cattle,0.03991998790251391,3.172067015298087e-5
55554B4C,BOBO,2022-07-26,95,off_field,0.07469874593738797,NA
55554B4C,BOBO,2022-07-26,50,off_field,0.03442874394780669,NA
55554B4C,BOBO,2022-07-31,95,frog,0.19833169848311524,0.5417470378917306
55554B4C,BOBO,2022-07-31,50,frog,0.2040697813421652,0.5417470378917306
55554B4C,BOBO,2022-07-31,95,horse,0.01501875550481022,0
55554B4C,BOBO,2022-07-31,95,wheat,0.5338451196870397,0.47727793593379897
55554B4C,BOBO,2022-07-31,50,wheat,0.4839234384019878,0.47727793593379897
55554B4C,BOBO,2022-07-31,95,quarter,0.24820405676861443,0.6790901494399919
55554B4C,BOBO,2022-07-31,50,quarter,0.32012996635923213,0.6790901494399919
55554B4C,BOBO,2022-07-31,95,off_field,0.00267814274545161,NA
55554B4C,BOBO,2022-07-31,50,off_field,0,NA
55554B4C,BOBO,2022-08-06,95,blue_silo,0.11991698277277651,0.5922293335424496
55554B4C,BOBO,2022-08-06,50,blue_silo,0.13487006106803412,0.5922293335424496
55554B4C,BOBO,2022-08-06,95,frog,0.0844634311059477,0.5272642631918243
55554B4C,BOBO,2022-08-06,50,frog,0.08457499937883406,0.5272642631918243
55554B4C,BOBO,2022-08-06,95,horse,0.11720446597946838,0.627237056986731
55554B4C,BOBO,2022-08-06,50,horse,0.13961137867049758,0.627237056986731
55554B4C,BOBO,2022-08-06,95,pear_tree,0.01746062528389893,0
55554B4C,BOBO,2022-08-06,95,swale,0.02219643561343919,0
55554B4C,BOBO,2022-08-06,95,wheat,0.11119651829374898,0.3828448295067115
55554B4C,BOBO,2022-08-06,50,wheat,0.08084607165525676,0.3828448295067115
55554B4C,BOBO,2022-08-06,95,quarter,0.2115413373635912,0.7861668163293309
55554B4C,BOBO,2022-08-06,50,quarter,0.31583110596491387,0.7861668163293309
55554B4C,BOBO,2022-08-06,95,cat_barn,0.00935047429042184,0
55554B4C,BOBO,2022-08-06,95,gi,0.00622702073779497,0
55554B4C,BOBO,2022-08-06,95,native_ws,0.07446679043105195,0.5536792894778279
55554B4C,BOBO,2022-08-06,50,native_ws,0.07830073914037697,0.5536792894778279
55554B4C,BOBO,2022-08-06,95,cattle,0.06332202639338791,0.2419091867031929
55554B4C,BOBO,2022-08-06,50,cattle,0.02909056208690506,0.2419091867031929
55554B4C,BOBO,2022-08-06,95,wish_well,0.05528894668578119,0.08505503763837378
55554B4C,BOBO,2022-08-06,50,wish_well,0.00893065483151191,0.08505503763837378
55554B4C,BOBO,2022-08-06,95,off_field,0.10302769099584946,NA
55554B4C,BOBO,2022-08-06,50,off_field,0.12794442720366964,NA
55554B4C,BOBO,2022-07-17,95,frog,0.2795680509777545,0.5625966230636067
55554B4C,BOBO,2022-07-17,50,frog,0.2987897649251126,0.5625966230636067
55554B4C,BOBO,2022-07-17,95,horse,0.20032506774142544,0.17377849158553776
55554B4C,BOBO,2022-07-17,50,horse,0.06613210982013464,0.17377849158553776
55554B4C,BOBO,2022-07-17,95,wheat,0.46119295264368015,0.7235748540542314
55554B4C,BOBO,2022-07-17,50,wheat,0.6339385831141462,0.7235748540542314
55554B4C,BOBO,2022-07-17,95,quarter,0.05691482436203813,0.04820744125363196
55554B4C,BOBO,2022-07-17,50,quarter,0.00521219358599245,0.04820744125363196
55554B4C,BOBO,2022-07-17,95,off_field,0,NA
55554B4C,BOBO,2022-07-17,50,off_field,0,NA
55554B4C,BOBO,2022-08-01,95,frog,0.09095699558007024,0.19194152291926939
55554B4C,BOBO,2022-08-01,50,frog,0.03314873163569119,0.19194152291926939
55554B4C,BOBO,2022-08-01,95,pear_tree,0.00556764045395009,0
55554B4C,BOBO,2022-08-01,95,wheat,0.586782236909938,0.578894162097496
55554B4C,BOBO,2022-08-01,50,wheat,0.6449677525537721,0.578894162097496
55554B4C,BOBO,2022-08-01,95,quarter,0.28729227274330355,0.5900171943611923
55554B4C,BOBO,2022-08-01,50,quarter,0.32184775629818635,0.5900171943611923
55554B4C,BOBO,2022-08-01,95,cattle,0.01663013761981473,0
55554B4C,BOBO,2022-08-01,95,off_field,0.01277071669292341,NA
55554B4C,BOBO,2022-08-01,50,off_field,3.575951235029325e-5,NA
55554B4C,BOBO,2022-08-12,95,blue_silo,0.01124603781971739,0
55554B4C,BOBO,2022-08-12,95,frog,0.2137320231864853,0.8391715686845792
55554B4C,BOBO,2022-08-12,50,frog,0.34065663362814497,0.8391715686845792
55554B4C,BOBO,2022-08-12,95,horse,0.01577573321600357,0
55554B4C,BOBO,2022-08-12,95,pear_tree,0.19605074086824817,0.2516027031111681
55554B4C,BOBO,2022-08-12,50,pear_tree,0.09368720498823484,0.2516027031111681
55554B4C,BOBO,2022-08-12,95,underhill,0.14570686330693228,0.25865980937133065
55554B4C,BOBO,2022-08-12,50,underhill,0.0715822679984774,0.25865980937133065
55554B4C,BOBO,2022-08-12,95,wheat,0.21817296514515772,0.7293751988624187
55554B4C,BOBO,2022-08-12,50,wheat,0.3022375485525572,0.7293751988624187
55554B4C,BOBO,2022-08-12,95,quarter,0.15359744737256106,0.67170966877548
55554B4C,BOBO,2022-08-12,50,quarter,0.19595759021563128,0.67170966877548
55554B4C,BOBO,2022-08-12,95,retired,0.00666232582119465,0
55554B4C,BOBO,2022-08-12,95,front_hay,0.00567814971862678,0
55554B4C,BOBO,2022-08-12,95,off_field,0.02804915162746435,NA
55554B4C,BOBO,2022-08-12,50,off_field,0,NA
55554B4C,BOBO,2022-07-18,95,frog,0.20744962711897463,0.7759223822586364
55554B4C,BOBO,2022-07-18,50,frog,0.3055506662567527,0.7759223822586364
55554B4C,BOBO,2022-07-18,95,horse,0.16456686887673308,0.4638915651320254
55554B4C,BOBO,2022-07-18,50,horse,0.1449142784684999,0.4638915651320254
55554B4C,BOBO,2022-07-18,95,wheat,0.29866476231848627,0.7665374554517012
55554B4C,BOBO,2022-07-18,50,wheat,0.4345799276741718,0.7665374554517012
55554B4C,BOBO,2022-07-18,95,quarter,0.2015677271458639,0.3077761364563442
55554B4C,BOBO,2022-07-18,50,quarter,0.11776283145869786,0.3077761364563442
55554B4C,BOBO,2022-07-18,95,cat_barn,0.02449054341577994,0
55554B4C,BOBO,2022-07-18,95,native_ws,0.00949106887762204,0
55554B4C,BOBO,2022-07-18,95,cattle,0.0410966284458559,0
55554B4C,BOBO,2022-07-18,95,wish_well,0.03567874257759294,0
55554B4C,BOBO,2022-07-18,95,off_field,0.01475520646961904,NA
55554B4C,BOBO,2022-07-18,50,off_field,0,NA
55554B4C,BOBO,2022-07-30,95,frog,0.10592500685945552,0.2166141739518974
55554B4C,BOBO,2022-07-30,50,frog,0.04354731801378991,0.2166141739518974
55554B4C,BOBO,2022-07-30,95,pear_tree,0.19767088999953053,0.516865643505714
55554B4C,BOBO,2022-07-30,50,pear_tree,0.19390831123980357,0.516865643505714
55554B4C,BOBO,2022-07-30,95,wheat,0.6020723188611116,0.6435403496156195
55554B4C,BOBO,2022-07-30,50,wheat,0.7353608144631782,0.6435403496156195
55554B4C,BOBO,2022-07-30,95,quarter,0.05462473442797336,0.260878669988019
55554B4C,BOBO,2022-07-30,50,quarter,0.02704605653099883,0.260878669988019
55554B4C,BOBO,2022-07-30,95,cattle,0.01913873513548776,0
55554B4C,BOBO,2022-07-30,95,off_field,0.01864858773997567,NA
55554B4C,BOBO,2022-07-30,50,off_field,1.374997522294303e-4,NA
55554B4C,BOBO,2022-08-11,95,frog,0.06400429900128904,0.7012346009436806
55554B4C,BOBO,2022-08-11,50,frog,0.08526636908444514,0.7012346009436806
55554B4C,BOBO,2022-08-11,95,horse,0.07477399792652159,0.3403739121871323
55554B4C,BOBO,2022-08-11,50,horse,0.04835174530713837,0.3403739121871323
55554B4C,BOBO,2022-08-11,95,pear_tree,0.1884056086311111,0.3495239721307395
55554B4C,BOBO,2022-08-11,50,pear_tree,0.125105407368697,0.3495239721307395
55554B4C,BOBO,2022-08-11,95,underhill,0.19676246222697427,0.5943937227141284
55554B4C,BOBO,2022-08-11,50,underhill,0.2221885884203403,0.5943937227141284
55554B4C,BOBO,2022-08-11,95,wheat,0.2272039860381275,0.6068525129062542
55554B4C,BOBO,2022-08-11,50,wheat,0.26194154694770316,0.6068525129062542
55554B4C,BOBO,2022-08-11,95,quarter,0.1626265797835751,0.7790357825222928
55554B4C,BOBO,2022-08-11,50,quarter,0.2406878799286929,0.7790357825222928
55554B4C,BOBO,2022-08-11,95,retired,0.00817059587015775,0
55554B4C,BOBO,2022-08-11,95,cattle,0.01168223427244074,0
55554B4C,BOBO,2022-08-11,95,off_field,0.06183652342627972,NA
55554B4C,BOBO,2022-08-11,50,off_field,0.01645846294298313,NA
55554B4C,BOBO,2022-07-08,95,blue_silo,0.00644008473803234,0
55554B4C,BOBO,2022-07-08,95,frog,0.03580925265565107,0
55554B4C,BOBO,2022-07-08,95,horse,0.06207055961233264,0.6525018684679781
55554B4C,BOBO,2022-07-08,50,horse,0.07695262262119346,0.6525018684679781
55554B4C,BOBO,2022-07-08,95,pear_tree,0.03832452586786635,0
55554B4C,BOBO,2022-07-08,95,wheat,0.4660410836244189,0.7079569575324968
55554B4C,BOBO,2022-07-08,50,wheat,0.6268838227648494,0.7079569575324968
55554B4C,BOBO,2022-07-08,95,quarter,0.01209526854723858,0
55554B4C,BOBO,2022-07-08,95,cattle,0.23059518847962313,0.370042171994957
55554B4C,BOBO,2022-07-08,50,cattle,0.1621277918425409,0.370042171994957
55554B4C,BOBO,2022-07-08,95,wish_well,0.1216478059774456,0.6291897132133073
55554B4C,BOBO,2022-07-08,50,wish_well,0.1454259465291628,0.6291897132133073
55554B4C,BOBO,2022-07-08,95,off_field,0.02697623049739146,NA
55554B4C,BOBO,2022-07-08,50,off_field,0,NA
55554B4C,BOBO,2022-07-13,95,frog,0.2543326927754053,0.6548513032943843
55554B4C,BOBO,2022-07-13,50,frog,0.31629119976519904,0.6548513032943843
55554B4C,BOBO,2022-07-13,95,horse,0.15566687891734424,0.2631382715026401
55554B4C,BOBO,2022-07-13,50,horse,0.0777897648350323,0.2631382715026401
55554B4C,BOBO,2022-07-13,95,wheat,0.4859275010230408,0.6626509786310665
55554B4C,BOBO,2022-07-13,50,wheat,0.611502934247963,0.6626509786310665
55554B4C,BOBO,2022-07-13,95,quarter,0.03172105734423418,0
55554B4C,BOBO,2022-07-13,95,cattle,0.03327375279592608,0
55554B4C,BOBO,2022-07-13,95,wish_well,0.00938886441634521,0
55554B4C,BOBO,2022-07-13,95,off_field,0.01996638223057652,NA
55554B4C,BOBO,2022-07-13,50,off_field,0,NA
55554B4C,BOBO,2022-08-07,95,alfalfa,0.02965161863125396,0.4526462731873455
55554B4C,BOBO,2022-08-07,50,alfalfa,0.02548940810385003,0.4526462731873455
55554B4C,BOBO,2022-08-07,95,blue_silo,0.16932506210307652,0.7393544208043236
55554B4C,BOBO,2022-08-07,50,blue_silo,0.23775316855394443,0.7393544208043236
55554B4C,BOBO,2022-08-07,95,frog,0.03257207969670207,0.534603285084251
55554B4C,BOBO,2022-08-07,50,frog,0.03306964309802753,0.534603285084251
55554B4C,BOBO,2022-08-07,95,horse,0.04348772159651225,0.0950377021233217
55554B4C,BOBO,2022-08-07,50,horse,0.00784901172554199,0.0950377021233217
55554B4C,BOBO,2022-08-07,95,swale,0.04702133883073253,0.02038721936329576
55554B4C,BOBO,2022-08-07,95,wheat,0.11734950398415651,0.5717088245315101
55554B4C,BOBO,2022-08-07,50,wheat,0.12741147692505247,0.5717088245315101
55554B4C,BOBO,2022-08-07,95,quarter,0.06444274835032873,0.6467708813750557
55554B4C,BOBO,2022-08-07,50,quarter,0.0791547367630114,0.6467708813750557
55554B4C,BOBO,2022-08-07,95,pond,0.06300041229957563,0.4487243194130495
55554B4C,BOBO,2022-08-07,50,pond,0.05368777369411611,0.4487243194130495
55554B4C,BOBO,2022-08-07,95,back_woods,0.09852380870323836,0.7306351850818696
55554B4C,BOBO,2022-08-07,50,back_woods,0.1367080759180788,0.7306351850818696
55554B4C,BOBO,2022-08-07,95,native_ws,0.1003383552440059,0.6497868823642073
55554B4C,BOBO,2022-08-07,50,native_ws,0.12381986137731654,0.6497868823642073
55554B4C,BOBO,2022-08-07,95,cattle,0.0353909627582765,0
55554B4C,BOBO,2022-08-07,95,wish_well,0.1349107313377272,0.5073837085417644
55554B4C,BOBO,2022-08-07,50,wish_well,0.12999762289934838,0.5073837085417644
55554B4C,BOBO,2022-08-07,95,off_field,0.05595343744275596,NA
55554B4C,BOBO,2022-08-07,50,off_field,0.04323865932395653,NA
55554B4C,BOBO,2022-07-09,95,frog,0.01393770085705283,0
55554B4C,BOBO,2022-07-09,95,horse,0.00602221618016166,0
55554B4C,BOBO,2022-07-09,95,pear_tree,0.0371861960926746,0
55554B4C,BOBO,2022-07-09,95,wheat,0.8284089275431036,0.6358538988351352
55554B4C,BOBO,2022-07-09,50,wheat,0.9999999640668094,0.6358538988351352
55554B4C,BOBO,2022-07-09,95,cattle,0.01826970640050144,0
55554B4C,BOBO,2022-07-09,95,wish_well,0.05626748917020762,0
55554B4C,BOBO,2022-07-09,95,off_field,0.03944837375788223,NA
55554B4C,BOBO,2022-07-09,50,off_field,3.5933190620470715e-8,NA
55554B4C,BOBO,2022-07-21,95,frog,0.14655352592091864,0.2900607042473838
55554B4C,BOBO,2022-07-21,50,frog,0.08072668652418137,0.2900607042473838
55554B4C,BOBO,2022-07-21,95,wheat,0.5648332272014013,0.6668976147845245
55554B4C,BOBO,2022-07-21,50,wheat,0.7153381040633955,0.6668976147845245
55554B4C,BOBO,2022-07-21,95,quarter,0.28830657803176774,0.3740290427567961
55554B4C,BOBO,2022-07-21,50,quarter,0.20478202608053703,0.3740290427567961
55554B4C,BOBO,2022-07-21,95,off_field,0,NA
55554B4C,BOBO,2022-07-21,50,off_field,0,NA
55554B4C,BOBO,2022-07-25,95,frog,0.2829305236004091,0.7216813455834362
55554B4C,BOBO,2022-07-25,50,frog,0.38759539833265394,0.7216813455834362
55554B4C,BOBO,2022-07-25,95,pear_tree,0.02617247462687439,0
55554B4C,BOBO,2022-07-25,95,wheat,0.6167148412172632,0.5334340048733167
55554B4C,BOBO,2022-07-25,50,wheat,0.6244798455769205,0.5334340048733167
55554B4C,BOBO,2022-07-25,95,cattle,0.03413035424283811,0.00463223736761947
55554B4C,BOBO,2022-07-25,95,off_field,0.03552795262509779,NA
55554B4C,BOBO,2022-07-25,50,off_field,0,NA
55554B4C,BOBO,2022-07-29,95,frog,0.16959573162451694,0.40242154143851183
55554B4C,BOBO,2022-07-29,50,frog,0.12964964655492103,0.40242154143851183
55554B4C,BOBO,2022-07-29,95,pear_tree,0.02518433446514822,0
55554B4C,BOBO,2022-07-29,95,wheat,0.6833460634433591,0.6614610468691463
55554B4C,BOBO,2022-07-29,50,wheat,0.8586578999544359,0.6614610468691463
55554B4C,BOBO,2022-07-29,95,cattle,0.01824517363580067,0
55554B4C,BOBO,2022-07-29,95,off_field,0.10191107152925324,NA
55554B4C,BOBO,2022-07-29,50,off_field,0.01169245349064309,NA
55554B4C,BOBO,2022-07-11,95,frog,0.07808411315399102,0.00894080018069126
55554B4C,BOBO,2022-07-11,95,horse,0.1548690070450294,0.16214649324606437
55554B4C,BOBO,2022-07-11,50,horse,0.04770788939122539,0.16214649324606437
55554B4C,BOBO,2022-07-11,95,wheat,0.6294238701139275,0.7957435113446573
55554B4C,BOBO,2022-07-11,50,wheat,0.9515562019418924,0.7957435113446573
55554B4C,BOBO,2022-07-11,95,quarter,0.11709946683638496,0
55554B4C,BOBO,2022-07-11,95,cattle,0.00514819645158169,0
55554B4C,BOBO,2022-07-11,95,off_field,0.01356653295524232,NA
55554B4C,BOBO,2022-07-11,50,off_field,0,NA
55554B4C,BOBO,2022-07-27,95,frog,0.726948518036859,0.693138283315695
55554B4C,BOBO,2022-07-27,50,frog,0.9561033225438884,0.693138283315695
55554B4C,BOBO,2022-07-27,95,wheat,0.27201096688427756,0.11816536828513556
55554B4C,BOBO,2022-07-27,50,wheat,0.06098989877125548,0.11816536828513556
55554B4C,BOBO,2022-07-27,95,cattle,0.00848040090333873,0
55554B4C,BOBO,2022-07-27,95,off_field,0,NA
55554B4C,BOBO,2022-07-27,50,off_field,0,NA
55554B4C,BOBO,2022-08-03,95,blue_silo,0.0856591289172963,0.5095784995797992
55554B4C,BOBO,2022-08-03,50,blue_silo,0.08292042235288682,0.5095784995797992
55554B4C,BOBO,2022-08-03,95,frog,0.16850814027831806,0.4502173154242921
55554B4C,BOBO,2022-08-03,50,frog,0.14411853398441635,0.4502173154242921
55554B4C,BOBO,2022-08-03,95,horse,0.05639173665826199,0.7196462046174507
55554B4C,BOBO,2022-08-03,50,horse,0.077092346525244,0.7196462046174507
55554B4C,BOBO,2022-08-03,95,pear_tree,0.01657608279875484,0.6714756566939428
55554B4C,BOBO,2022-08-03,50,pear_tree,0.0211440869535104,0.6714756566939428
55554B4C,BOBO,2022-08-03,95,wheat,0.3757065010665975,0.4772927942520471
55554B4C,BOBO,2022-08-03,50,wheat,0.3406515300293436,0.4772927942520471
55554B4C,BOBO,2022-08-03,95,quarter,0.11353627561427353,0.40051992387871665
55554B4C,BOBO,2022-08-03,50,quarter,0.08638444051635388,0.40051992387871665
55554B4C,BOBO,2022-08-03,95,cattle,0.01180177311346661,0.04353523800151069
55554B4C,BOBO,2022-08-03,95,off_field,0.1695000820812595,NA
55554B4C,BOBO,2022-08-03,50,off_field,0.24671260565219091,NA
55613319,EAME,2022-06-22,95,blue_silo,0.28715928614759745,0.6180742028601734
55613319,EAME,2022-06-22,50,blue_silo,0.33715624381213266,0.6180742028601734
55613319,EAME,2022-06-22,95,bobolink,0.39467305764903055,0.590385536206746
55613319,EAME,2022-06-22,50,bobolink,0.4426300695311464,0.590385536206746
55613319,EAME,2022-06-22,95,swale,0.07196447415896177,0
55613319,EAME,2022-06-22,95,retired,0.04596932823961125,0.40241959702855434
55613319,EAME,2022-06-22,50,retired,0.03514107181795098,0.40241959702855434
55613319,EAME,2022-06-22,95,pond,0.00795736601544015,0
55613319,EAME,2022-06-22,95,off_field,0.19084356807524672,NA
55613319,EAME,2022-06-22,50,off_field,0.18507261483877,NA
55613319,EAME,2022-06-16,95,blue_silo,0.2332197534302867,0.6008661890441355
55613319,EAME,2022-06-16,50,blue_silo,0.26594889536091426,0.6008661890441355
55613319,EAME,2022-06-16,95,bobolink,0.469827726072856,0.633240891799717
55613319,EAME,2022-06-16,50,bobolink,0.5646283578284339,0.633240891799717
55613319,EAME,2022-06-16,95,swale,0.06901474542426515,0
55613319,EAME,2022-06-16,95,retired,0.04758958830730118,0.3857815851440829
55613319,EAME,2022-06-16,50,retired,0.03484243777783055,0.3857815851440829
55613319,EAME,2022-06-16,95,front_hay,0.0119016329056013,0
55613319,EAME,2022-06-16,95,pond,0.01117555175432162,0
55613319,EAME,2022-06-16,95,off_field,0.15334059478719106,NA
55613319,EAME,2022-06-16,50,off_field,0.1345803090328213,NA
55613319,EAME,2022-06-17,95,blue_silo,0.100097033392184,0.2271670358002928
55613319,EAME,2022-06-17,50,blue_silo,0.04318505509595383,0.2271670358002928
55613319,EAME,2022-06-17,95,bobolink,0.21013344695228744,0.2962266201248567
55613319,EAME,2022-06-17,50,bobolink,0.1182187133943665,0.2962266201248567
55613319,EAME,2022-06-17,95,swale,0.3508985961550904,0.6775073148632719
55613319,EAME,2022-06-17,50,swale,0.4515050163093195,0.6775073148632719
55613319,EAME,2022-06-17,95,pond,0.04524641255291135,0.14206558698926783
55613319,EAME,2022-06-17,50,pond,0.01220787297307439,0.14206558698926783
55613319,EAME,2022-06-17,95,off_field,0.2936245109475268,NA
55613319,EAME,2022-06-17,50,off_field,0.37488334222728575,NA
55613319,EAME,2022-06-21,95,blue_silo,0.18822349783677267,0.18194366211400056
55613319,EAME,2022-06-21,50,blue_silo,0.06505058317072335,0.18194366211400056
55613319,EAME,2022-06-21,95,bobolink,0.15855069885771575,0.15605385268381933
55613319,EAME,2022-06-21,50,bobolink,0.04699840055998831,0.15605385268381933
55613319,EAME,2022-06-21,95,swale,0.30367012263397336,0.812934920898395
55613319,EAME,2022-06-21,50,swale,0.4689194719426785,0.812934920898395
55613319,EAME,2022-06-21,95,pond,0.02436274283838217,0.1463880614441248
55613319,EAME,2022-06-21,50,pond,0.0067744222590078,0.1463880614441248
55613319,EAME,2022-06-21,95,off_field,0.325192937833156,NA
55613319,EAME,2022-06-21,50,off_field,0.412257122067602,NA
55613319,EAME,2022-06-15,95,blue_silo,0.15679098010932643,0.4802050873581229
55613319,EAME,2022-06-15,50,blue_silo,0.14303482049727242,0.4802050873581229
55613319,EAME,2022-06-15,95,bobolink,0.5205681222985099,0.7730988042711927
55613319,EAME,2022-06-15,50,bobolink,0.7645510959382861,0.7730988042711927
55613319,EAME,2022-06-15,95,swale,0.13516887876063255,0
55613319,EAME,2022-06-15,95,retired,0.0348076754017435,0
55613319,EAME,2022-06-15,95,front_hay,0.02439748986416781,0
55613319,EAME,2022-06-15,95,off_field,0.12092364308013112,NA
55613319,EAME,2022-06-15,50,off_field,0.09241408356444146,NA
55613319,EAME,2022-06-18,95,blue_silo,0.1869797765956889,0.4375330524922841
55613319,EAME,2022-06-18,50,blue_silo,0.15515614539770914,0.4375330524922841
55613319,EAME,2022-06-18,95,bobolink,0.2516408732218531,0.37983814875044536
55613319,EAME,2022-06-18,50,bobolink,0.18127722439529212,0.37983814875044536
55613319,EAME,2022-06-18,95,swale,0.22901135561631297,0.7789441733960776
55613319,EAME,2022-06-18,50,swale,0.33831934345997516,0.7789441733960776
55613319,EAME,2022-06-18,95,underhill,0.01592660550491833,0
55613319,EAME,2022-06-18,95,retired,0.05428262363559379,0.1117250963114453
55613319,EAME,2022-06-18,50,retired,0.01150204458335749,0.1117250963114453
55613319,EAME,2022-06-18,95,front_hay,0.00580798048132585,0
55613319,EAME,2022-06-18,95,pond,0.03042665283231076,0.16055453505176695
55613319,EAME,2022-06-18,50,pond,0.00926488931290322,0.16055453505176695
55613319,EAME,2022-06-18,95,off_field,0.22592413211199636,NA
55613319,EAME,2022-06-18,50,off_field,0.3044803528507629,NA
55613319,EAME,2022-06-26,95,blue_silo,0.22373514638279665,0.5484425337264927
55613319,EAME,2022-06-26,50,blue_silo,0.2328025122839681,0.5484425337264927
55613319,EAME,2022-06-26,95,bobolink,0.1822858328603548,0.37329747316855455
55613319,EAME,2022-06-26,50,bobolink,0.12910120288828797,0.37329747316855455
55613319,EAME,2022-06-26,95,swale,0.219956136225943,0.6111330557146326
55613319,EAME,2022-06-26,50,swale,0.25503170767272293,0.6111330557146326
55613319,EAME,2022-06-26,95,pond,0.07339982602932402,0.03954509091106987
55613319,EAME,2022-06-26,50,pond,0.00550693474811065,0.03954509091106987
55613319,EAME,2022-06-26,95,off_field,0.30062305850158155,NA
55613319,EAME,2022-06-26,50,off_field,0.3775576424069104,NA
55613319,EAME,2022-06-05,95,blue_silo,0.05605784352156058,0
55613319,EAME,2022-06-05,95,bobolink,0.02356485938406455,0
55613319,EAME,2022-06-05,95,swale,0.6101370000256989,0.722930738341417
55613319,EAME,2022-06-05,50,swale,0.8372044678103914,0.722930738341417
55613319,EAME,2022-06-05,95,pond,0.05488414583848877,0.05130168899339483
55613319,EAME,2022-06-05,50,pond,0.00534424127929651,0.05130168899339483
55613319,EAME,2022-06-05,95,off_field,0.2553561512301872,NA
55613319,EAME,2022-06-05,50,off_field,0.15745129091031207,NA
55613319,EAME,2022-07-05,95,alfalfa,0.02938234515278941,0
55613319,EAME,2022-07-05,95,blue_silo,0.14015378769236275,0.317798061105714
55613319,EAME,2022-07-05,50,blue_silo,0.08458677584781654,0.317798061105714
55613319,EAME,2022-07-05,95,swale,0.5315780017797028,0.8203290403470128
55613319,EAME,2022-07-05,50,swale,0.8281356401102586,0.8203290403470128
55613319,EAME,2022-07-05,95,quarter,0.0113438001580969,0
55613319,EAME,2022-07-05,95,pond,0.11983405463348484,0.2344600187303632
55613319,EAME,2022-07-05,50,pond,0.05335749575665979,0.2344600187303632
55613319,EAME,2022-07-05,95,back_woods,0.02309757266201402,0
55613319,EAME,2022-07-05,95,cat_barn,0.03129437910573333,0
55613319,EAME,2022-07-05,95,gi,0.00771660498280633,0
55613319,EAME,2022-07-05,95,off_field,0.10109132734027204,NA
55613319,EAME,2022-07-05,50,off_field,0.03392008828526502,NA
55613319,EAME,2022-06-03,95,blue_silo,0.14429651085715978,0.4446035494395693
55613319,EAME,2022-06-03,50,blue_silo,0.12189009541843468,0.4446035494395693
55613319,EAME,2022-06-03,95,bobolink,0.02718034129487342,0
55613319,EAME,2022-06-03,95,swale,0.4813587923335784,0.7497092664630348
55613319,EAME,2022-06-03,50,swale,0.6856483723412963,0.7497092664630348
55613319,EAME,2022-06-03,95,pond,0.09996999696611296,0.4871082024982895
55613319,EAME,2022-06-03,50,pond,0.09251982090349122,0.4871082024982895
55613319,EAME,2022-06-03,95,off_field,0.24719435854827548,NA
55613319,EAME,2022-06-03,50,off_field,0.09994171133677786,NA
55613319,EAME,2022-06-11,95,blue_silo,0.2216444916461137,0.4419429572260281
55613319,EAME,2022-06-11,50,blue_silo,0.18593963285291884,0.4419429572260281
55613319,EAME,2022-06-11,95,bobolink,0.40468123548833473,0.46319587891537606
55613319,EAME,2022-06-11,50,bobolink,0.3558168930083062,0.46319587891537606
55613319,EAME,2022-06-11,95,swale,0.17454702567169772,0.7298978975007028
55613319,EAME,2022-06-11,50,swale,0.2418373495356614,0.7298978975007028
55613319,EAME,2022-06-11,95,retired,0.00723341469473208,0
55613319,EAME,2022-06-11,95,off_field,0.18790991755387984,NA
55613319,EAME,2022-06-11,50,off_field,0.2164061246031135,NA
55613319,EAME,2022-06-23,95,blue_silo,0.25073703521865115,0.4801173912343894
55613319,EAME,2022-06-23,50,blue_silo,0.2286183811461208,0.4801173912343894
55613319,EAME,2022-06-23,95,bobolink,0.43384609365252136,0.5533536626933915
55613319,EAME,2022-06-23,50,bobolink,0.4559148114783253,0.5533536626933915
55613319,EAME,2022-06-23,95,swale,0.0512102149893076,0.18767784371122423
55613319,EAME,2022-06-23,50,swale,0.01825218345687641,0.18767784371122423
55613319,EAME,2022-06-23,95,retired,0.04768159823982714,0.4172265962197051
55613319,EAME,2022-06-23,50,retired,0.03778052687231625,0.4172265962197051
55613319,EAME,2022-06-23,95,off_field,0.2082684964097265,NA
55613319,EAME,2022-06-23,50,off_field,0.2594340970463612,NA
55613319,EAME,2022-06-27,95,alfalfa,0.05745471961383632,0.4531660591189655
55613319,EAME,2022-06-27,50,alfalfa,0.04945575749589488,0.4531660591189655
55613319,EAME,2022-06-27,95,blue_silo,0.23649436226502343,0.6924315186903343
55613319,EAME,2022-06-27,50,blue_silo,0.3110508511256382,0.6924315186903343
55613319,EAME,2022-06-27,95,horse,0.00832275961975663,0
55613319,EAME,2022-06-27,95,swale,0.4154374003805534,0.5153265749686672
55613319,EAME,2022-06-27,50,swale,0.4066510564192863,0.5153265749686672
55613319,EAME,2022-06-27,95,cat_barn,0.02732476784123638,0
55613319,EAME,2022-06-27,95,gi,0.01181158238991815,0.08348637239147975
55613319,EAME,2022-06-27,95,native_ws,0.00618871948377642,0
55613319,EAME,2022-06-27,95,wish_well,0.04920587641436742,0.36363888268161415
55613319,EAME,2022-06-27,50,wish_well,0.03398764393719524,0.36363888268161415
55613319,EAME,2022-06-27,95,off_field,0.18423119079174255,NA
55613319,EAME,2022-06-27,50,off_field,0.1969816061856649,NA
55613319,EAME,2022-06-13,95,blue_silo,0.05963644060955237,0
55613319,EAME,2022-06-13,95,bobolink,0.07289942027681134,0
55613319,EAME,2022-06-13,95,swale,0.39088875246872223,0.6047391673085937
55613319,EAME,2022-06-13,50,swale,0.4487213843421519,0.6047391673085937
55613319,EAME,2022-06-13,95,pond,0.0311019318184258,0
55613319,EAME,2022-06-13,95,off_field,0.4454734548264882,NA
55613319,EAME,2022-06-13,50,off_field,0.5512786156578481,NA
55613319,EAME,2022-07-04,95,alfalfa,0.12521540131373352,0.1923605449084388
55613319,EAME,2022-07-04,50,alfalfa,0.04575297580800062,0.1923605449084388
55613319,EAME,2022-07-04,95,blue_silo,0.15483821572378623,0.0707249882846604
55613319,EAME,2022-07-04,50,blue_silo,0.02080159516667818,0.0707249882846604
55613319,EAME,2022-07-04,95,bobolink,0.01700461470525549,0
55613319,EAME,2022-07-04,95,swale,0.45578294752220067,0.9501978009553304
55613319,EAME,2022-07-04,50,swale,0.8226549048033642,0.9501978009553304
55613319,EAME,2022-07-04,95,quarter,0.00517324442512181,0
55613319,EAME,2022-07-04,95,pond,0.07940617658463958,0.4508375906332206
55613319,EAME,2022-07-04,50,pond,0.06800173651230197,0.4508375906332206
55613319,EAME,2022-07-04,95,back_woods,0.03419111790402741,0.06548270202448242
55613319,EAME,2022-07-04,95,cat_barn,0.02193318378150876,0
55613319,EAME,2022-07-04,95,gi,0.00996188775572805,0
55613319,EAME,2022-07-04,95,off_field,0.0931308400151204,NA
55613319,EAME,2022-07-04,50,off_field,0.03853588458834369,NA
55613319,EAME,2022-06-12,95,blue_silo,0.11580577495455024,0.3367708391771372
55613319,EAME,2022-06-12,50,blue_silo,0.0740647699858431,0.3367708391771372
55613319,EAME,2022-06-12,95,bobolink,0.538944216773438,0.8288881854244748
55613319,EAME,2022-06-12,50,bobolink,0.8483728227877192,0.8288881854244748
55613319,EAME,2022-06-12,95,pear_tree,0.03225251485661132,0
55613319,EAME,2022-06-12,95,underhill,0.09765251739318978,0
55613319,EAME,2022-06-12,95,retired,0.05917608750341564,0.14199070465335423
55613319,EAME,2022-06-12,50,retired,0.01595706979142986,0.14199070465335423
55613319,EAME,2022-06-12,95,front_hay,0.06044199284101386,0.06302986329743344
55613319,EAME,2022-06-12,50,front_hay,0.00723489316556537,0.06302986329743344
55613319,EAME,2022-06-12,95,entrance,0.0143502874543079,0
55613319,EAME,2022-06-12,95,off_field,0.07976550820332591,NA
55613319,EAME,2022-06-12,50,off_field,0.05437044426944248,NA
55613319,EAME,2022-06-14,95,blue_silo,0.1915487102811955,0.4457899542913112
55613319,EAME,2022-06-14,50,blue_silo,0.1620632157277334,0.4457899542913112
55613319,EAME,2022-06-14,95,bobolink,0.493989333374855,0.720461797418618
55613319,EAME,2022-06-14,50,bobolink,0.6754659650654504,0.720461797418618
55613319,EAME,2022-06-14,95,swale,0.1059114157331073,0.32144967657232165
55613319,EAME,2022-06-14,50,swale,0.06461460724302828,0.32144967657232165
55613319,EAME,2022-06-14,95,retired,0.03382253489128373,0
55613319,EAME,2022-06-14,95,pond,0.01024151697815285,0
55613319,EAME,2022-06-14,95,off_field,0.15834122410147902,NA
55613319,EAME,2022-06-14,50,off_field,0.09785621196378792,NA
55613319,EAME,2022-06-24,95,blue_silo,0.09513982251935446,0.483255638103026
55613319,EAME,2022-06-24,50,blue_silo,0.08729670398912616,0.483255638103026
55613319,EAME,2022-06-24,95,bobolink,0.4346981296404712,0.5646273731646868
55613319,EAME,2022-06-24,50,bobolink,0.46602399719261833,0.5646273731646868
55613319,EAME,2022-06-24,95,swale,0.11767534649238344,0.6790237369417781
55613319,EAME,2022-06-24,50,swale,0.1517151749416533,0.6790237369417781
55613319,EAME,2022-06-24,95,clydesdale,0.13496310902041642,0.06478285068720292
55613319,EAME,2022-06-24,50,clydesdale,0.01660097933249007,0.06478285068720292
55613319,EAME,2022-06-24,95,pond,0.01009091271735458,0.1329591029618096
55613319,EAME,2022-06-24,95,off_field,0.1950641836503295,NA
55613319,EAME,2022-06-24,50,off_field,0.27581568611205143,NA
55613319,EAME,2022-06-28,95,alfalfa,0.06760926522735353,0
55613319,EAME,2022-06-28,95,blue_silo,0.16752011205997716,0.22813335110101252
55613319,EAME,2022-06-28,50,blue_silo,0.07257878354518586,0.22813335110101252
55613319,EAME,2022-06-28,95,swale,0.48951027781159734,0.7828825067699596
55613319,EAME,2022-06-28,50,swale,0.7278005071349463,0.7828825067699596
55613319,EAME,2022-06-28,95,cat_barn,0.08920792272056244,0.31996753464753724
55613319,EAME,2022-06-28,50,cat_barn,0.05420798844998662,0.31996753464753724
55613319,EAME,2022-06-28,95,gi,0.04852595181231801,0.01179210689962071
55613319,EAME,2022-06-28,95,off_field,0.13412702699314966,NA
55613319,EAME,2022-06-28,50,off_field,0.14432599646486263,NA
55613319,EAME,2022-07-01,95,alfalfa,0.02984152011980213,0
55613319,EAME,2022-07-01,95,blue_silo,0.24016137283059097,0.6022111277798469
55613319,EAME,2022-07-01,50,blue_silo,0.2747573864850236,0.6022111277798469
55613319,EAME,2022-07-01,95,swale,0.4392600218222056,0.6770927766137869
55613319,EAME,2022-07-01,50,swale,0.5650245296865469,0.6770927766137869
55613319,EAME,2022-07-01,95,cat_barn,0.01598908819423801,0
55613319,EAME,2022-07-01,95,native_ws,0.02191611651740915,0
55613319,EAME,2022-07-01,95,cattle,0.01510138430523296,0
55613319,EAME,2022-07-01,95,wish_well,0.12401141767959506,0.2396466795194806
55613319,EAME,2022-07-01,50,wish_well,0.05645865543641284,0.2396466795194806
55613319,EAME,2022-07-01,95,off_field,0.10785818611758648,NA
55613319,EAME,2022-07-01,50,off_field,0.1037594283920166,NA
55613319,EAME,2022-06-04,95,blue_silo,0.05351097383255812,0
55613319,EAME,2022-06-04,95,bobolink,0.13697991854026142,0.27657378756110096
55613319,EAME,2022-06-04,50,bobolink,0.07193628236245245,0.27657378756110096
55613319,EAME,2022-06-04,95,swale,0.3643838813210438,0.5590836399445968
55613319,EAME,2022-06-04,50,swale,0.3868263150234722,0.5590836399445968
55613319,EAME,2022-06-04,95,pond,0.03382752441763951,0.0253102943637198
55613319,EAME,2022-06-04,95,off_field,0.4112977018884971,NA
55613319,EAME,2022-06-04,50,off_field,0.5396116761274269,NA
55613319,EAME,2022-07-02,95,blue_silo,0.11790663856203276,0.12459873237229008
55613319,EAME,2022-07-02,50,blue_silo,0.02789313696427023,0.12459873237229008
55613319,EAME,2022-07-02,95,swale,0.5934841423961804,0.795181801575423
55613319,EAME,2022-07-02,50,swale,0.8960268605881401,0.795181801575423
55613319,EAME,2022-07-02,95,quarter,0.00793654908706998,0
55613319,EAME,2022-07-02,95,pond,0.08145839455894467,0.12659397406103465
55613319,EAME,2022-07-02,50,pond,0.01957917360700713,0.12659397406103465
55613319,EAME,2022-07-02,95,cat_barn,0.04561781420708611,0
55613319,EAME,2022-07-02,95,off_field,0.1414640012066629,NA
55613319,EAME,2022-07-02,50,off_field,0.05650082884058251,NA
55613319,EAME,2022-06-09,95,blue_silo,0.06963760121870392,0
55613319,EAME,2022-06-09,95,bobolink,0.17546177863797566,0.4301044337598372
55613319,EAME,2022-06-09,50,bobolink,0.14323474258898025,0.4301044337598372
55613319,EAME,2022-06-09,95,swale,0.34059310609831284,0.5889711361347034
55613319,EAME,2022-06-09,50,swale,0.38073411249423034,0.5889711361347034
55613319,EAME,2022-06-09,95,pond,0.064897856998896,0.38583850531428593
55613319,EAME,2022-06-09,50,pond,0.04752562617142449,0.38583850531428593
55613319,EAME,2022-06-09,95,off_field,0.3494096570461116,NA
55613319,EAME,2022-06-09,50,off_field,0.4285055187453649,NA
55613319,EAME,2022-06-19,95,blue_silo,0.10975830297544674,0.05640899753405817
55613319,EAME,2022-06-19,50,blue_silo,0.01176406935377805,0.05640899753405817
55613319,EAME,2022-06-19,95,bobolink,0.21836684612898744,0.4241804193692055
55613319,EAME,2022-06-19,50,bobolink,0.17599856611986014,0.4241804193692055
55613319,EAME,2022-06-19,95,swale,0.30232812844872387,0.6120473623885295
55613319,EAME,2022-06-19,50,swale,0.3515890955618814,0.6120473623885295
55613319,EAME,2022-06-19,95,pond,0.01417789713654267,0
55613319,EAME,2022-06-19,95,off_field,0.35536882531029923,NA
55613319,EAME,2022-06-19,50,off_field,0.4606482689644804,NA
55613319,EAME,2022-06-08,95,blue_silo,0.04465936541454105,0
55613319,EAME,2022-06-08,95,bobolink,0.19349070465471496,0.33732279752586536
55613319,EAME,2022-06-08,50,bobolink,0.12378674019421532,0.33732279752586536
55613319,EAME,2022-06-08,95,swale,0.26795029796592656,0.3736439330955799
55613319,EAME,2022-06-08,50,swale,0.18988056092249175,0.3736439330955799
55613319,EAME,2022-06-08,95,pond,0.03689799893998119,0.07695768638920283
55613319,EAME,2022-06-08,50,pond,0.00538546420442934,0.07695768638920283
55613319,EAME,2022-06-08,95,off_field,0.4570016330248362,NA
55613319,EAME,2022-06-08,50,off_field,0.6809472346788635,NA
55613319,EAME,2022-06-20,95,blue_silo,0.22315441590770912,0.22673486786700567
55613319,EAME,2022-06-20,50,blue_silo,0.09605331925398052,0.22673486786700567
55613319,EAME,2022-06-20,95,bobolink,0.1317102589341866,0.12922044073920066
55613319,EAME,2022-06-20,50,bobolink,0.03231018175872017,0.12922044073920066
55613319,EAME,2022-06-20,95,swale,0.30691531363373364,0.7531136164819985
55613319,EAME,2022-06-20,50,swale,0.4388010293115534,0.7531136164819985
55613319,EAME,2022-06-20,95,pond,0.05185118012544354,0.19461410698627768
55613319,EAME,2022-06-20,50,pond,0.01915673725391467,0.19461410698627768
55613319,EAME,2022-06-20,95,off_field,0.28636883139892705,NA
55613319,EAME,2022-06-20,50,off_field,0.4136787324218312,NA
55613319,EAME,2022-06-06,95,blue_silo,0.09659632473465668,0.5123283954385038
55613319,EAME,2022-06-06,50,blue_silo,0.09400357176730212,0.5123283954385038
55613319,EAME,2022-06-06,95,bobolink,0.00562960830573723,0
55613319,EAME,2022-06-06,95,swale,0.5587782023247779,0.7328211258024757
55613319,EAME,2022-06-06,50,swale,0.777808638874253,0.7328211258024757
55613319,EAME,2022-06-06,95,pond,0.08971801885594058,0.00238501398174402
55613319,EAME,2022-06-06,95,off_field,0.2492778457788876,NA
55613319,EAME,2022-06-06,50,off_field,0.1277813404796324,NA
55613319,EAME,2022-06-07,95,blue_silo,0.12613235733831593,0
55613319,EAME,2022-06-07,95,bobolink,0.23023193912985696,0.467600796266986
55613319,EAME,2022-06-07,50,bobolink,0.2045087117137807,0.467600796266986
55613319,EAME,2022-06-07,95,swale,0.28511437108956417,0.7120251236966828
55613319,EAME,2022-06-07,50,swale,0.38564297610698184,0.7120251236966828
55613319,EAME,2022-06-07,95,pond,0.01629212489923248,1.8619181757237495e-4
55613319,EAME,2022-06-07,95,off_field,0.34222920754303043,NA
55613319,EAME,2022-06-07,50,off_field,0.4098425497006873,NA
55613319,EAME,2022-06-10,95,blue_silo,0.10218694024464683,0.3193466987317695
55613319,EAME,2022-06-10,50,blue_silo,0.06199646364089204,0.3193466987317695
55613319,EAME,2022-06-10,95,bobolink,0.13594197272516845,0.527027529993992
55613319,EAME,2022-06-10,50,bobolink,0.1361118575038324,0.527027529993992
55613319,EAME,2022-06-10,95,swale,0.3432816853638213,0.5680444698621323
55613319,EAME,2022-06-10,50,swale,0.3704606300641438,0.5680444698621323
55613319,EAME,2022-06-10,95,pond,0.02206803693610764,0
55613319,EAME,2022-06-10,95,off_field,0.3965213647302558,NA
55613319,EAME,2022-06-10,50,off_field,0.4314310487911317,NA
55613319,EAME,2022-06-25,95,blue_silo,0.2693010627405259,0.2793616018897501
55613319,EAME,2022-06-25,50,blue_silo,0.14280230287444717,0.2793616018897501
55613319,EAME,2022-06-25,95,bobolink,0.13471067373191642,0.38357753778756104
55613319,EAME,2022-06-25,50,bobolink,0.0980811629677636,0.38357753778756104
55613319,EAME,2022-06-25,95,swale,0.30351531823995365,0.6310073885124147
55613319,EAME,2022-06-25,50,swale,0.3635343812198462,0.6310073885124147
55613319,EAME,2022-06-25,95,pond,0.06025169121429061,0.5235457615305265
55613319,EAME,2022-06-25,50,pond,0.05987621252369611,0.5235457615305265
55613319,EAME,2022-06-25,95,off_field,0.2317716300667381,NA
55613319,EAME,2022-06-25,50,off_field,0.3357059404142469,NA
55613319,EAME,2022-07-03,95,alfalfa,0.16291543379213874,0.42117260618289853
55613319,EAME,2022-07-03,50,alfalfa,0.13034091748679677,0.42117260618289853
55613319,EAME,2022-07-03,95,blue_silo,0.12932439962171527,0.08958601813826604
55613319,EAME,2022-07-03,50,blue_silo,0.0220079268120477,0.08958601813826604
55613319,EAME,2022-07-03,95,swale,0.45236950247416485,0.8799318153596063
55613319,EAME,2022-07-03,50,swale,0.7561374830486621,0.8799318153596063
55613319,EAME,2022-07-03,95,quarter,0.01217879744765895,0
55613319,EAME,2022-07-03,95,pond,0.07331850822062402,0.3165505393328496
55613319,EAME,2022-07-03,50,pond,0.04408746279946599,0.3165505393328496
55613319,EAME,2022-07-03,95,back_woods,0.04698925555374216,0.17839567065109124
55613319,EAME,2022-07-03,50,back_woods,0.01592360161484955,0.17839567065109124
55613319,EAME,2022-07-03,95,cat_barn,0.02626196987044697,0
55613319,EAME,2022-07-03,95,gi,0.00741592402344238,0
55613319,EAME,2022-07-03,95,off_field,0.08795104726491551,NA
55613319,EAME,2022-07-03,50,off_field,0.03150260823817781,NA
55613319,EAME,2022-07-06,95,blue_silo,0.36661256291076705,0.4748007781849409
55613319,EAME,2022-07-06,50,blue_silo,0.33047040760963586,0.4748007781849409
55613319,EAME,2022-07-06,95,pear_tree,0.02197479444812632,0
55613319,EAME,2022-07-06,95,swale,0.500925359852367,0.6075079928266478
55613319,EAME,2022-07-06,50,swale,0.577748499204249,0.6075079928266478
55613319,EAME,2022-07-06,95,retired,0.03083924426397622,0
55613319,EAME,2022-07-06,95,off_field,0.07741180232990555,NA
55613319,EAME,2022-07-06,50,off_field,0.09178109318611516,NA
55616107,EAME,2023-05-26,95,alfalfa,0.04590999086870229,0.5178451627855104
55616107,EAME,2023-05-26,50,alfalfa,0.04516271227135516,0.5178451627855104
55616107,EAME,2023-05-26,95,blue_silo,0.09380647487631516,0.9228122962758928
55616107,EAME,2023-05-26,50,blue_silo,0.1644443946416391,0.9228122962758928
55616107,EAME,2023-05-26,95,frog,0.0106806671843594,0.00816259044007511
55616107,EAME,2023-05-26,95,horse,0.00937445409059877,0
55616107,EAME,2023-05-26,95,pear_tree,0.04766306871374575,0.6421946460041019
55616107,EAME,2023-05-26,50,pear_tree,0.05814623061471447,0.6421946460041019
55616107,EAME,2023-05-26,95,swale,0.0930194741415974,0.8869549147282748
55616107,EAME,2023-05-26,50,swale,0.1567286201935574,0.8869549147282748
55616107,EAME,2023-05-26,95,underhill,0.03321505301212826,0.39372753334539073
55616107,EAME,2023-05-26,50,underhill,0.02484297610101349,0.39372753334539073
55616107,EAME,2023-05-26,95,wheat,0.04352260940809067,0.3339715655919648
55616107,EAME,2023-05-26,50,wheat,0.02761196433526709,0.3339715655919648
55616107,EAME,2023-05-26,95,quarter,0.01592188909243246,0.10293296902361916
55616107,EAME,2023-05-26,95,retired,0.01616890086608995,0.8235715774187752
55616107,EAME,2023-05-26,50,retired,0.02529616783383075,0.8235715774187752
55616107,EAME,2023-05-26,95,piano,0.01325801013581356,0
55616107,EAME,2023-05-26,95,cat_barn,0.01209128690763493,0.2015775082200005
55616107,EAME,2023-05-26,95,gi,0.02093316202318862,0.00136652909885089
55616107,EAME,2023-05-26,95,native_ws,0.02379710325832625,0
55616107,EAME,2023-05-26,95,cattle,0.01266487196683554,0
55616107,EAME,2023-05-26,95,wish_well,0.02472285065685717,0
55616107,EAME,2023-05-26,95,off_field,0.46724811395939986,NA
55616107,EAME,2023-05-26,50,off_field,0.4871751787186483,NA
55616107,EAME,2023-06-14,95,frog,0.3294666906186051,0.4712291469396148
55616107,EAME,2023-06-14,50,frog,0.2948105380434116,0.4712291469396148
55616107,EAME,2023-06-14,95,wheat,0.06469140241712308,0
55616107,EAME,2023-06-14,95,cattle,0.5916827028551612,0.645751947136845
55616107,EAME,2023-06-14,50,cattle,0.725527607206784,0.645751947136845
55616107,EAME,2023-06-14,95,off_field,0.01415920410911061,NA
55616107,EAME,2023-06-14,50,off_field,0,NA
55616107,EAME,2023-05-25,95,blue_silo,0.02474210995084039,0
55616107,EAME,2023-05-25,95,pear_tree,0.05565630840040319,0.01315715126704918
55616107,EAME,2023-05-25,95,swale,0.02205449823777919,0
55616107,EAME,2023-05-25,95,underhill,0.03603956817078369,0
55616107,EAME,2023-05-25,95,wheat,0.04327400012653492,0.0497796008827753
55616107,EAME,2023-05-25,95,quarter,0.00873041721793074,0
55616107,EAME,2023-05-25,95,retired,0.00889422930978011,0
55616107,EAME,2023-05-25,95,native_ws,0.0140187063067549,0
55616107,EAME,2023-05-25,95,cattle,0.01174207499891185,0
55616107,EAME,2023-05-25,95,wish_well,0.03074159226190554,0
55616107,EAME,2023-05-25,95,off_field,0.7363725396837114,NA
55616107,EAME,2023-05-25,50,off_field,0.994517067477999,NA
55616107,EAME,2023-05-28,95,blue_silo,0.00948081813759506,0
55616107,EAME,2023-05-28,95,frog,0.10196631628489453,0.8390810883909998
55616107,EAME,2023-05-28,50,frog,0.16252096516691766,0.8390810883909998
55616107,EAME,2023-05-28,95,horse,0.00651971935138883,0
55616107,EAME,2023-05-28,95,pear_tree,0.08456537853461739,0.6090590583659589
55616107,EAME,2023-05-28,50,pear_tree,0.097836460822655,0.6090590583659589
55616107,EAME,2023-05-28,95,underhill,0.005193450628752,0
55616107,EAME,2023-05-28,95,wheat,0.26919359761583944,0.8467794435561375
55616107,EAME,2023-05-28,50,wheat,0.4329958791451744,0.8467794435561375
55616107,EAME,2023-05-28,95,quarter,0.01683830926656316,0
55616107,EAME,2023-05-28,95,cattle,0.10635252827445384,0.22709781061256729
55616107,EAME,2023-05-28,50,cattle,0.04587853019565592,0.22709781061256729
55616107,EAME,2023-05-28,95,wish_well,0.03169212581405611,0
55616107,EAME,2023-05-28,95,off_field,0.3648157402573603,NA
55616107,EAME,2023-05-28,50,off_field,0.260768164669597,NA
55616107,EAME,2023-05-31,95,blue_silo,0.02580525837192228,0.14169961622516272
55616107,EAME,2023-05-31,50,blue_silo,0.00694653057211039,0.14169961622516272
55616107,EAME,2023-05-31,95,frog,0.08650450640952237,0.8751363963532663
55616107,EAME,2023-05-31,50,frog,0.14381544992407927,0.8751363963532663
55616107,EAME,2023-05-31,95,horse,0.03256922856856828,0.57064869290266
55616107,EAME,2023-05-31,50,horse,0.0353075322529323,0.57064869290266
55616107,EAME,2023-05-31,95,pear_tree,0.04427163009173122,0.194953820719925
55616107,EAME,2023-05-31,50,pear_tree,0.01639639339445896,0.194953820719925
55616107,EAME,2023-05-31,95,underhill,0.00644241257698306,0
55616107,EAME,2023-05-31,95,wheat,0.15960501908282065,0.8262142228977943
55616107,EAME,2023-05-31,50,wheat,0.25051300525942505,0.8262142228977943
55616107,EAME,2023-05-31,95,quarter,0.04998269138481213,0.6902931118230611
55616107,EAME,2023-05-31,50,quarter,0.06554570559554557,0.6902931118230611
55616107,EAME,2023-05-31,95,cat_barn,0.00583047342557561,0
55616107,EAME,2023-05-31,95,native_ws,0.00558083813034263,0
55616107,EAME,2023-05-31,95,cattle,0.2199302060113656,0.7798531120881862
55616107,EAME,2023-05-31,50,cattle,0.32582826531552456,0.7798531120881862
55616107,EAME,2023-05-31,95,wish_well,0.03488233585691887,0.00106752163661584
55616107,EAME,2023-05-31,95,off_field,0.32149184187315266,NA
55616107,EAME,2023-05-31,50,off_field,0.15498838852273472,NA
55616107,EAME,2023-06-07,95,frog,0.15872628909605652,0.43593244907473366
55616107,EAME,2023-06-07,50,frog,0.1313087184834184,0.43593244907473366
55616107,EAME,2023-06-07,95,horse,0.1658512598272136,0.5397040468058143
55616107,EAME,2023-06-07,50,horse,0.1698634544387797,0.5397040468058143
55616107,EAME,2023-06-07,95,wheat,0.22132555194638467,0.3222150658485631
55616107,EAME,2023-06-07,50,wheat,0.13533274829802042,0.3222150658485631
55616107,EAME,2023-06-07,95,quarter,0.3826233542038018,0.7733242450524446
55616107,EAME,2023-06-07,50,quarter,0.5615114329917531,0.7733242450524446
55616107,EAME,2023-06-07,95,cattle,0.03558161977688691,0
55616107,EAME,2023-06-07,95,wish_well,0.00560005734724292,0
55616107,EAME,2023-06-07,95,off_field,0.02628447971863488,NA
55616107,EAME,2023-06-07,50,off_field,0.00198364578802835,NA
55616107,EAME,2023-05-29,95,blue_silo,0.01784393136775692,0
55616107,EAME,2023-05-29,95,frog,0.11331897319709582,0.8930957679012089
55616107,EAME,2023-05-29,50,frog,0.19222489306303975,0.8930957679012089
55616107,EAME,2023-05-29,95,horse,0.01378321499899529,0
55616107,EAME,2023-05-29,95,pear_tree,0.03813917650438306,0.22697714460398663
55616107,EAME,2023-05-29,50,pear_tree,0.01644229386108356,0.22697714460398663
55616107,EAME,2023-05-29,95,wheat,0.263417398888359,0.9538670302292388
55616107,EAME,2023-05-29,50,wheat,0.4772448613384444,0.9538670302292388
55616107,EAME,2023-05-29,95,quarter,0.01768595354906957,3.04630866577123e-5
55616107,EAME,2023-05-29,95,cattle,0.22050638925420732,0.395337450776424
55616107,EAME,2023-05-29,50,cattle,0.16557627245183387,0.395337450776424
55616107,EAME,2023-05-29,95,wish_well,0.01623859710503342,0
55616107,EAME,2023-05-29,95,off_field,0.2931097648484251,NA
55616107,EAME,2023-05-29,50,off_field,0.14851065596585827,NA
55616107,EAME,2023-06-18,95,frog,0.2718049890779638,0.8398562232754391
55616107,EAME,2023-06-18,50,frog,0.43352255341779705,0.8398562232754391
55616107,EAME,2023-06-18,95,horse,0.11388815524072404,0.29905318312673546
55616107,EAME,2023-06-18,50,horse,0.06468093882554796,0.29905318312673546
55616107,EAME,2023-06-18,95,wheat,0.33650473573410405,0.6428387501300666
55616107,EAME,2023-06-18,50,wheat,0.41081146532609825,0.6428387501300666
55616107,EAME,2023-06-18,95,quarter,0.1392474855190472,0.35459751378317106
55616107,EAME,2023-06-18,50,quarter,0.09377182644441905,0.35459751378317106
55616107,EAME,2023-06-18,95,cattle,0.08922804114206623,0.02372103332084214
55616107,EAME,2023-06-18,95,wish_well,0.02091318284871511,0
55616107,EAME,2023-06-18,95,off_field,0.01982208578479504,NA
55616107,EAME,2023-06-18,50,off_field,0,NA
55616107,EAME,2023-05-27,95,blue_silo,0.00610400490097281,0
55616107,EAME,2023-05-27,95,frog,0.15784058489150454,0.9711686676799464
55616107,EAME,2023-05-27,50,frog,0.29119960953579466,0.9711686676799464
55616107,EAME,2023-05-27,95,horse,0.03697901692947683,0.3733470737648571
55616107,EAME,2023-05-27,50,horse,0.02622681527741292,0.3733470737648571
55616107,EAME,2023-05-27,95,pear_tree,0.01766654318119519,0
55616107,EAME,2023-05-27,95,wheat,0.2818165535080457,0.8817163544163337
55616107,EAME,2023-05-27,50,wheat,0.4720335201059234,0.8817163544163337
55616107,EAME,2023-05-27,95,quarter,0.053284051690873,0.36169364305996754
55616107,EAME,2023-05-27,50,quarter,0.03661133463786312,0.36169364305996754
55616107,EAME,2023-05-27,95,cat_barn,0.00925148352541037,0
55616107,EAME,2023-05-27,95,gi,0.00744986260968733,0
55616107,EAME,2023-05-27,95,native_ws,0.00677363072578227,0
55616107,EAME,2023-05-27,95,cattle,0.2028183628164219,0.4520581588710544
55616107,EAME,2023-05-27,50,cattle,0.17417227671840704,0.4520581588710544
55616107,EAME,2023-05-27,95,wish_well,0.02956561357731447,0
55616107,EAME,2023-05-27,95,off_field,0.18907240286290547,NA
55616107,EAME,2023-05-27,50,off_field,0,NA
55616107,EAME,2023-06-03,95,blue_silo,0.00644255388464904,0
55616107,EAME,2023-06-03,95,frog,0.20534539142716232,0.8397412805722954
55616107,EAME,2023-06-03,50,frog,0.32754580470924594,0.8397412805722954
55616107,EAME,2023-06-03,95,pear_tree,0.0339148327502254,0
55616107,EAME,2023-06-03,95,wheat,0.2917024129470648,0.7378396673897157
55616107,EAME,2023-06-03,50,wheat,0.40883079295929015,0.7378396673897157
55616107,EAME,2023-06-03,95,quarter,0.00774580222440027,0
55616107,EAME,2023-06-03,95,cattle,0.2495363465989431,0.5387307110042208
55616107,EAME,2023-06-03,50,cattle,0.2553566215865514,0.5387307110042208
55616107,EAME,2023-06-03,95,off_field,0.1986232260477422,NA
55616107,EAME,2023-06-03,50,off_field,0.00826678074491246,NA
55616107,EAME,2023-06-19,95,frog,0.3798275467761361,0.7510685917540358
55616107,EAME,2023-06-19,50,frog,0.5416123921110914,0.7510685917540358
55616107,EAME,2023-06-19,95,horse,0.00776311903764255,0
55616107,EAME,2023-06-19,95,wheat,0.2717199620140103,0.3164802585346036
55616107,EAME,2023-06-19,50,wheat,0.16326410160204985,0.3164802585346036
55616107,EAME,2023-06-19,95,quarter,0.00550608047156922,0
55616107,EAME,2023-06-19,95,cattle,0.33850099792630356,0.4881446581590942
55616107,EAME,2023-06-19,50,cattle,0.31371192483772964,0.4881446581590942
55616107,EAME,2023-06-19,95,off_field,0,NA
55616107,EAME,2023-06-19,50,off_field,0,NA
55616107,EAME,2023-06-04,95,frog,0.16783262225685802,0.8899839357394077
55616107,EAME,2023-06-04,50,frog,0.2837537088874026,0.8899839357394077
55616107,EAME,2023-06-04,95,horse,0.02890839825684357,0.2552128503902001
55616107,EAME,2023-06-04,50,horse,0.01401553131832861,0.2552128503902001
55616107,EAME,2023-06-04,95,pear_tree,0.05117443729378622,1.0127445437868624e-5
55616107,EAME,2023-06-04,95,wheat,0.36837517914645895,0.8254280992537542
55616107,EAME,2023-06-04,50,wheat,0.5776338136335136,0.8254280992537542
55616107,EAME,2023-06-04,95,quarter,0.02239432515010333,0
55616107,EAME,2023-06-04,95,cattle,0.2275807723084821,0.29519862544985964
55616107,EAME,2023-06-04,50,cattle,0.1276241600457486,0.29519862544985964
55616107,EAME,2023-06-04,95,wish_well,0.01543996291044386,0
55616107,EAME,2023-06-04,95,off_field,0.11007798558706872,NA
55616107,EAME,2023-06-04,50,off_field,0,NA
55616107,EAME,2023-06-05,95,frog,0.2897696776163655,0.8023135914634862
55616107,EAME,2023-06-05,50,frog,0.4415167096926571,0.8023135914634862
55616107,EAME,2023-06-05,95,horse,0.00600396186749533,0
55616107,EAME,2023-06-05,95,pear_tree,0.01642187169069226,0
55616107,EAME,2023-06-05,95,wheat,0.23444252554170372,0.31938687178230174
55616107,EAME,2023-06-05,50,wheat,0.1422012812779347,0.31938687178230174
55616107,EAME,2023-06-05,95,cattle,0.3809290378921293,0.5708068690880622
55616107,EAME,2023-06-05,50,cattle,0.4129365530265056,0.5708068690880622
55616107,EAME,2023-06-05,95,off_field,0.0697303497523056,NA
55616107,EAME,2023-06-05,50,off_field,0.00334545600290257,NA
55616107,EAME,2023-06-06,95,frog,0.20209451074465584,0.7573550957176268
55616107,EAME,2023-06-06,50,frog,0.2904804484953249,0.7573550957176268
55616107,EAME,2023-06-06,95,horse,0.04003252822779061,0.02860483626488983
55616107,EAME,2023-06-06,95,pear_tree,0.00578428996255127,0
55616107,EAME,2023-06-06,95,wheat,0.3800482998225078,0.6515405369301287
55616107,EAME,2023-06-06,50,wheat,0.46994071423234984,0.6515405369301287
55616107,EAME,2023-06-06,95,quarter,0.09725593036756372,0.3343999492901835
55616107,EAME,2023-06-06,50,quarter,0.06172273087297675,0.3343999492901835
55616107,EAME,2023-06-06,95,cattle,0.22887707438211416,0.4135826385919909
55616107,EAME,2023-06-06,50,cattle,0.17965008633865617,0.4135826385919909
55616107,EAME,2023-06-06,95,wish_well,0.01733601105471088,0
55616107,EAME,2023-06-06,95,off_field,0.02365911748782967,NA
55616107,EAME,2023-06-06,50,off_field,0,NA
55616107,EAME,2023-06-08,95,frog,0.17794539727958508,0.6470673362724071
55616107,EAME,2023-06-08,50,frog,0.2186005514422339,0.6470673362724071
55616107,EAME,2023-06-08,95,horse,0.07658349491257872,0.3906521032231551
55616107,EAME,2023-06-08,50,horse,0.05679895757611585,0.3906521032231551
55616107,EAME,2023-06-08,95,pear_tree,0.00908084391576089,0
55616107,EAME,2023-06-08,95,wheat,0.34090183161080767,0.5584333061714176
55616107,EAME,2023-06-08,50,wheat,0.36142289812873,0.5584333061714176
55616107,EAME,2023-06-08,95,quarter,0.252007865745867,0.7647814584083846
55616107,EAME,2023-06-08,50,quarter,0.3659034154301695,0.7647814584083846
55616107,EAME,2023-06-08,95,cat_barn,0.00885236909169328,0
55616107,EAME,2023-06-08,95,cattle,0.0723421049138195,0
55616107,EAME,2023-06-08,95,off_field,0.05936870286229787,NA
55616107,EAME,2023-06-08,50,off_field,0,NA
55616107,EAME,2023-06-11,95,frog,0.30501109265024673,0.7820139269322454
55616107,EAME,2023-06-11,50,frog,0.4526776192895705,0.7820139269322454
55616107,EAME,2023-06-11,95,horse,0.01735962706571846,0
55616107,EAME,2023-06-11,95,pear_tree,0.01330767968386479,0
55616107,EAME,2023-06-11,95,wheat,0.27583633494267923,0.33560652655036943
55616107,EAME,2023-06-11,50,wheat,0.17568746372414443,0.33560652655036943
55616107,EAME,2023-06-11,95,quarter,0.0166279607317694,0
55616107,EAME,2023-06-11,95,cattle,0.32520107636415263,0.6147687467270934
55616107,EAME,2023-06-11,50,cattle,0.3794221293074697,0.6147687467270934
55616107,EAME,2023-06-11,95,off_field,0.04543511801579393,NA
55616107,EAME,2023-06-11,50,off_field,0,NA
55616107,EAME,2023-06-13,95,frog,0.3156032381353611,0.9014101412742817
55616107,EAME,2023-06-13,50,frog,0.539929726692726,0.9014101412742817
55616107,EAME,2023-06-13,95,horse,0.09567171607173468,0.6022480224981042
55616107,EAME,2023-06-13,50,horse,0.10935340118454286,0.6022480224981042
55616107,EAME,2023-06-13,95,wheat,0.18741488452439567,0.4851292624646664
55616107,EAME,2023-06-13,50,wheat,0.17255792108270265,0.4851292624646664
55616107,EAME,2023-06-13,95,quarter,0.06183195767903481,0.2983864421710777
55616107,EAME,2023-06-13,50,quarter,0.03501591116693856,0.2983864421710777
55616107,EAME,2023-06-13,95,cattle,0.3065115566312987,0.2633476422796806
55616107,EAME,2023-06-13,50,cattle,0.15319677992244424,0.2633476422796806
55616107,EAME,2023-06-13,95,wish_well,0.02536092055466944,0
55616107,EAME,2023-06-13,95,off_field,0.00390411098469417,NA
55616107,EAME,2023-06-13,50,off_field,0,NA
55616107,EAME,2023-06-10,95,frog,0.28113177524681543,0.6211205894792717
55616107,EAME,2023-06-10,50,frog,0.3312640733976475,0.6211205894792717
55616107,EAME,2023-06-10,95,horse,0.01459790934817206,0
55616107,EAME,2023-06-10,95,wheat,0.20175554648073765,4.4827236887004e-4
55616107,EAME,2023-06-10,95,quarter,0.00789902699007959,0
55616107,EAME,2023-06-10,95,cattle,0.4844797749579164,0.7388353851833727
55616107,EAME,2023-06-10,50,cattle,0.6790657331184866,0.7388353851833727
55616107,EAME,2023-06-10,95,off_field,0.00776575340034101,NA
55616107,EAME,2023-06-10,50,off_field,0,NA
55616107,EAME,2023-05-30,95,frog,0.23740102874940935,0.8165184646270272
55616107,EAME,2023-05-30,50,frog,0.367932171270889,0.8165184646270272
55616107,EAME,2023-05-30,95,horse,0.01452828290624196,0
55616107,EAME,2023-05-30,95,wheat,0.1487795757148424,0.3975415616195926
55616107,EAME,2023-05-30,50,wheat,0.11226516312927629,0.3975415616195926
55616107,EAME,2023-05-30,95,quarter,0.01293041102027527,0
55616107,EAME,2023-05-30,95,cattle,0.49378428071382985,0.5575401998702094
55616107,EAME,2023-05-30,50,cattle,0.5225557167705317,0.5575401998702094
55616107,EAME,2023-05-30,95,off_field,0.08496877308672189,NA
55616107,EAME,2023-05-30,50,off_field,0,NA
55616107,EAME,2023-06-16,95,frog,0.3712863147201103,0.7327982682062292
55616107,EAME,2023-06-16,50,frog,0.5168414404918207,0.7327982682062292
55616107,EAME,2023-06-16,95,wheat,0.28334520519530076,0.36475058804410193
55616107,EAME,2023-06-16,50,wheat,0.19632509699511927,0.36475058804410193
55616107,EAME,2023-06-16,95,quarter,0.00503078486411901,0
55616107,EAME,2023-06-16,95,cattle,0.3280048211145155,0.48957271177212136
55616107,EAME,2023-06-16,50,cattle,0.3050432237509181,0.48957271177212136
55616107,EAME,2023-06-16,95,off_field,0.00595446632505585,NA
55616107,EAME,2023-06-16,50,off_field,0,NA
55616107,EAME,2023-06-20,95,frog,0.31276919667109837,0.8287930346598175
55616107,EAME,2023-06-20,50,frog,0.49184325266752166,0.8287930346598175
55616107,EAME,2023-06-20,95,horse,0.06064550858559415,0.1478691577151387
55616107,EAME,2023-06-20,50,horse,0.01701503678376119,0.1478691577151387
55616107,EAME,2023-06-20,95,wheat,0.1752536157769237,0.14597321617697206
55616107,EAME,2023-06-20,50,wheat,0.04853966944808841,0.14597321617697206
55616107,EAME,2023-06-20,95,quarter,0.01535572950131029,0
55616107,EAME,2023-06-20,95,cattle,0.41154320405720346,0.5848913599999424
55616107,EAME,2023-06-20,50,cattle,0.4567171198000081,0.5848913599999424
55616107,EAME,2023-06-20,95,wish_well,0.01117544867353901,0
55616107,EAME,2023-06-20,95,off_field,0.01242370492589716,NA
55616107,EAME,2023-06-20,50,off_field,0,NA
55616107,EAME,2023-06-02,95,blue_silo,0.01096278722037822,0
55616107,EAME,2023-06-02,95,frog,0.20023464362592525,0.8966617719753721
55616107,EAME,2023-06-02,50,frog,0.3411149278211361,0.8966617719753721
55616107,EAME,2023-06-02,95,horse,0.05692803012723123,0.5204846154313383
55616107,EAME,2023-06-02,50,horse,0.05629462169124161,0.5204846154313383
55616107,EAME,2023-06-02,95,pear_tree,0.04228391117751162,0
55616107,EAME,2023-06-02,95,wheat,0.3062346990319754,0.727842213659969
55616107,EAME,2023-06-02,50,wheat,0.4234717956238747,0.727842213659969
55616107,EAME,2023-06-02,95,quarter,0.05523748104462756,0.3261554737218896
55616107,EAME,2023-06-02,50,quarter,0.03422877752410118,0.3261554737218896
55616107,EAME,2023-06-02,95,cattle,0.2071818636063995,0.3893472278840688
55616107,EAME,2023-06-02,50,cattle,0.15325747772694231,0.3893472278840688
55616107,EAME,2023-06-02,95,wish_well,0.03823114509936622,0
55616107,EAME,2023-06-02,95,off_field,0.07408401871020087,NA
55616107,EAME,2023-06-02,50,off_field,0,NA
55616107,EAME,2023-06-17,95,frog,0.2640143585899924,0.7773273150234317
55616107,EAME,2023-06-17,50,frog,0.3895668852817564,0.7773273150234317
55616107,EAME,2023-06-17,95,horse,0.00918385298921948,0
55616107,EAME,2023-06-17,95,pear_tree,0.01040243313375243,0
55616107,EAME,2023-06-17,95,wheat,0.3095459367626624,0.40908820231691007
55616107,EAME,2023-06-17,50,wheat,0.24037683905297189,0.40908820231691007
55616107,EAME,2023-06-17,95,quarter,0.00876078739075492,0
55616107,EAME,2023-06-17,95,cattle,0.33962504532448584,0.5779287169863349
55616107,EAME,2023-06-17,50,cattle,0.37258429216574734,0.5779287169863349
55616107,EAME,2023-06-17,95,off_field,0.05785844979877163,NA
55616107,EAME,2023-06-17,50,off_field,0,NA
55616107,EAME,2023-06-12,95,frog,0.2725906621257,0.8614322263103736
55616107,EAME,2023-06-12,50,frog,0.4460649458768067,0.8614322263103736
55616107,EAME,2023-06-12,95,horse,0.0371792887308511,0
55616107,EAME,2023-06-12,95,pear_tree,0.0084450718488562,0
55616107,EAME,2023-06-12,95,wheat,0.24752348678673425,0.31254930759196337
55616107,EAME,2023-06-12,50,wheat,0.14696061523741238,0.31254930759196337
55616107,EAME,2023-06-12,95,quarter,0.01793572100316399,0
55616107,EAME,2023-06-12,95,cattle,0.35835446066880244,0.6116177643505462
55616107,EAME,2023-06-12,50,cattle,0.416350328708776,0.6116177643505462
55616107,EAME,2023-06-12,95,wish_well,0.03032111137791635,1.926320291766037e-4
55616107,EAME,2023-06-12,95,off_field,0.02765019745797569,NA
55616107,EAME,2023-06-12,50,off_field,0,NA
55616107,EAME,2023-06-15,95,frog,0.4132256073016929,0.7371082118921239
55616107,EAME,2023-06-15,50,frog,0.5785844493544261,0.7371082118921239
55616107,EAME,2023-06-15,95,horse,0.01931307734335294,0
55616107,EAME,2023-06-15,95,wheat,0.4013973432224215,0.5341820070148445
55616107,EAME,2023-06-15,50,wheat,0.4072977677337986,0.5341820070148445
55616107,EAME,2023-06-15,95,quarter,0.01387827906097104,0
55616107,EAME,2023-06-15,95,cattle,0.15546982538407983,0.11141342474489796
55616107,EAME,2023-06-15,50,cattle,0.03290272864476946,0.11141342474489796
55616107,EAME,2023-06-15,95,off_field,0,NA
55616107,EAME,2023-06-15,50,off_field,0,NA
55616107,EAME,2023-06-01,95,blue_silo,0.02397274955079681,0
55616107,EAME,2023-06-01,95,frog,0.14752144979691936,0.8993775112963068
55616107,EAME,2023-06-01,50,frog,0.25202048851815784,0.8993775112963068
55616107,EAME,2023-06-01,95,horse,0.03110261434949902,0.4024341676613524
55616107,EAME,2023-06-01,50,horse,0.02377554029697213,0.4024341676613524
55616107,EAME,2023-06-01,95,pear_tree,0.0498427731591364,0.20430388329835084
55616107,EAME,2023-06-01,50,pear_tree,0.01934271676440713,0.20430388329835084
55616107,EAME,2023-06-01,95,wheat,0.2601454083834785,0.9128937847438544
55616107,EAME,2023-06-01,50,wheat,0.45110232811633094,0.9128937847438544
55616107,EAME,2023-06-01,95,quarter,0.04706297813171353,0.1611608961278058
55616107,EAME,2023-06-01,50,quarter,0.01440713854719765,0.1611608961278058
55616107,EAME,2023-06-01,95,cattle,0.2051941195964077,0.3622505369107471
55616107,EAME,2023-06-01,50,cattle,0.14119281658035668,0.3622505369107471
55616107,EAME,2023-06-01,95,wish_well,0.0248344333219169,0
55616107,EAME,2023-06-01,95,off_field,0.19919638251555136,NA
55616107,EAME,2023-06-01,50,off_field,0.09815897117657764,NA
55616107,EAME,2023-06-09,95,frog,0.16620156783227424,0.7894924296560892
55616107,EAME,2023-06-09,50,frog,0.24920046368622809,0.7894924296560892
55616107,EAME,2023-06-09,95,horse,0.03263361692715214,0
55616107,EAME,2023-06-09,95,pear_tree,0.1981451286895177,0.3942708726658579
55616107,EAME,2023-06-09,50,pear_tree,0.14836923375032163,0.3942708726658579
55616107,EAME,2023-06-09,95,underhill,0.00720228926715609,0
55616107,EAME,2023-06-09,95,wheat,0.3945517537469059,0.7735019524559841
55616107,EAME,2023-06-09,50,wheat,0.5796037039996401,0.7735019524559841
55616107,EAME,2023-06-09,95,quarter,0.04189402526325012,0
55616107,EAME,2023-06-09,95,cattle,0.05648237701439711,0.02103700674525926
55616107,EAME,2023-06-09,95,off_field,0.0985817715804108,NA
55616107,EAME,2023-06-09,50,off_field,0.02056995654039199,NA
Inf,EAME,2023-06-12,95,blue_silo,0.26047822238120083,0.6967985941977255
Inf,EAME,2023-06-12,50,blue_silo,0.34460267207663375,0.6967985941977255
Inf,EAME,2023-06-12,95,bobolink,0.2014084556651239,0.2343341919300463
Inf,EAME,2023-06-12,50,bobolink,0.0896093478082251,0.2343341919300463
Inf,EAME,2023-06-12,95,swale,0.16627214165951604,0.7686489188872977
Inf,EAME,2023-06-12,50,swale,0.24265400675850007,0.7686489188872977
Inf,EAME,2023-06-12,95,underhill,0.01679231830351447,0
Inf,EAME,2023-06-12,95,retired,0.03910845036384187,0
Inf,EAME,2023-06-12,95,front_hay,0.04992581862231402,0
Inf,EAME,2023-06-12,95,pond,0.05349787176302939,0.31146158801074875
Inf,EAME,2023-06-12,50,pond,0.03163595538583535,0.31146158801074875
Inf,EAME,2023-06-12,95,off_field,0.2125167212414595,NA
Inf,EAME,2023-06-12,50,off_field,0.2914980179708057,NA
Inf,EAME,2023-06-04,95,blue_silo,0.17192447722902676,0.3612964224581627
Inf,EAME,2023-06-04,50,blue_silo,0.11796132416115078,0.3612964224581627
Inf,EAME,2023-06-04,95,bobolink,0.47432880374033265,0.7953185033663533
Inf,EAME,2023-06-04,50,bobolink,0.7164053988314096,0.7953185033663533
Inf,EAME,2023-06-04,95,swale,0.0869096164935315,0
Inf,EAME,2023-06-04,95,pond,0.029313192012807,0
Inf,EAME,2023-06-04,95,off_field,0.23752391052430208,NA
Inf,EAME,2023-06-04,50,off_field,0.16563327700743963,NA
Inf,EAME,2023-06-05,95,blue_silo,0.2421744849760445,0.31595825165257446
Inf,EAME,2023-06-05,50,blue_silo,0.1453080906737892,0.31595825165257446
Inf,EAME,2023-06-05,95,bobolink,0.17152641113574227,0.20126871697875812
Inf,EAME,2023-06-05,50,bobolink,0.06556000657867735,0.20126871697875812
Inf,EAME,2023-06-05,95,swale,0.20687882820266237,0.6848883244130056
Inf,EAME,2023-06-05,50,swale,0.26907138842422784,0.6848883244130056
Inf,EAME,2023-06-05,95,pond,0.09519701283011509,0.5869986790546228
Inf,EAME,2023-06-05,50,pond,0.10611875700026284,0.5869986790546228
Inf,EAME,2023-06-05,95,off_field,0.28136087437624735,NA
Inf,EAME,2023-06-05,50,off_field,0.4139417573230428,NA
Inf,EAME,2023-06-06,95,blue_silo,0.9266320353709926,0.5686678889385716
Inf,EAME,2023-06-06,50,blue_silo,1.0000000190775455,0.5686678889385716
Inf,EAME,2023-06-06,95,bobolink,0.05666716037284114,0
Inf,EAME,2023-06-06,95,off_field,0.01508252993892973,NA
Inf,EAME,2023-06-06,50,off_field,0,NA
Inf,EAME,2023-06-08,95,blue_silo,0.5369215618800823,0.6666831350550612
Inf,EAME,2023-06-08,50,blue_silo,0.679588827875169,0.6666831350550612
Inf,EAME,2023-06-08,95,bobolink,0.25486251328297566,0.5166599311114329
Inf,EAME,2023-06-08,50,bobolink,0.24999231601030109,0.5166599311114329
Inf,EAME,2023-06-08,95,swale,0.066487049654808,0
Inf,EAME,2023-06-08,95,retired,0.02449412413671385,0
Inf,EAME,2023-06-08,95,pond,0.00935979956257575,0
Inf,EAME,2023-06-08,95,off_field,0.1029697189669281,NA
Inf,EAME,2023-06-08,50,off_field,0.07041885611452987,NA
Inf,EAME,2023-06-11,95,blue_silo,0.5194131315517563,0.6768375726412104
Inf,EAME,2023-06-11,50,blue_silo,0.6673396855806377,0.6768375726412104
Inf,EAME,2023-06-11,95,bobolink,0.09361995668309044,0
Inf,EAME,2023-06-11,95,swale,0.12923505655784678,0.4037901490715852
Inf,EAME,2023-06-11,50,swale,0.09905710353335558,0.4037901490715852
Inf,EAME,2023-06-11,95,pond,0.07363415303477938,0.4524483421475209
Inf,EAME,2023-06-11,50,pond,0.06324087425161637,0.4524483421475209
Inf,EAME,2023-06-11,95,off_field,0.18385790970945337,NA
Inf,EAME,2023-06-11,50,off_field,0.17036233663439032,NA
Inf,EAME,2023-06-13,95,blue_silo,0.26713056018397063,0.6867349725701065
Inf,EAME,2023-06-13,50,blue_silo,0.3482295269904712,0.6867349725701065
Inf,EAME,2023-06-13,95,bobolink,0.34029938040298335,0.47943564528214455
Inf,EAME,2023-06-13,50,bobolink,0.3097022293919108,0.47943564528214455
Inf,EAME,2023-06-13,95,swale,0.01096733226597969,0
Inf,EAME,2023-06-13,95,retired,0.06570762153901527,0.6170200012564545
Inf,EAME,2023-06-13,50,retired,0.07696049327270417,0.6170200012564545
Inf,EAME,2023-06-13,95,front_hay,0.01564051901050206,0
Inf,EAME,2023-06-13,95,pond,0.06315369102414979,0.00110459611791466
Inf,EAME,2023-06-13,95,off_field,0.2337867020187613,NA
Inf,EAME,2023-06-13,50,off_field,0.26497532988135586,NA
Inf,EAME,2023-06-15,95,blue_silo,0.3024344639620039,0.6960015865119109
Inf,EAME,2023-06-15,50,blue_silo,0.3996645760127996,0.6960015865119109
Inf,EAME,2023-06-15,95,bobolink,0.3691286532908728,0.620726493519143
Inf,EAME,2023-06-15,50,bobolink,0.435043002528109,0.620726493519143
Inf,EAME,2023-06-15,95,swale,0.03443432391766136,0
Inf,EAME,2023-06-15,95,retired,0.05711593020746234,0.6397818817630674
Inf,EAME,2023-06-15,50,retired,0.06938144466002287,0.6397818817630674
Inf,EAME,2023-06-15,95,front_hay,0.06042240663861203,0.02106575811077428
Inf,EAME,2023-06-15,95,entrance,0.00788494857850203,0
Inf,EAME,2023-06-15,95,pond,0.03532213378166133,0
Inf,EAME,2023-06-15,95,off_field,0.12898441910358086,NA
Inf,EAME,2023-06-15,50,off_field,0.09349424053067884,NA
Inf,EAME,2023-05-26,95,alfalfa,0.03629274636522402,0.1516010501939341
Inf,EAME,2023-05-26,50,alfalfa,0.01044690721866964,0.1516010501939341
Inf,EAME,2023-05-26,95,blue_silo,0.05574116756965501,0.1116295205405761
Inf,EAME,2023-05-26,50,blue_silo,0.01181464876037489,0.1116295205405761
Inf,EAME,2023-05-26,95,bobolink,0.4813450391513898,0.8233320068164932
Inf,EAME,2023-05-26,50,bobolink,0.7524838670715225,0.8233320068164932
Inf,EAME,2023-05-26,95,swale,0.07884170160322548,0.16304727917966186
Inf,EAME,2023-05-26,50,swale,0.0244081711038032,0.16304727917966186
Inf,EAME,2023-05-26,95,front_hay,0.05734285228597823,0
Inf,EAME,2023-05-26,95,clydesdale,0.01918188907601318,0
Inf,EAME,2023-05-26,95,pond,0.05573718425601209,0
Inf,EAME,2023-05-26,95,back_woods,0.02898358431110299,0.06365909619270047
Inf,EAME,2023-05-26,95,off_field,0.18011946563705933,NA
Inf,EAME,2023-05-26,50,off_field,0.19734309837721184,NA
Inf,EAME,2023-06-07,95,alfalfa,0.0210185796802237,0
Inf,EAME,2023-06-07,95,blue_silo,0.3448786880557772,0.8376866477831526
Inf,EAME,2023-06-07,50,blue_silo,0.5485400059523456,0.8376866477831526
Inf,EAME,2023-06-07,95,bobolink,0.2227357341669209,0.512188851916085
Inf,EAME,2023-06-07,50,bobolink,0.2166109342056055,0.512188851916085
Inf,EAME,2023-06-07,95,swale,0.22737360661396003,0.3959475613484034
Inf,EAME,2023-06-07,50,swale,0.17093778777618865,0.3959475613484034
Inf,EAME,2023-06-07,95,underhill,0.00775145840389836,0
Inf,EAME,2023-06-07,95,retired,0.03250078966689129,0.2227258111455105
Inf,EAME,2023-06-07,50,retired,0.01374436938267481,0.2227258111455105
Inf,EAME,2023-06-07,95,front_hay,0.03271582959773831,0
Inf,EAME,2023-06-07,95,clydesdale,0.01194053804972582,0
Inf,EAME,2023-06-07,95,pond,0.00524392450853491,0
Inf,EAME,2023-06-07,95,off_field,0.08722605545837168,NA
Inf,EAME,2023-06-07,50,off_field,0.05016690268318535,NA
Inf,EAME,2023-05-30,95,blue_silo,0.6674591003616576,0.5970901441369377
Inf,EAME,2023-05-30,50,blue_silo,0.7570614784218938,0.5970901441369377
Inf,EAME,2023-05-30,95,bobolink,0.02118051255587592,0
Inf,EAME,2023-05-30,95,swale,0.25355070165415056,0.4115225751387906
Inf,EAME,2023-05-30,50,swale,0.19820977497523415,0.4115225751387906
Inf,EAME,2023-05-30,95,off_field,0.05718266980622951,NA
Inf,EAME,2023-05-30,50,off_field,0.04472874660287209,NA
Inf,EAME,2023-06-16,95,blue_silo,0.31988757698486286,0.5638518568050502
Inf,EAME,2023-06-16,50,blue_silo,0.3426663060283041,0.5638518568050502
Inf,EAME,2023-06-16,95,bobolink,0.3914254978252696,0.6119706346897741
Inf,EAME,2023-06-16,50,bobolink,0.45508100581050687,0.6119706346897741
Inf,EAME,2023-06-16,95,underhill,0.01004405184621403,0
Inf,EAME,2023-06-16,95,retired,0.08733903687908187,0.49476300027052195
Inf,EAME,2023-06-16,50,retired,0.08209460668819826,0.49476300027052195
Inf,EAME,2023-06-16,95,front_hay,0.0467254129594408,0
Inf,EAME,2023-06-16,95,pond,0.01053054070305507,0
Inf,EAME,2023-06-16,95,off_field,0.13189130002748237,NA
Inf,EAME,2023-06-16,50,off_field,0.1201580814729908,NA
Inf,EAME,2023-06-20,95,blue_silo,0.20367846488742616,0.6967092838094114
Inf,EAME,2023-06-20,50,blue_silo,0.26959925052747646,0.6967092838094114
Inf,EAME,2023-06-20,95,bobolink,0.30194273225614116,0.627741799893676
Inf,EAME,2023-06-20,50,bobolink,0.36010371248765355,0.627741799893676
Inf,EAME,2023-06-20,95,swale,0.02227568045590758,0
Inf,EAME,2023-06-20,95,underhill,0.00826693533409226,0
Inf,EAME,2023-06-20,95,retired,0.04716207564188127,0.7256048443303259
Inf,EAME,2023-06-20,50,retired,0.06501522260468777,0.7256048443303259
Inf,EAME,2023-06-20,95,front_hay,0.18840670841862164,0.4993920147431013
Inf,EAME,2023-06-20,50,front_hay,0.17875571099489504,0.4993920147431013
Inf,EAME,2023-06-20,95,pond,0.07508045439837151,0.08034596155720052
Inf,EAME,2023-06-20,50,pond,0.01146074672035728,0.08034596155720052
Inf,EAME,2023-06-20,95,off_field,0.15165527214699973,NA
Inf,EAME,2023-06-20,50,off_field,0.11506535666492988,NA
Inf,EAME,2023-05-25,95,blue_silo,0.03248507267230074,0
Inf,EAME,2023-05-25,95,bobolink,0.5307251517044423,0.7021197759825251
Inf,EAME,2023-05-25,50,bobolink,0.7080082640020469,0.7021197759825251
Inf,EAME,2023-05-25,95,swale,0.01393548578407817,0
Inf,EAME,2023-05-25,95,front_hay,0.02503127387820585,0
Inf,EAME,2023-05-25,95,clydesdale,0.02762952489017205,0
Inf,EAME,2023-05-25,95,pond,0.06856890313512672,0
Inf,EAME,2023-05-25,95,off_field,0.2986410897802205,NA
Inf,EAME,2023-05-25,50,off_field,0.2919917359979532,NA
Inf,EAME,2023-05-28,95,blue_silo,0.45026965016154386,0.6192378533191824
Inf,EAME,2023-05-28,50,blue_silo,0.529452452530658,0.6192378533191824
Inf,EAME,2023-05-28,95,bobolink,0.27989371836430454,0.7611865081599367
Inf,EAME,2023-05-28,50,bobolink,0.40455821713895473,0.7611865081599367
Inf,EAME,2023-05-28,95,swale,0.05222209109185355,0
Inf,EAME,2023-05-28,95,retired,0.02126909528359944,0.379510786543958
Inf,EAME,2023-05-28,50,retired,0.01532745091293118,0.379510786543958
Inf,EAME,2023-05-28,95,front_hay,0.07341486335453437,0
Inf,EAME,2023-05-28,95,entrance,0.00681476649924712,0
Inf,EAME,2023-05-28,95,cat_barn,0.01984308829095216,0
Inf,EAME,2023-05-28,95,native_ws,0.00526735240969904,0
Inf,EAME,2023-05-28,95,off_field,0.08695910506227854,NA
Inf,EAME,2023-05-28,50,off_field,0.05066187941745604,NA
Inf,EAME,2023-05-31,95,blue_silo,0.5168717540516405,0.5699731168328606
Inf,EAME,2023-05-31,50,blue_silo,0.5597199012437117,0.5699731168328606
Inf,EAME,2023-05-31,95,bobolink,0.14398897659123078,0.47054135518282153
Inf,EAME,2023-05-31,50,bobolink,0.12872432430421443,0.47054135518282153
Inf,EAME,2023-05-31,95,swale,0.26272416661715714,0.45176659406679537
Inf,EAME,2023-05-31,50,swale,0.2255006062703011,0.45176659406679537
Inf,EAME,2023-05-31,95,off_field,0.07253849456953028,NA
Inf,EAME,2023-05-31,50,off_field,0.08605516818177271,NA
Inf,EAME,2023-06-10,95,blue_silo,0.30798511495524966,0.4655726593113288
Inf,EAME,2023-06-10,50,blue_silo,0.2723394216019597,0.4655726593113288
Inf,EAME,2023-06-10,95,bobolink,0.10502317517928351,0.27852407056849904
Inf,EAME,2023-06-10,50,bobolink,0.05555730783529585,0.27852407056849904
Inf,EAME,2023-06-10,95,swale,0.25630071887432676,0.6339567889177086
Inf,EAME,2023-06-10,50,swale,0.30860488485286097,0.6339567889177086
Inf,EAME,2023-06-10,95,pond,0.12617033281894477,0.4703161015768317
Inf,EAME,2023-06-10,50,pond,0.11270428051765986,0.4703161015768317
Inf,EAME,2023-06-10,95,off_field,0.2017216351024982,NA
Inf,EAME,2023-06-10,50,off_field,0.2507941051922236,NA
Inf,EAME,2023-06-22,95,pear_tree,0.9999999724597092,0.5276653072953306
Inf,EAME,2023-06-22,50,pear_tree,1.0000000376729474,0.5276653072953306
Inf,EAME,2023-06-22,95,off_field,2.7540290676305533e-8,NA
Inf,EAME,2023-06-22,50,off_field,0,NA
Inf,EAME,2023-05-29,95,blue_silo,0.7911521300215967,0.6429466553380935
Inf,EAME,2023-05-29,50,blue_silo,0.9654534131697564,0.6429466553380935
Inf,EAME,2023-05-29,95,bobolink,0.0234323760174696,0
Inf,EAME,2023-05-29,95,swale,0.11921892168867008,0.04397538246774996
Inf,EAME,2023-05-29,50,swale,0.00995064411336698,0.04397538246774996
Inf,EAME,2023-05-29,95,retired,0.01654973138979516,0
Inf,EAME,2023-05-29,95,off_field,0.04964684088246852,NA
Inf,EAME,2023-05-29,50,off_field,0.02459594271687647,NA
Inf,EAME,2023-06-18,95,blue_silo,0.4609646031626943,0.8068120097301343
Inf,EAME,2023-06-18,50,blue_silo,0.7059811506151432,0.8068120097301343
Inf,EAME,2023-06-18,95,bobolink,0.25166338067703703,0.2520686468297197
Inf,EAME,2023-06-18,50,bobolink,0.12041817196391376,0.2520686468297197
Inf,EAME,2023-06-18,95,swale,0.06026859633807877,0.18821729237515136
Inf,EAME,2023-06-18,50,swale,0.02153296190394301,0.18821729237515136
Inf,EAME,2023-06-18,95,retired,0.00962264542713687,0
Inf,EAME,2023-06-18,95,pond,0.05096953884494575,0.00360320425559908
Inf,EAME,2023-06-18,95,off_field,0.16276492974457005,NA
Inf,EAME,2023-06-18,50,off_field,0.15171909514680793,NA
Inf,EAME,2023-05-27,95,blue_silo,0.1490543648240536,0.4100018547986879
Inf,EAME,2023-05-27,50,blue_silo,0.1159172629042544,0.4100018547986879
Inf,EAME,2023-05-27,95,bobolink,0.5485806406343205,0.775807649185158
Inf,EAME,2023-05-27,50,bobolink,0.8072575821195744,0.775807649185158
Inf,EAME,2023-05-27,95,swale,0.01275831531239347,0
Inf,EAME,2023-05-27,95,underhill,0.00948982986480974,0
Inf,EAME,2023-05-27,95,retired,0.03200891780413589,0.22179315371162997
Inf,EAME,2023-05-27,50,retired,0.01346594157042771,0.22179315371162997
Inf,EAME,2023-05-27,95,front_hay,0.0395350877862186,0
Inf,EAME,2023-05-27,95,pond,0.02074388951142367,0
Inf,EAME,2023-05-27,95,off_field,0.17512349178596637,NA
Inf,EAME,2023-05-27,50,off_field,0.06335921340574346,NA
Inf,EAME,2023-06-03,95,blue_silo,0.02445756222352809,0
Inf,EAME,2023-06-03,95,bobolink,0.06150821989334198,0
Inf,EAME,2023-06-03,95,swale,0.38079649436192486,0.6650893030075822
Inf,EAME,2023-06-03,50,swale,0.48119427025686345,0.6650893030075822
Inf,EAME,2023-06-03,95,pond,0.20007479743884493,0.5092209027256361
Inf,EAME,2023-06-03,50,pond,0.19357361083081537,0.5092209027256361
Inf,EAME,2023-06-03,95,off_field,0.3331629260823601,NA
Inf,EAME,2023-06-03,50,off_field,0.32523211891232123,NA
Inf,EAME,2023-06-19,95,alfalfa,0.06944317052574595,0.125370027000225
Inf,EAME,2023-06-19,50,alfalfa,0.01652827699834639,0.125370027000225
Inf,EAME,2023-06-19,95,blue_silo,0.2486838687362237,0.4622429042067838
Inf,EAME,2023-06-19,50,blue_silo,0.2182338881844644,0.4622429042067838
Inf,EAME,2023-06-19,95,bobolink,0.05486373213253252,0.0983086701616514
Inf,EAME,2023-06-19,50,bobolink,0.01023956461761479,0.0983086701616514
Inf,EAME,2023-06-19,95,swale,0.43263813723914274,0.7271513687197761
Inf,EAME,2023-06-19,50,swale,0.5972469605076755,0.7271513687197761
Inf,EAME,2023-06-19,95,retired,0.01139056122548079,0
Inf,EAME,2023-06-19,95,pond,0.04593664968332606,0.03209905699279022
Inf,EAME,2023-06-19,95,off_field,0.1272189591951693,NA
Inf,EAME,2023-06-19,50,off_field,0.15495196799211242,NA
Inf,EAME,2023-06-02,95,blue_silo,0.2714950962363233,0.6000380300552469
Inf,EAME,2023-06-02,50,blue_silo,0.3094372202399383,0.6000380300552469
Inf,EAME,2023-06-02,95,bobolink,0.2417177035665776,0.7740987638585767
Inf,EAME,2023-06-02,50,bobolink,0.35541570817586143,0.7740987638585767
Inf,EAME,2023-06-02,95,pear_tree,0.00907255680548564,0
Inf,EAME,2023-06-02,95,swale,0.2034606358144427,0.40086507863963067
Inf,EAME,2023-06-02,50,swale,0.15492104092626188,0.40086507863963067
Inf,EAME,2023-06-02,95,underhill,0.00691937451365446,0
Inf,EAME,2023-06-02,95,retired,0.02854618008498796,0
Inf,EAME,2023-06-02,95,pond,0.07972897227811367,0
Inf,EAME,2023-06-02,95,back_woods,0.00679409732697694,0
Inf,EAME,2023-06-02,95,off_field,0.15085572483128465,NA
Inf,EAME,2023-06-02,50,off_field,0.1802260306579384,NA
Inf,EAME,2023-06-17,95,blue_silo,0.19952781256342952,0.5552803622540751
Inf,EAME,2023-06-17,50,blue_silo,0.21050231427684055,0.5552803622540751
Inf,EAME,2023-06-17,95,bobolink,0.4492695690712855,0.6012699972331033
Inf,EAME,2023-06-17,50,bobolink,0.5132366425443549,0.6012699972331033
Inf,EAME,2023-06-17,95,underhill,0.02397488494792482,0
Inf,EAME,2023-06-17,95,retired,0.09296076101407268,0.6431259293982546
Inf,EAME,2023-06-17,50,retired,0.11358913931947864,0.6431259293982546
Inf,EAME,2023-06-17,95,front_hay,0.14302297883847764,0.19678242196867596
Inf,EAME,2023-06-17,50,front_hay,0.05347283862722361,0.19678242196867596
Inf,EAME,2023-06-17,95,off_field,0.08573548193679503,NA
Inf,EAME,2023-06-17,50,off_field,0.10919906523210238,NA
Inf,EAME,2023-06-14,95,blue_silo,0.22108831784313357,0.6627402288597745
Inf,EAME,2023-06-14,50,blue_silo,0.2781564325165747,0.6627402288597745
Inf,EAME,2023-06-14,95,bobolink,0.40730258215761234,0.5677004156624174
Inf,EAME,2023-06-14,50,bobolink,0.4389513150848728,0.5677004156624174
Inf,EAME,2023-06-14,95,swale,0.02530816846753996,0
Inf,EAME,2023-06-14,95,retired,0.04572470955026366,0.5327578597438698
Inf,EAME,2023-06-14,50,retired,0.04624457578877702,0.5327578597438698
Inf,EAME,2023-06-14,95,front_hay,0.01320999740013458,0
Inf,EAME,2023-06-14,95,clydesdale,0.00596753107477531,0
Inf,EAME,2023-06-14,95,pond,0.04788890415074384,0
Inf,EAME,2023-06-14,95,off_field,0.23309938604772176,NA
Inf,EAME,2023-06-14,50,off_field,0.2366476766097755,NA
Inf,EAME,2023-05-24,95,blue_silo,0.10411802321688404,0.5547353071060611
Inf,EAME,2023-05-24,50,blue_silo,0.10972291515279144,0.5547353071060611
Inf,EAME,2023-05-24,95,bobolink,0.30146660182517593,0.8138652611630122
Inf,EAME,2023-05-24,50,bobolink,0.46609809985830336,0.8138652611630122
Inf,EAME,2023-05-24,95,horse,0.01511792950393474,0
Inf,EAME,2023-05-24,95,pear_tree,0.00604639009118902,0
Inf,EAME,2023-05-24,95,swale,0.01265313793089733,0
Inf,EAME,2023-05-24,95,quarter,0.03675992679828255,0
Inf,EAME,2023-05-24,95,front_hay,0.00558237510987053,0
Inf,EAME,2023-05-24,95,entrance,0.01073202289280359,0
Inf,EAME,2023-05-24,95,clydesdale,0.14477909796759,0.533029642835042
Inf,EAME,2023-05-24,50,clydesdale,0.14660299525708384,0.533029642835042
Inf,EAME,2023-05-24,95,pond,0.03123602099249705,0
Inf,EAME,2023-05-24,95,cat_barn,0.02792858815285305,0
Inf,EAME,2023-05-24,95,off_field,0.2951442690064154,NA
Inf,EAME,2023-05-24,50,off_field,0.27757598973182135,NA
Inf,EAME,2023-06-01,95,blue_silo,0.8083993201162275,0.6482714127622321
Inf,EAME,2023-06-01,50,blue_silo,0.9955757952510136,0.6482714127622321
Inf,EAME,2023-06-01,95,bobolink,0.0447135228403415,0
Inf,EAME,2023-06-01,95,swale,0.09022831979468948,0
Inf,EAME,2023-06-01,95,off_field,0.05305448557708653,NA
Inf,EAME,2023-06-01,50,off_field,0.00442420474898646,NA
Inf,EAME,2023-06-09,95,blue_silo,0.5288993723497004,0.7208777132267405
Inf,EAME,2023-06-09,50,blue_silo,0.7236815700872009,0.7208777132267405
Inf,EAME,2023-06-09,95,bobolink,0.2072813110466706,0.5747530623946707
Inf,EAME,2023-06-09,50,bobolink,0.22612797980412816,0.5747530623946707
Inf,EAME,2023-06-09,95,swale,0.0966415608184124,0
Inf,EAME,2023-06-09,95,retired,0.02595163016716271,0
Inf,EAME,2023-06-09,95,pond,0.02135919225466673,0
Inf,EAME,2023-06-09,95,off_field,0.11741345629680766,NA
Inf,EAME,2023-06-09,50,off_field,0.05019045010867089,NA
Inf,EAME,2023-06-21,95,pear_tree,0.972233192700604,0.545322314762808
Inf,EAME,2023-06-21,50,pear_tree,0.9999999803934786,0.545322314762808
Inf,EAME,2023-06-21,95,retired,0.00529220182650752,0
Inf,EAME,2023-06-21,95,off_field,0.01794149843435874,NA
Inf,EAME,2023-06-21,50,off_field,1.96065213592077e-8,NA
612D521E,BOBO,2024-06-30,95,blue_silo,0.18077727425563417,0.3345668396916498
612D521E,BOBO,2024-06-30,50,blue_silo,0.11478019272475458,0.3345668396916498
612D521E,BOBO,2024-06-30,95,bobolink,0.19436971675629977,0.4076340525420039
612D521E,BOBO,2024-06-30,50,bobolink,0.15036241073326545,0.4076340525420039
612D521E,BOBO,2024-06-30,95,swale,0.05318091869350931,0
612D521E,BOBO,2024-06-30,95,pond,0.14381050130982356,0.47641582823677
612D521E,BOBO,2024-06-30,50,pond,0.13002204841851422,0.47641582823677
612D521E,BOBO,2024-06-30,95,off_field,0.42786158898473314,NA
612D521E,BOBO,2024-06-30,50,off_field,0.6048353481234657,NA
612D521E,BOBO,2024-06-29,95,alfalfa,0.0110203531620671,0
612D521E,BOBO,2024-06-29,95,blue_silo,0.04465837093631204,0
612D521E,BOBO,2024-06-29,95,bobolink,0.07896796436806386,0.00346430476734276
612D521E,BOBO,2024-06-29,95,swale,0.10418034395608332,0
612D521E,BOBO,2024-06-29,95,pond,0.1661582377261845,0.393013604925443
612D521E,BOBO,2024-06-29,50,pond,0.12392740050908622,0.393013604925443
612D521E,BOBO,2024-06-29,95,off_field,0.5950147298512892,NA
612D521E,BOBO,2024-06-29,50,off_field,0.875553435081371,NA
612D521E,BOBO,2024-06-20,95,blue_silo,0.00720142200414453,0
612D521E,BOBO,2024-06-20,95,bobolink,0.7967652743009815,0.6606811808249826
612D521E,BOBO,2024-06-20,50,bobolink,0.9999999762181282,0.6606811808249826
612D521E,BOBO,2024-06-20,95,front_hay,0.03662699473264792,0
612D521E,BOBO,2024-06-20,95,clydesdale,0.0282542794128027,0
612D521E,BOBO,2024-06-20,95,pond,0.00994367690778775,0
612D521E,BOBO,2024-06-20,95,off_field,0.11824244432116326,NA
612D521E,BOBO,2024-06-20,50,off_field,2.3781871818253523e-8,NA
612D521E,BOBO,2024-06-22,95,bobolink,0.34179000652456537,0.8029694535201005
612D521E,BOBO,2024-06-22,50,bobolink,0.5213502092334222,0.8029694535201005
612D521E,BOBO,2024-06-22,95,clydesdale,0.2468040598113397,0.5041378105009264
612D521E,BOBO,2024-06-22,50,clydesdale,0.23635932324866907,0.5041378105009264
612D521E,BOBO,2024-06-22,95,pond,0.2257904523525447,0.3723631955860634
612D521E,BOBO,2024-06-22,50,pond,0.15971418509902657,0.3723631955860634
612D521E,BOBO,2024-06-22,95,off_field,0.18538078671197808,NA
612D521E,BOBO,2024-06-22,50,off_field,0.08257628241888215,NA
612D521E,BOBO,2024-06-23,95,bobolink,0.14951122299035405,0.4009434280153955
612D521E,BOBO,2024-06-23,50,bobolink,0.1137670599242926,0.4009434280153955
612D521E,BOBO,2024-06-23,95,clydesdale,0.3364188063719217,0.6378889651117342
612D521E,BOBO,2024-06-23,50,clydesdale,0.4072724155928765,0.6378889651117342
612D521E,BOBO,2024-06-23,95,pond,0.10522998489406916,0.3182077839213652
612D521E,BOBO,2024-06-23,50,pond,0.06354917965096472,0.3182077839213652
612D521E,BOBO,2024-06-23,95,off_field,0.4086925189946708,NA
612D521E,BOBO,2024-06-23,50,off_field,0.4154113448318662,NA
612D521E,BOBO,2024-06-25,95,bobolink,0.10882701469714666,0.25432782086589617
612D521E,BOBO,2024-06-25,50,bobolink,0.05255031385113437,0.25432782086589617
612D521E,BOBO,2024-06-25,95,clydesdale,0.3701446436099945,0.5714073591746428
612D521E,BOBO,2024-06-25,50,clydesdale,0.4015707081809016,0.5714073591746428
612D521E,BOBO,2024-06-25,95,pond,0.12127719478974272,0.10359019833119704
612D521E,BOBO,2024-06-25,50,pond,0.0238529740417578,0.10359019833119704
612D521E,BOBO,2024-06-25,95,off_field,0.3973804990534238,NA
612D521E,BOBO,2024-06-25,50,off_field,0.5220260039262062,NA
612D521E,BOBO,2024-06-27,95,blue_silo,0.01435106708957717,0
612D521E,BOBO,2024-06-27,95,bobolink,0.38000136490626024,0.463056966643514
612D521E,BOBO,2024-06-27,50,bobolink,0.33427660219621963,0.463056966643514
612D521E,BOBO,2024-06-27,95,swale,0.0944019961011968,0
612D521E,BOBO,2024-06-27,95,pond,0.11159412438762728,0.3225646463047951
612D521E,BOBO,2024-06-27,50,pond,0.06838242456802622,0.3225646463047951
612D521E,BOBO,2024-06-27,95,off_field,0.3948804565334757,NA
612D521E,BOBO,2024-06-27,50,off_field,0.5973409732357542,NA
612D521E,BOBO,2024-07-02,95,bobolink,0.83420505865878,0.6317933649605266
612D521E,BOBO,2024-07-02,50,bobolink,0.9999999531293144,0.6317933649605266
612D521E,BOBO,2024-07-02,95,front_hay,0.01905168867293324,0
612D521E,BOBO,2024-07-02,95,entrance,0.01609122427251778,0
612D521E,BOBO,2024-07-02,95,clydesdale,0.07914851823649638,0
612D521E,BOBO,2024-07-02,95,pond,0.00728507255991765,0
612D521E,BOBO,2024-07-02,95,off_field,0.0442155780793911,NA
612D521E,BOBO,2024-07-02,50,off_field,4.687068569985222e-8,NA
612D521E,BOBO,2024-06-24,95,bobolink,0.03333412072709797,0
612D521E,BOBO,2024-06-24,95,clydesdale,0.4029364695499275,0.5340739463440138
612D521E,BOBO,2024-06-24,50,clydesdale,0.4084522752110646,0.5340739463440138
612D521E,BOBO,2024-06-24,95,pond,0.11779414304793422,0.23005321304038
612D521E,BOBO,2024-06-24,50,pond,0.05143459808231758,0.23005321304038
612D521E,BOBO,2024-06-24,95,off_field,0.4459352666750403,NA
612D521E,BOBO,2024-06-24,50,off_field,0.5401131267066178,NA
612D521E,BOBO,2024-07-01,95,blue_silo,0.03673875927596324,0
612D521E,BOBO,2024-07-01,95,bobolink,0.5916201106715504,0.5744327586638093
612D521E,BOBO,2024-07-01,50,bobolink,0.6452508625294389,0.5744327586638093
612D521E,BOBO,2024-07-01,95,swale,0.02569125632155348,0
612D521E,BOBO,2024-07-01,95,pond,0.10214178045120446,0.2066856380203424
612D521E,BOBO,2024-07-01,50,pond,0.04008299737344289,0.2066856380203424
612D521E,BOBO,2024-07-01,95,off_field,0.24376439142720369,NA
612D521E,BOBO,2024-07-01,50,off_field,0.3146661400971183,NA
612D521E,BOBO,2024-07-05,95,blue_silo,0.21166387116197544,0.7374096272462022
612D521E,BOBO,2024-07-05,50,blue_silo,0.2965168981474034,0.7374096272462022
612D521E,BOBO,2024-07-05,95,bobolink,0.48510776108035664,0.5827310024439032
612D521E,BOBO,2024-07-05,50,bobolink,0.5370321143985709,0.5827310024439032
612D521E,BOBO,2024-07-05,95,swale,0.03557225479122025,0
612D521E,BOBO,2024-07-05,95,pond,0.07297409497710504,0
612D521E,BOBO,2024-07-05,95,off_field,0.19277444198836596,NA
612D521E,BOBO,2024-07-05,50,off_field,0.16645098745402567,NA
612D521E,BOBO,2024-06-21,95,bobolink,0.730783987133889,0.7122535529804249
612D521E,BOBO,2024-06-21,50,bobolink,0.9885402656465848,0.7122535529804249
612D521E,BOBO,2024-06-21,95,clydesdale,0.03316332556771204,0.01906014117047651
612D521E,BOBO,2024-06-21,95,pond,0.09650286314214793,0
612D521E,BOBO,2024-06-21,95,off_field,0.12876878386708832,NA
612D521E,BOBO,2024-06-21,50,off_field,0.01025925442176985,NA
612D521E,BOBO,2024-06-26,95,bobolink,0.5632008886498404,0.8015624877116242
612D521E,BOBO,2024-06-26,50,bobolink,0.857319007073633,0.8015624877116242
612D521E,BOBO,2024-06-26,95,clydesdale,0.10284592285384073,0.18447746962625552
612D521E,BOBO,2024-06-26,50,clydesdale,0.03603065431723377,0.18447746962625552
612D521E,BOBO,2024-06-26,95,pond,0.11710486167454656,0.04818611675014434
612D521E,BOBO,2024-06-26,50,pond,0.01071614522217761,0.04818611675014434
612D521E,BOBO,2024-06-26,95,off_field,0.21684832682177232,NA
612D521E,BOBO,2024-06-26,50,off_field,0.09593419338695566,NA
612D521E,BOBO,2024-07-07,95,blue_silo,0.02604726326857074,0
612D521E,BOBO,2024-07-07,95,bobolink,0.6154257179794689,0.6439772049039251
612D521E,BOBO,2024-07-07,50,bobolink,0.7528455132357935,0.6439772049039251
612D521E,BOBO,2024-07-07,95,swale,0.00672299764322638,0
612D521E,BOBO,2024-07-07,95,clydesdale,0.2437775222566035,0.44278510830916384
612D521E,BOBO,2024-07-07,50,clydesdale,0.2050436837395336,0.44278510830916384
612D521E,BOBO,2024-07-07,95,pond,0.0218528073537132,0
612D521E,BOBO,2024-07-07,95,off_field,0.08546659411761728,NA
612D521E,BOBO,2024-07-07,50,off_field,0.04211080302467289,NA
612D521E,BOBO,2024-06-28,95,blue_silo,0.0867144261768414,0
612D521E,BOBO,2024-06-28,95,bobolink,0.21703501925357288,0.3605770765498308
612D521E,BOBO,2024-06-28,50,bobolink,0.1485639285972887,0.3605770765498308
612D521E,BOBO,2024-06-28,95,swale,0.0436862595691409,0
612D521E,BOBO,2024-06-28,95,underhill,0.00814644566109585,0
612D521E,BOBO,2024-06-28,95,pond,0.12087806069578046,0.2178495141002116
612D521E,BOBO,2024-06-28,50,pond,0.04999073558393786,0.2178495141002116
612D521E,BOBO,2024-06-28,95,off_field,0.5200385915024128,NA
612D521E,BOBO,2024-06-28,50,off_field,0.8014453358187734,NA
612D521E,BOBO,2024-07-06,95,blue_silo,0.04235050390424975,0
612D521E,BOBO,2024-07-06,95,bobolink,0.7785904409738804,0.6764892216155376
612D521E,BOBO,2024-07-06,50,bobolink,0.9999999686079604,0.6764892216155376
612D521E,BOBO,2024-07-06,95,clydesdale,0.07104078680529459,0
612D521E,BOBO,2024-07-06,95,pond,0.01265003394547134,0
612D521E,BOBO,2024-07-06,95,off_field,0.0909428055678621,NA
612D521E,BOBO,2024-07-06,50,off_field,3.1392039627100826e-8,NA
612D521E,BOBO,2024-07-03,95,blue_silo,0.06678756443388051,0.11276660700886784
612D521E,BOBO,2024-07-03,50,blue_silo,0.01430969982692828,0.11276660700886784
612D521E,BOBO,2024-07-03,95,bobolink,0.640435591923685,0.5503333355258934
612D521E,BOBO,2024-07-03,50,bobolink,0.6696620440282508,0.5503333355258934
612D521E,BOBO,2024-07-03,95,pond,0.01979323792042128,0
612D521E,BOBO,2024-07-03,95,off_field,0.2694049005934737,NA
612D521E,BOBO,2024-07-03,50,off_field,0.3160282561448209,NA
612D521E,BOBO,2024-07-04,95,blue_silo,0.12259184248595774,0.5260478475860514
612D521E,BOBO,2024-07-04,50,blue_silo,0.12252073759101478,0.5260478475860514
612D521E,BOBO,2024-07-04,95,bobolink,0.47101475269739146,0.6283625181517335
612D521E,BOBO,2024-07-04,50,bobolink,0.5622993270921482,0.6283625181517335
612D521E,BOBO,2024-07-04,95,swale,0.03796615217062096,0
612D521E,BOBO,2024-07-04,95,pond,0.05537473156652173,0
612D521E,BOBO,2024-07-04,95,off_field,0.3096286950345951,NA
612D521E,BOBO,2024-07-04,50,off_field,0.315179935316837,NA
66191E4C,EAME,2022-06-17,95,blue_silo,0.07405461631029017,0.21760763725521712
66191E4C,EAME,2022-06-17,50,blue_silo,0.03061765598970046,0.21760763725521712
66191E4C,EAME,2022-06-17,95,bobolink,0.40054112317516954,0.9187485697009776
66191E4C,EAME,2022-06-17,50,bobolink,0.6991807405530404,0.9187485697009776
66191E4C,EAME,2022-06-17,95,pear_tree,0.07550090508118616,0
66191E4C,EAME,2022-06-17,95,swale,0.02169154524473187,0
66191E4C,EAME,2022-06-17,95,underhill,0.08891806663946018,0
66191E4C,EAME,2022-06-17,95,retired,0.03437047962653682,0.2272115671270124
66191E4C,EAME,2022-06-17,50,retired,0.01483753304693083,0.2272115671270124
66191E4C,EAME,2022-06-17,95,front_hay,0.03147654950284778,0.07319692675480835
66191E4C,EAME,2022-06-17,95,pond,0.07081111289817289,0.21899953681552525
66191E4C,EAME,2022-06-17,50,pond,0.0294639036622421,0.21899953681552525
66191E4C,EAME,2022-06-17,95,off_field,0.19425474862023176,NA
66191E4C,EAME,2022-06-17,50,off_field,0.22152267198592207,NA
66191E4C,EAME,2022-06-21,95,blue_silo,0.08763989915828335,0.13780690881409813
66191E4C,EAME,2022-06-21,50,blue_silo,0.02292171493723624,0.13780690881409813
66191E4C,EAME,2022-06-21,95,bobolink,0.19269983454774045,0.46714928480882906
66191E4C,EAME,2022-06-21,50,bobolink,0.17084854203602007,0.46714928480882906
66191E4C,EAME,2022-06-21,95,swale,0.4501131560873714,0.7652959153727749
66191E4C,EAME,2022-06-21,50,swale,0.653770543830165,0.7652959153727749
66191E4C,EAME,2022-06-21,95,front_hay,0.00726049472845728,0
66191E4C,EAME,2022-06-21,95,clydesdale,0.02952482969766603,0
66191E4C,EAME,2022-06-21,95,pond,0.07348057029084393,0.1399048679586424
66191E4C,EAME,2022-06-21,50,pond,0.01951100279586794,0.1399048679586424
66191E4C,EAME,2022-06-21,95,off_field,0.1551862861958846,NA
66191E4C,EAME,2022-06-21,50,off_field,0.13294819640071076,NA
66191E4C,EAME,2022-06-30,95,blue_silo,0.2473709991657025,0.6281739475338047
66191E4C,EAME,2022-06-30,50,blue_silo,0.29523002367485207,0.6281739475338047
66191E4C,EAME,2022-06-30,95,bobolink,0.3091759698896201,0.5793488206536571
66191E4C,EAME,2022-06-30,50,bobolink,0.3403123236585639,0.5793488206536571
66191E4C,EAME,2022-06-30,95,swale,0.2337309050537748,0.4714088258712881
66191E4C,EAME,2022-06-30,50,swale,0.20933684156526763,0.4714088258712881
66191E4C,EAME,2022-06-30,95,retired,0.0512604260034538,0.5943520506787636
66191E4C,EAME,2022-06-30,50,retired,0.05788390124278437,0.5943520506787636
66191E4C,EAME,2022-06-30,95,pond,0.02130108682096756,0
66191E4C,EAME,2022-06-30,95,off_field,0.13326291511239635,NA
66191E4C,EAME,2022-06-30,50,off_field,0.09723690985853203,NA
66191E4C,EAME,2022-07-09,95,alfalfa,0.10798048279351788,0.4965082660004147
66191E4C,EAME,2022-07-09,50,alfalfa,0.10181412138571865,0.4965082660004147
66191E4C,EAME,2022-07-09,95,blue_silo,0.05941729455067217,0
66191E4C,EAME,2022-07-09,95,swale,0.561708681937304,0.5885198627853612
66191E4C,EAME,2022-07-09,50,swale,0.6277815259189949,0.5885198627853612
66191E4C,EAME,2022-07-09,95,pond,0.13727967011054287,0.6433151297391894
66191E4C,EAME,2022-07-09,50,pond,0.16771282024899814,0.6433151297391894
66191E4C,EAME,2022-07-09,95,back_woods,0.08090536176649915,0.3149275571083522
66191E4C,EAME,2022-07-09,50,back_woods,0.04838650327716083,0.3149275571083522
66191E4C,EAME,2022-07-09,95,off_field,0.05269511522428072,NA
66191E4C,EAME,2022-07-09,50,off_field,0.0543050291691274,NA
66191E4C,EAME,2022-07-21,95,alfalfa,0.03271531365284693,0
66191E4C,EAME,2022-07-21,95,blue_silo,0.17342180361412177,0.31928341771560576
66191E4C,EAME,2022-07-21,50,blue_silo,0.10510753198074936,0.31928341771560576
66191E4C,EAME,2022-07-21,95,pear_tree,0.084589562456603,0
66191E4C,EAME,2022-07-21,95,swale,0.5569371336221228,0.8001847349845458
66191E4C,EAME,2022-07-21,50,swale,0.845960750390395,0.8001847349845458
66191E4C,EAME,2022-07-21,95,wheat,0.02711809637358924,0
66191E4C,EAME,2022-07-21,95,quarter,0.00727283311917427,0
66191E4C,EAME,2022-07-21,95,cat_barn,0.01298400928217202,0
66191E4C,EAME,2022-07-21,95,off_field,0.09779186235283562,NA
66191E4C,EAME,2022-07-21,50,off_field,0.04893171762885567,NA
66191E4C,EAME,2022-06-10,95,alfalfa,0.00619926106046618,0
66191E4C,EAME,2022-06-10,95,blue_silo,0.18394674881452344,0.5637933202727113
66191E4C,EAME,2022-06-10,50,blue_silo,0.1969292081107504,0.5637933202727113
66191E4C,EAME,2022-06-10,95,bobolink,0.17861560451348135,0.18005497649182417
66191E4C,EAME,2022-06-10,50,bobolink,0.06106925460475493,0.18005497649182417
66191E4C,EAME,2022-06-10,95,swale,0.4485537905586126,0.6953542481339573
66191E4C,EAME,2022-06-10,50,swale,0.5922686368107818,0.6953542481339573
66191E4C,EAME,2022-06-10,95,pond,0.03248764762922358,0.00126000319633189
66191E4C,EAME,2022-06-10,95,off_field,0.15007816986794764,NA
66191E4C,EAME,2022-06-10,50,off_field,0.14965517059232472,NA
66191E4C,EAME,2022-06-25,95,blue_silo,0.18729397251580043,0.6889421637653002
66191E4C,EAME,2022-06-25,50,blue_silo,0.24500278216639604,0.6889421637653002
66191E4C,EAME,2022-06-25,95,bobolink,0.41240075899886863,0.7143774025039177
66191E4C,EAME,2022-06-25,50,bobolink,0.559386027748862,0.7143774025039177
66191E4C,EAME,2022-06-25,95,swale,0.10698636793238488,0.2526675421205193
66191E4C,EAME,2022-06-25,50,swale,0.05132658267172096,0.2526675421205193
66191E4C,EAME,2022-06-25,95,underhill,0.01218033132423896,0
66191E4C,EAME,2022-06-25,95,retired,0.05193438146709074,0.6362321099968383
66191E4C,EAME,2022-06-25,50,retired,0.06273862517555381,0.6362321099968383
66191E4C,EAME,2022-06-25,95,front_hay,0.00928032711444759,0
66191E4C,EAME,2022-06-25,95,clydesdale,0.02950877009573411,0
66191E4C,EAME,2022-06-25,95,pond,0.04777905663096732,0.00225710281127616
66191E4C,EAME,2022-06-25,95,off_field,0.1426360339204673,NA
66191E4C,EAME,2022-06-25,50,off_field,0.08134121835168043,NA
66191E4C,EAME,2022-07-03,95,blue_silo,0.23277753400559517,0.6074254528941649
66191E4C,EAME,2022-07-03,50,blue_silo,0.268253357995992,0.6074254528941649
66191E4C,EAME,2022-07-03,95,bobolink,0.4779411069225704,0.4967453443023752
66191E4C,EAME,2022-07-03,50,bobolink,0.4504217031712272,0.4967453443023752
66191E4C,EAME,2022-07-03,95,swale,0.01138536537096488,0
66191E4C,EAME,2022-07-03,95,retired,0.14433714083780194,0.6314355675604788
66191E4C,EAME,2022-07-03,50,retired,0.1729092620585716,0.6314355675604788
66191E4C,EAME,2022-07-03,95,off_field,0.12291180746745098,NA
66191E4C,EAME,2022-07-03,50,off_field,0.10841567677420924,NA
66191E4C,EAME,2022-07-06,95,alfalfa,0.06229964617975477,0.3868256494564235
66191E4C,EAME,2022-07-06,50,alfalfa,0.04574549734997231,0.3868256494564235
66191E4C,EAME,2022-07-06,95,blue_silo,0.07222830088729879,0
66191E4C,EAME,2022-07-06,95,bobolink,0.01367206540635709,0
66191E4C,EAME,2022-07-06,95,swale,0.49896839250128205,0.6640564405373637
66191E4C,EAME,2022-07-06,50,swale,0.6289636389010633,0.6640564405373637
66191E4C,EAME,2022-07-06,95,pond,0.15657996251905854,0.6632672766127732
66191E4C,EAME,2022-07-06,50,pond,0.19713887146919237,0.6632672766127732
66191E4C,EAME,2022-07-06,95,back_woods,0.1123119010651046,0.39380679147888553
66191E4C,EAME,2022-07-06,50,back_woods,0.08395691850569165,0.39380679147888553
66191E4C,EAME,2022-07-06,95,cat_barn,0.00768229723538527,0
66191E4C,EAME,2022-07-06,95,off_field,0.07575735877418693,NA
66191E4C,EAME,2022-07-06,50,off_field,0.04419507377408031,NA
66191E4C,EAME,2022-07-10,95,alfalfa,0.05714861734154488,0.40888528508875754
66191E4C,EAME,2022-07-10,50,alfalfa,0.04438882559484432,0.40888528508875754
66191E4C,EAME,2022-07-10,95,blue_silo,0.19088707705019564,0.3117653771300553
66191E4C,EAME,2022-07-10,50,blue_silo,0.11305007560405816,0.3117653771300553
66191E4C,EAME,2022-07-10,95,bobolink,0.0794593078520336,0.3459471180726745
66191E4C,EAME,2022-07-10,50,bobolink,0.05221808498372893,0.3459471180726745
66191E4C,EAME,2022-07-10,95,swale,0.3945801565345791,0.7244147387881137
66191E4C,EAME,2022-07-10,50,swale,0.5429864155171156,0.7244147387881137
66191E4C,EAME,2022-07-10,95,retired,0.01551256133142178,0.03187571283340226
66191E4C,EAME,2022-07-10,95,pond,0.1217441304000288,0.5121693638689825
66191E4C,EAME,2022-07-10,50,pond,0.11844809349764214,0.5121693638689825
66191E4C,EAME,2022-07-10,95,back_woods,0.06779103146359335,0.43166710438201766
66191E4C,EAME,2022-07-10,50,back_woods,0.05558884389488023,0.43166710438201766
66191E4C,EAME,2022-07-10,95,off_field,0.07258250048918428,NA
66191E4C,EAME,2022-07-10,50,off_field,0.07238034892388959,NA
66191E4C,EAME,2022-06-28,95,blue_silo,0.26763449737110406,0.6387706769149558
66191E4C,EAME,2022-06-28,50,blue_silo,0.32458379183164066,0.6387706769149558
66191E4C,EAME,2022-06-28,95,bobolink,0.5183426177588148,0.5982140840128349
66191E4C,EAME,2022-06-28,50,bobolink,0.5887261371149787,0.5982140840128349
66191E4C,EAME,2022-06-28,95,retired,0.02812681527259834,0.10332504755788428
66191E4C,EAME,2022-06-28,50,retired,0.00551779981969256,0.10332504755788428
66191E4C,EAME,2022-06-28,95,front_hay,0.02233544462473589,0
66191E4C,EAME,2022-06-28,95,clydesdale,0.08214039047555013,0
66191E4C,EAME,2022-06-28,95,off_field,0.07442019164671722,NA
66191E4C,EAME,2022-06-28,50,off_field,0.08117227123368809,NA
66191E4C,EAME,2022-07-01,95,blue_silo,0.22513881882698816,0.6280488608429579
66191E4C,EAME,2022-07-01,50,blue_silo,0.2681508305168959,0.6280488608429579
66191E4C,EAME,2022-07-01,95,bobolink,0.5031163885758823,0.5556169499314715
66191E4C,EAME,2022-07-01,50,bobolink,0.5301262155735431,0.5556169499314715
66191E4C,EAME,2022-07-01,95,swale,0.02366480054729721,0
66191E4C,EAME,2022-07-01,95,retired,0.07840153913345578,0.5265338857078636
66191E4C,EAME,2022-07-01,50,retired,0.07828638611155729,0.5265338857078636
66191E4C,EAME,2022-07-01,95,front_hay,0.00564245286900863,0
66191E4C,EAME,2022-07-01,95,clydesdale,0.01077088433041643,0
66191E4C,EAME,2022-07-01,95,pond,0.00602160823909436,0
66191E4C,EAME,2022-07-01,95,off_field,0.14404067307665874,NA
66191E4C,EAME,2022-07-01,50,off_field,0.12343656779800367,NA
66191E4C,EAME,2022-07-16,95,alfalfa,0.05437947151487596,0.3952846332313336
66191E4C,EAME,2022-07-16,50,alfalfa,0.04082298915040074,0.3952846332313336
66191E4C,EAME,2022-07-16,95,blue_silo,0.10902187637512643,0.14549578191867657
66191E4C,EAME,2022-07-16,50,blue_silo,0.03012478408173204,0.14549578191867657
66191E4C,EAME,2022-07-16,95,swale,0.619593200318076,0.6694589430246993
66191E4C,EAME,2022-07-16,50,swale,0.7877537478128496,0.6694589430246993
66191E4C,EAME,2022-07-16,95,cat_barn,0.0432757176208148,0
66191E4C,EAME,2022-07-16,95,gi,0.03350878798715216,0.1403282069567403
66191E4C,EAME,2022-07-16,50,gi,0.00893024930688253,0.1403282069567403
66191E4C,EAME,2022-07-16,95,off_field,0.13996322817647794,NA
66191E4C,EAME,2022-07-16,50,off_field,0.1323682296481351,NA
66191E4C,EAME,2022-06-08,95,blue_silo,0.13517057187397258,0.4950108578690599
66191E4C,EAME,2022-06-08,50,blue_silo,0.1271110501403572,0.4950108578690599
66191E4C,EAME,2022-06-08,95,bobolink,0.33296719717095113,0.8071047250984259
66191E4C,EAME,2022-06-08,50,bobolink,0.5105258893960504,0.8071047250984259
66191E4C,EAME,2022-06-08,95,swale,0.38546881991566534,0.2129978950662919
66191E4C,EAME,2022-06-08,50,swale,0.15597356412360813,0.2129978950662919
66191E4C,EAME,2022-06-08,95,off_field,0.1463934110394109,NA
66191E4C,EAME,2022-06-08,50,off_field,0.20638949633998432,NA
66191E4C,EAME,2022-06-20,95,blue_silo,0.05055641352742374,0.08746329344967708
66191E4C,EAME,2022-06-20,50,blue_silo,0.00840018082006268,0.08746329344967708
66191E4C,EAME,2022-06-20,95,bobolink,0.37685604437789233,0.9129645845457882
66191E4C,EAME,2022-06-20,50,bobolink,0.6536059040135762,0.9129645845457882
66191E4C,EAME,2022-06-20,95,pear_tree,0.00551544750838499,0
66191E4C,EAME,2022-06-20,95,retired,0.00862097294024247,4.590956657550331e-4
66191E4C,EAME,2022-06-20,95,front_hay,0.05253871649179716,0.01417242769731477
66191E4C,EAME,2022-06-20,95,entrance,0.12202653541681856,0.07938306116496913
66191E4C,EAME,2022-06-20,50,entrance,0.01840215453580147,0.07938306116496913
66191E4C,EAME,2022-06-20,95,clydesdale,0.187096465361429,0.7837666247825247
66191E4C,EAME,2022-06-20,50,clydesdale,0.2785729217223368,0.7837666247825247
66191E4C,EAME,2022-06-20,95,pond,0.01175799607831909,0
66191E4C,EAME,2022-06-20,95,off_field,0.17292347084402357,NA
66191E4C,EAME,2022-06-20,50,off_field,0.03959679635080773,NA
66191E4C,EAME,2022-07-25,95,blue_silo,0.04913394957985741,0
66191E4C,EAME,2022-07-25,95,frog,0.01645918748636734,0
66191E4C,EAME,2022-07-25,95,horse,0.01442478633219954,0
66191E4C,EAME,2022-07-25,95,pear_tree,0.4223392639137013,0.7978160670014659
66191E4C,EAME,2022-07-25,50,pear_tree,0.6394698213060012,0.7978160670014659
66191E4C,EAME,2022-07-25,95,swale,0.0339263401639522,0
66191E4C,EAME,2022-07-25,95,wheat,0.2458645528737492,0.42718866702792474
66191E4C,EAME,2022-07-25,50,wheat,0.1993294456131442,0.42718866702792474
66191E4C,EAME,2022-07-25,95,quarter,0.02548018318125082,0
66191E4C,EAME,2022-07-25,95,retired,0.01951945696991893,3.897213469152136e-4
66191E4C,EAME,2022-07-25,95,donkey,0.0059821902386856,0.00465023645343644
66191E4C,EAME,2022-07-25,95,off_field,0.16303545702310543,NA
66191E4C,EAME,2022-07-25,50,off_field,0.16113350126397682,NA
66191E4C,EAME,2022-06-12,95,blue_silo,0.16452071396916568,0.3090626473342067
66191E4C,EAME,2022-06-12,50,blue_silo,0.0965676632384588,0.3090626473342067
66191E4C,EAME,2022-06-12,95,bobolink,0.07616533995979087,0
66191E4C,EAME,2022-06-12,95,swale,0.6857767382487243,0.6457566502575292
66191E4C,EAME,2022-06-12,50,swale,0.8410392295766096,0.6457566502575292
66191E4C,EAME,2022-06-12,95,off_field,0.07353667163362713,NA
66191E4C,EAME,2022-06-12,50,off_field,0.06239310718493156,NA
66191E4C,EAME,2022-06-14,95,alfalfa,0.03375698341560977,0
66191E4C,EAME,2022-06-14,95,blue_silo,0.34591183482450394,0.7187074362244963
66191E4C,EAME,2022-06-14,50,blue_silo,0.4719296159918802,0.7187074362244963
66191E4C,EAME,2022-06-14,95,bobolink,0.0938370176361293,0
66191E4C,EAME,2022-06-14,95,pear_tree,0.00694578326503173,0
66191E4C,EAME,2022-06-14,95,swale,0.37912527272234914,0.6681356994073554
66191E4C,EAME,2022-06-14,50,swale,0.4808471940558312,0.6681356994073554
66191E4C,EAME,2022-06-14,95,underhill,0.01741056311962732,0
66191E4C,EAME,2022-06-14,95,retired,0.0208897587336483,0
66191E4C,EAME,2022-06-14,95,front_hay,0.00616184458507789,0
66191E4C,EAME,2022-06-14,95,pond,0.02158778352172582,0
66191E4C,EAME,2022-06-14,95,off_field,0.06932810396142496,NA
66191E4C,EAME,2022-06-14,50,off_field,0.04722318995228853,NA
66191E4C,EAME,2022-06-24,95,blue_silo,0.08271798964204273,0.22338380744231304
66191E4C,EAME,2022-06-24,50,blue_silo,0.03507148386916235,0.22338380744231304
66191E4C,EAME,2022-06-24,95,bobolink,0.44979426717473847,0.8410560641930301
66191E4C,EAME,2022-06-24,50,bobolink,0.7180279397461474,0.8410560641930301
66191E4C,EAME,2022-06-24,95,swale,0.06264012472537732,0.0024884629038215
66191E4C,EAME,2022-06-24,95,retired,0.01668038297840826,0.19564606337349943
66191E4C,EAME,2022-06-24,50,retired,0.00619411997330343,0.19564606337349943
66191E4C,EAME,2022-06-24,95,front_hay,0.02759123546458389,0.11721097608965848
66191E4C,EAME,2022-06-24,50,front_hay,0.00613821238955644,0.11721097608965848
66191E4C,EAME,2022-06-24,95,entrance,0.01470204313075187,0.00273944931030821
66191E4C,EAME,2022-06-24,95,clydesdale,0.1807720962927176,0.4653499889870579
66191E4C,EAME,2022-06-24,50,clydesdale,0.15966641847277613,0.4653499889870579
66191E4C,EAME,2022-06-24,95,pond,0.02111782894066046,0
66191E4C,EAME,2022-06-24,95,off_field,0.14330859850532368,NA
66191E4C,EAME,2022-06-24,50,off_field,0.07452952153320604,NA
66191E4C,EAME,2022-07-18,95,alfalfa,0.05743040213074885,0.6484585442633801
66191E4C,EAME,2022-07-18,50,alfalfa,0.07071223796856647,0.6484585442633801
66191E4C,EAME,2022-07-18,95,blue_silo,0.12235776174048948,0.14444775671127794
66191E4C,EAME,2022-07-18,50,blue_silo,0.03355929538218924,0.14444775671127794
66191E4C,EAME,2022-07-18,95,pear_tree,0.2033601301660839,0.7154545954375635
66191E4C,EAME,2022-07-18,50,pear_tree,0.27626024772370794,0.7154545954375635
66191E4C,EAME,2022-07-18,95,swale,0.20037430252414132,0.6876095283894932
66191E4C,EAME,2022-07-18,50,swale,0.261610046507675,0.6876095283894932
66191E4C,EAME,2022-07-18,95,underhill,0.05345774251231582,0.48098840201930343
66191E4C,EAME,2022-07-18,50,underhill,0.04882201810542018,0.48098840201930343
66191E4C,EAME,2022-07-18,95,wheat,0.02165715423559514,0
66191E4C,EAME,2022-07-18,95,quarter,0.02266130182272548,0
66191E4C,EAME,2022-07-18,95,retired,0.05046327575544615,0.7864835922139036
66191E4C,EAME,2022-07-18,50,retired,0.07535908447133459,0.7864835922139036
66191E4C,EAME,2022-07-18,95,cat_barn,0.02099790669824601,0.00989521309122543
66191E4C,EAME,2022-07-18,95,gi,0.05843347398193394,0.2544590819986326
66191E4C,EAME,2022-07-18,50,gi,0.02823255422563226,0.2544590819986326
66191E4C,EAME,2022-07-18,95,wish_well,0.01134106872867805,0
66191E4C,EAME,2022-07-18,95,off_field,0.1697325600706814,NA
66191E4C,EAME,2022-07-18,50,off_field,0.2033256495507005,NA
66191E4C,EAME,2022-06-19,95,blue_silo,0.04703824897045092,0.49201770296122554
66191E4C,EAME,2022-06-19,50,blue_silo,0.04397311345625586,0.49201770296122554
66191E4C,EAME,2022-06-19,95,bobolink,0.3782040102887098,0.9771661392418513
66191E4C,EAME,2022-06-19,50,bobolink,0.7021823028662331,0.9771661392418513
66191E4C,EAME,2022-06-19,95,pear_tree,0.0455106781890507,0
66191E4C,EAME,2022-06-19,95,underhill,0.06366417978975986,0.1174040781311615
66191E4C,EAME,2022-06-19,50,underhill,0.01420148213416336,0.1174040781311615
66191E4C,EAME,2022-06-19,95,retired,0.02967571734605431,0.6756597431627218
66191E4C,EAME,2022-06-19,50,retired,0.03809645898003389,0.6756597431627218
66191E4C,EAME,2022-06-19,95,front_hay,0.13417806142457053,0.44415049272954293
66191E4C,EAME,2022-06-19,50,front_hay,0.11323143258969026,0.44415049272954293
66191E4C,EAME,2022-06-19,95,entrance,0.05441284136294112,0.01730231821834901
66191E4C,EAME,2022-06-19,95,clydesdale,0.06123299277984009,0.2630993686627254
66191E4C,EAME,2022-06-19,50,clydesdale,0.03060980993312706,0.2630993686627254
66191E4C,EAME,2022-06-19,95,pond,0.00752539978531879,0
66191E4C,EAME,2022-06-19,95,off_field,0.1740040567831794,NA
66191E4C,EAME,2022-06-19,50,off_field,0.0559166031113085,NA
66191E4C,EAME,2022-07-12,95,alfalfa,0.13452979366249584,0.0921665380562597
66191E4C,EAME,2022-07-12,50,alfalfa,0.02353183066113219,0.0921665380562597
66191E4C,EAME,2022-07-12,95,blue_silo,0.1716047076630686,0.39684505400626485
66191E4C,EAME,2022-07-12,50,blue_silo,0.1292451137707999,0.39684505400626485
66191E4C,EAME,2022-07-12,95,swale,0.5416274843653345,0.7683345742400288
66191E4C,EAME,2022-07-12,50,swale,0.7897961893412293,0.7683345742400288
66191E4C,EAME,2022-07-12,95,pond,0.06849843835143245,0.06560979625870651
66191E4C,EAME,2022-07-12,50,pond,0.00852929868354659,0.06560979625870651
66191E4C,EAME,2022-07-12,95,back_woods,0.02146418971186545,0
66191E4C,EAME,2022-07-12,95,off_field,0.05856516620364221,NA
66191E4C,EAME,2022-07-12,50,off_field,0.04889756754329199,NA
66191E4C,EAME,2022-07-02,95,blue_silo,0.14759979425786177,0.5782252744834504
66191E4C,EAME,2022-07-02,50,blue_silo,0.1620180799082779,0.5782252744834504
66191E4C,EAME,2022-07-02,95,bobolink,0.4622732324328986,0.7601178561058425
66191E4C,EAME,2022-07-02,50,bobolink,0.6670529964369496,0.7601178561058425
66191E4C,EAME,2022-07-02,95,swale,0.06078994670850121,0.1751670683117086
66191E4C,EAME,2022-07-02,50,swale,0.02021458743107235,0.1751670683117086
66191E4C,EAME,2022-07-02,95,retired,0.01534354749077164,0.03156653809028081
66191E4C,EAME,2022-07-02,95,front_hay,0.0057326785335167,0
66191E4C,EAME,2022-07-02,95,clydesdale,0.08431770380555499,0
66191E4C,EAME,2022-07-02,95,pond,0.0264580102165195,0
66191E4C,EAME,2022-07-02,95,off_field,0.197211994280797,NA
66191E4C,EAME,2022-07-02,50,off_field,0.14979487504952071,NA
66191E4C,EAME,2022-07-07,95,alfalfa,0.07806096023877762,0.3724948982123167
66191E4C,EAME,2022-07-07,50,alfalfa,0.05522155338817313,0.3724948982123167
66191E4C,EAME,2022-07-07,95,blue_silo,0.01996186825201243,0
66191E4C,EAME,2022-07-07,95,swale,0.5142870250518479,0.6257379465040448
66191E4C,EAME,2022-07-07,50,swale,0.6111565368384241,0.6257379465040448
66191E4C,EAME,2022-07-07,95,pond,0.1882767485124941,0.5387292169531077
66191E4C,EAME,2022-07-07,50,pond,0.19262897773867477,0.5387292169531077
66191E4C,EAME,2022-07-07,95,back_woods,0.14146816548761268,0.34248804872106564
66191E4C,EAME,2022-07-07,50,back_woods,0.09201498167812196,0.34248804872106564
66191E4C,EAME,2022-07-07,95,cat_barn,0.00852861472670925,0
66191E4C,EAME,2022-07-07,95,off_field,0.04698883694176996,NA
66191E4C,EAME,2022-07-07,50,off_field,0.04897795035660602,NA
66191E4C,EAME,2022-07-05,95,alfalfa,0.00862612458333789,0
66191E4C,EAME,2022-07-05,95,blue_silo,0.2160880523034955,0.5061254688291653
66191E4C,EAME,2022-07-05,50,blue_silo,0.2076685515508992,0.5061254688291653
66191E4C,EAME,2022-07-05,95,bobolink,0.2699723847993132,0.7647051029409377
66191E4C,EAME,2022-07-05,50,bobolink,0.3920081695005004,0.7647051029409377
66191E4C,EAME,2022-07-05,95,swale,0.2542139193433201,0.4459626853956448
66191E4C,EAME,2022-07-05,50,swale,0.21526807887864796,0.4459626853956448
66191E4C,EAME,2022-07-05,95,underhill,0.01572920979991552,0.06488203459251997
66191E4C,EAME,2022-07-05,95,retired,0.05806031365703908,0.8106287080722501
66191E4C,EAME,2022-07-05,50,retired,0.0893682275076091,0.8106287080722501
66191E4C,EAME,2022-07-05,95,front_hay,0.02329970921161197,0.16178687593360627
66191E4C,EAME,2022-07-05,50,front_hay,0.0071577343581976,0.16178687593360627
66191E4C,EAME,2022-07-05,95,clydesdale,0.00699989674343487,0
66191E4C,EAME,2022-07-05,95,pond,0.03177210920462078,0
66191E4C,EAME,2022-07-05,95,back_woods,0.02104453646682285,0
66191E4C,EAME,2022-07-05,95,off_field,0.09419374388708816,NA
66191E4C,EAME,2022-07-05,50,off_field,0.08659141946168973,NA
66191E4C,EAME,2022-06-15,95,alfalfa,0.10861689003258766,0.5096831637130572
66191E4C,EAME,2022-06-15,50,alfalfa,0.10513918166266108,0.5096831637130572
66191E4C,EAME,2022-06-15,95,blue_silo,0.17753294762070063,0.5297008525660996
66191E4C,EAME,2022-06-15,50,blue_silo,0.17859799400459478,0.5297008525660996
66191E4C,EAME,2022-06-15,95,bobolink,0.11667312443019554,0.4942660259899719
66191E4C,EAME,2022-06-15,50,bobolink,0.10952128450093852,0.4942660259899719
66191E4C,EAME,2022-06-15,95,pear_tree,0.00833640263970913,0
66191E4C,EAME,2022-06-15,95,swale,0.3491931833376195,0.8763105205716277
66191E4C,EAME,2022-06-15,50,swale,0.5811533206943909,0.8763105205716277
66191E4C,EAME,2022-06-15,95,underhill,0.09075440884420592,0
66191E4C,EAME,2022-06-15,95,retired,0.02423382510988514,0
66191E4C,EAME,2022-06-15,95,front_hay,0.02263625878220322,0
66191E4C,EAME,2022-06-15,95,pond,0.00795001517388263,0
66191E4C,EAME,2022-06-15,95,piano,0.00546884527558151,0
66191E4C,EAME,2022-06-15,95,off_field,0.08775886123038505,NA
66191E4C,EAME,2022-06-15,50,off_field,0.02558821913741484,NA
66191E4C,EAME,2022-06-18,95,alfalfa,0.01219345249113075,0
66191E4C,EAME,2022-06-18,95,blue_silo,0.07108357698819612,0.20632041504448503
66191E4C,EAME,2022-06-18,50,blue_silo,0.0278548107734662,0.20632041504448503
66191E4C,EAME,2022-06-18,95,bobolink,0.2691751753898728,0.9946017011533894
66191E4C,EAME,2022-06-18,50,bobolink,0.5084789027655354,0.9946017011533894
66191E4C,EAME,2022-06-18,95,pear_tree,0.04717635955139281,0
66191E4C,EAME,2022-06-18,95,swale,0.05565425923310655,0.00123827689429406
66191E4C,EAME,2022-06-18,95,underhill,0.04846024395433142,0.03134231689515015
66191E4C,EAME,2022-06-18,95,retired,0.01607626543556045,0.03086852738466834
66191E4C,EAME,2022-06-18,95,front_hay,0.10920012686687712,0.6368592331863601
66191E4C,EAME,2022-06-18,50,front_hay,0.13208555594937207,0.6368592331863601
66191E4C,EAME,2022-06-18,95,entrance,0.0358738370468543,0.2257689789642877
66191E4C,EAME,2022-06-18,50,entrance,0.01538263856788729,0.2257689789642877
66191E4C,EAME,2022-06-18,95,clydesdale,0.0421402138161482,0.6291060108228476
66191E4C,EAME,2022-06-18,50,clydesdale,0.05035113972723524,0.6291060108228476
66191E4C,EAME,2022-06-18,95,pond,0.03688361571828313,0.3425544440714374
66191E4C,EAME,2022-06-18,50,pond,0.02399671704859547,0.3425544440714374
66191E4C,EAME,2022-06-18,95,off_field,0.2524590007472402,NA
66191E4C,EAME,2022-06-18,50,off_field,0.23789209556764937,NA
66191E4C,EAME,2022-06-26,95,blue_silo,0.18604654678830876,0.7503662229314426
66191E4C,EAME,2022-06-26,50,blue_silo,0.2649938503351505,0.7503662229314426
66191E4C,EAME,2022-06-26,95,bobolink,0.42349329148996345,0.7058461891483179
66191E4C,EAME,2022-06-26,50,bobolink,0.5674106917329058,0.7058461891483179
66191E4C,EAME,2022-06-26,95,swale,0.05147498620255299,0
66191E4C,EAME,2022-06-26,95,retired,0.04883438951178291,0.6654754817731235
66191E4C,EAME,2022-06-26,50,retired,0.06168772126217273,0.6654754817731235
66191E4C,EAME,2022-06-26,95,front_hay,0.01769235402337545,0
66191E4C,EAME,2022-06-26,95,clydesdale,0.07698834738194996,0
66191E4C,EAME,2022-06-26,95,pond,0.0188182231466323,0
66191E4C,EAME,2022-06-26,95,off_field,0.17272693059468203,NA
66191E4C,EAME,2022-06-26,50,off_field,0.105907736669771,NA
66191E4C,EAME,2022-07-08,95,alfalfa,0.11459133472604438,0.5234960504120122
66191E4C,EAME,2022-07-08,50,alfalfa,0.11394902241173469,0.5234960504120122
66191E4C,EAME,2022-07-08,95,blue_silo,0.02281566512110282,0
66191E4C,EAME,2022-07-08,95,bobolink,0.01161890678720292,0
66191E4C,EAME,2022-07-08,95,swale,0.4775319679615124,0.5170370951482314
66191E4C,EAME,2022-07-08,50,swale,0.46899646525073013,0.5170370951482314
66191E4C,EAME,2022-07-08,95,pond,0.1826394042942976,0.6557489694024029
66191E4C,EAME,2022-07-08,50,pond,0.22749796432644223,0.6557489694024029
66191E4C,EAME,2022-07-08,95,back_woods,0.124124459195458,0.5195267646657658
66191E4C,EAME,2022-07-08,50,back_woods,0.12249284220851382,0.5195267646657658
66191E4C,EAME,2022-07-08,95,off_field,0.06559992952424411,NA
66191E4C,EAME,2022-07-08,50,off_field,0.06706370580257912,NA
66191E4C,EAME,2022-07-13,95,alfalfa,0.01765912111042471,0
66191E4C,EAME,2022-07-13,95,blue_silo,0.09738796602420476,0.07791892792652343
66191E4C,EAME,2022-07-13,50,blue_silo,0.01440623483675839,0.07791892792652343
66191E4C,EAME,2022-07-13,95,swale,0.6200398531934915,0.7516091309731272
66191E4C,EAME,2022-07-13,50,swale,0.8847363647119892,0.7516091309731272
66191E4C,EAME,2022-07-13,95,quarter,0.00732385245085456,0
66191E4C,EAME,2022-07-13,95,pond,0.03999448695168631,0
66191E4C,EAME,2022-07-13,95,cat_barn,0.06844145045480751,0.0997233679517016
66191E4C,EAME,2022-07-13,50,cat_barn,0.01295741498773656,0.0997233679517016
66191E4C,EAME,2022-07-13,95,gi,0.02345793236676011,0
66191E4C,EAME,2022-07-13,95,off_field,0.12210472808142472,NA
66191E4C,EAME,2022-07-13,50,off_field,0.08789998546351584,NA
66191E4C,EAME,2022-06-22,95,blue_silo,0.2175960749617156,0.6692386046919077
66191E4C,EAME,2022-06-22,50,blue_silo,0.27647549854380327,0.6692386046919077
66191E4C,EAME,2022-06-22,95,bobolink,0.30835484477872627,0.4468552818760292
66191E4C,EAME,2022-06-22,50,bobolink,0.2616027346816637,0.4468552818760292
66191E4C,EAME,2022-06-22,95,swale,0.19084264375723983,0.6156535246289438
66191E4C,EAME,2022-06-22,50,swale,0.2230675523749389,0.6156535246289438
66191E4C,EAME,2022-06-22,95,retired,0.00543660995637452,0
66191E4C,EAME,2022-06-22,95,front_hay,0.03160082879730897,0
66191E4C,EAME,2022-06-22,95,pond,0.05272878238681947,0.06163694742215238
66191E4C,EAME,2022-06-22,50,pond,0.00617040218838864,0.06163694742215238
66191E4C,EAME,2022-06-22,95,off_field,0.18785421982591313,NA
66191E4C,EAME,2022-06-22,50,off_field,0.23268381221120557,NA
66191E4C,EAME,2022-06-29,95,blue_silo,0.2041203735858064,0.56370387335145
66191E4C,EAME,2022-06-29,50,blue_silo,0.2183351445687035,0.56370387335145
66191E4C,EAME,2022-06-29,95,bobolink,0.4680053517125059,0.6625312029308071
66191E4C,EAME,2022-06-29,50,bobolink,0.5883603948382363,0.6625312029308071
66191E4C,EAME,2022-06-29,95,swale,0.13098765238273127,0.06425514117785587
66191E4C,EAME,2022-06-29,50,swale,0.01597072072162303,0.06425514117785587
66191E4C,EAME,2022-06-29,95,retired,0.0070455029954772,0
66191E4C,EAME,2022-06-29,95,pond,0.01899413239799242,0
66191E4C,EAME,2022-06-29,95,off_field,0.16891182131792506,NA
66191E4C,EAME,2022-06-29,50,off_field,0.17733373987143716,NA
66191E4C,EAME,2022-07-19,95,alfalfa,0.01879519414695788,0
66191E4C,EAME,2022-07-19,95,blue_silo,0.15727193001344603,0.3531436710141012
66191E4C,EAME,2022-07-19,50,blue_silo,0.10547043763077651,0.3531436710141012
66191E4C,EAME,2022-07-19,95,frog,0.0186161528685326,0
66191E4C,EAME,2022-07-19,95,horse,0.00707529394514666,0
66191E4C,EAME,2022-07-19,95,pear_tree,0.1725188888551638,0.8043203146603652
66191E4C,EAME,2022-07-19,50,pear_tree,0.2635079937383265,0.8043203146603652
66191E4C,EAME,2022-07-19,95,swale,0.2257433358585174,0.6857681967468948
66191E4C,EAME,2022-07-19,50,swale,0.29398175832692464,0.6857681967468948
66191E4C,EAME,2022-07-19,95,underhill,0.0271775322933657,0
66191E4C,EAME,2022-07-19,95,wheat,0.15224035900070668,0.5613792219057356
66191E4C,EAME,2022-07-19,50,wheat,0.1622983998377853,0.5613792219057356
66191E4C,EAME,2022-07-19,95,quarter,0.02100191760302059,0
66191E4C,EAME,2022-07-19,95,retired,0.02520994644109075,0.5482272468352567
66191E4C,EAME,2022-07-19,50,retired,0.02624585006372331,0.5482272468352567
66191E4C,EAME,2022-07-19,50,donkey,0.00892476890434715,1
66191E4C,EAME,2022-07-19,95,pond,0.00931735410057212,0
66191E4C,EAME,2022-07-19,95,cat_barn,0.01556549705568589,0
66191E4C,EAME,2022-07-19,95,gi,0.006005181358157,0
66191E4C,EAME,2022-07-19,95,cattle,0.00764751011119235,0
66191E4C,EAME,2022-07-19,95,off_field,0.12665405876436236,NA
66191E4C,EAME,2022-07-19,50,off_field,0.13957079149811655,NA
66191E4C,EAME,2022-07-22,95,blue_silo,0.01607526239363628,0
66191E4C,EAME,2022-07-22,95,pear_tree,0.5120465892685938,0.6610725267368737
66191E4C,EAME,2022-07-22,50,pear_tree,0.6406235604920926,0.6610725267368737
66191E4C,EAME,2022-07-22,95,swale,0.02677983722757828,0
66191E4C,EAME,2022-07-22,95,underhill,0.00769243114139488,0
66191E4C,EAME,2022-07-22,95,wheat,0.26339286492148895,0.3521859657523829
66191E4C,EAME,2022-07-22,50,wheat,0.17555789799295712,0.3521859657523829
66191E4C,EAME,2022-07-22,95,pond,0.00616513583557076,0
66191E4C,EAME,2022-07-22,95,off_field,0.15975467803349191,NA
66191E4C,EAME,2022-07-22,50,off_field,0.18381854151495028,NA
66191E4C,EAME,2022-06-16,95,blue_silo,0.15072831122272318,0.3214202464220474
66191E4C,EAME,2022-06-16,50,blue_silo,0.09203816419303495,0.3214202464220474
66191E4C,EAME,2022-06-16,95,bobolink,0.24044331130336655,0.3994615070614688
66191E4C,EAME,2022-06-16,50,bobolink,0.18246833997070652,0.3994615070614688
66191E4C,EAME,2022-06-16,95,pear_tree,0.00628916328719399,0
66191E4C,EAME,2022-06-16,95,underhill,0.3665457656718021,0.5987233433086501
66191E4C,EAME,2022-06-16,50,underhill,0.4169214912050432,0.5987233433086501
66191E4C,EAME,2022-06-16,95,retired,0.14691899817538306,0.80498755618913
66191E4C,EAME,2022-06-16,50,retired,0.2246813422933989,0.80498755618913
66191E4C,EAME,2022-06-16,95,front_hay,0.01251996694309712,0
66191E4C,EAME,2022-06-16,95,off_field,0.07615215096392348,NA
66191E4C,EAME,2022-06-16,50,off_field,0.08389066233781643,NA
66191E4C,EAME,2022-07-17,95,alfalfa,0.01510946130549561,0
66191E4C,EAME,2022-07-17,95,blue_silo,0.05423322214677556,0
66191E4C,EAME,2022-07-17,95,pear_tree,0.3166866229922939,0.7824336809826702
66191E4C,EAME,2022-07-17,50,pear_tree,0.4707979573513619,0.7824336809826702
66191E4C,EAME,2022-07-17,95,swale,0.1415437472990536,0
66191E4C,EAME,2022-07-17,95,wheat,0.2718997241134174,0.6176762390542481
66191E4C,EAME,2022-07-17,50,wheat,0.31910012621931677,0.6176762390542481
66191E4C,EAME,2022-07-17,95,off_field,0.1864441111860745,NA
66191E4C,EAME,2022-07-17,50,off_field,0.21010191642932133,NA
66191E4C,EAME,2022-07-15,95,alfalfa,0.01321348104618735,0
66191E4C,EAME,2022-07-15,95,blue_silo,0.05789905456503217,0
66191E4C,EAME,2022-07-15,95,swale,0.7848475516227555,0.6687735793039037
66191E4C,EAME,2022-07-15,50,swale,0.9971257127680132,0.6687735793039037
66191E4C,EAME,2022-07-15,95,cat_barn,0.0555027245576045,0
66191E4C,EAME,2022-07-15,95,gi,0.00690021072918239,0
66191E4C,EAME,2022-07-15,95,off_field,0.08163697747923797,NA
66191E4C,EAME,2022-07-15,50,off_field,0.00287428723198681,NA
66191E4C,EAME,2022-07-24,95,alfalfa,0.05782275298156672,0.24212300791068803
66191E4C,EAME,2022-07-24,50,alfalfa,0.0265905439089085,0.24212300791068803
66191E4C,EAME,2022-07-24,95,blue_silo,0.04945218432407591,0
66191E4C,EAME,2022-07-24,95,pear_tree,0.3124149751137835,0.8416942233647539
66191E4C,EAME,2022-07-24,50,pear_tree,0.4994345525152315,0.8416942233647539
66191E4C,EAME,2022-07-24,95,swale,0.24302178501741795,0.27267334805836513
66191E4C,EAME,2022-07-24,50,swale,0.12585784540452283,0.27267334805836513
66191E4C,EAME,2022-07-24,95,underhill,0.00599451239933938,0
66191E4C,EAME,2022-07-24,95,wheat,0.17449779339031113,0.6151018654807103
66191E4C,EAME,2022-07-24,50,wheat,0.20385876040542428,0.6151018654807103
66191E4C,EAME,2022-07-24,95,retired,0.0107981236848085,9.018202917237712e-4
66191E4C,EAME,2022-07-24,95,off_field,0.129327561486919,NA
66191E4C,EAME,2022-07-24,50,off_field,0.14377811440437788,NA
66191E4C,EAME,2022-06-13,95,alfalfa,0.06003913191242395,0.01010111895984663
66191E4C,EAME,2022-06-13,95,blue_silo,0.2993406949412629,0.7454784750062184
66191E4C,EAME,2022-06-13,50,blue_silo,0.4238223925708408,0.7454784750062184
66191E4C,EAME,2022-06-13,95,bobolink,0.1005448658998236,0.0034792056669468
66191E4C,EAME,2022-06-13,95,pear_tree,0.01812395095314618,0
66191E4C,EAME,2022-06-13,95,swale,0.3542874526590147,0.7932037362008478
66191E4C,EAME,2022-06-13,50,swale,0.5337323801177054,0.7932037362008478
66191E4C,EAME,2022-06-13,95,retired,0.02864926674545994,0.03424256172978733
66191E4C,EAME,2022-06-13,95,front_hay,0.0109908707517924,0
66191E4C,EAME,2022-06-13,95,pond,0.02968886407007311,0
66191E4C,EAME,2022-06-13,95,back_woods,0.00770240242697026,0
66191E4C,EAME,2022-06-13,95,off_field,0.0841887538143674,NA
66191E4C,EAME,2022-06-13,50,off_field,0.0387657970870712,NA
66191E4C,EAME,2022-07-04,95,blue_silo,0.20443865730370095,0.5797175788886288
66191E4C,EAME,2022-07-04,50,blue_silo,0.22500416605632867,0.5797175788886288
66191E4C,EAME,2022-07-04,95,bobolink,0.3451239997772287,0.6853506137612729
66191E4C,EAME,2022-07-04,50,bobolink,0.4490544832675223,0.6853506137612729
66191E4C,EAME,2022-07-04,95,swale,0.16621134945417174,0.3111418251802792
66191E4C,EAME,2022-07-04,50,swale,0.09818160788533448,0.3111418251802792
66191E4C,EAME,2022-07-04,95,pond,0.07114379466905717,0
66191E4C,EAME,2022-07-04,95,off_field,0.2028534262323951,NA
66191E4C,EAME,2022-07-04,50,off_field,0.2277597427908146,NA
66191E4C,EAME,2022-07-14,95,alfalfa,0.1584171077007207,0.6849999502164748
66191E4C,EAME,2022-07-14,50,alfalfa,0.20611924502563383,0.6849999502164748
66191E4C,EAME,2022-07-14,95,blue_silo,0.06013810021558142,0
66191E4C,EAME,2022-07-14,95,horse,0.0374394066025494,0
66191E4C,EAME,2022-07-14,95,swale,0.4168464424014381,0.7935101372007932
66191E4C,EAME,2022-07-14,50,swale,0.6282818326432676,0.7935101372007932
66191E4C,EAME,2022-07-14,95,quarter,0.00539840630564729,0
66191E4C,EAME,2022-07-14,95,cat_barn,0.02984904813715123,0.00308484124783737
66191E4C,EAME,2022-07-14,95,gi,0.02262803212385095,0.00742334003728213
66191E4C,EAME,2022-07-14,95,native_ws,0.02364082623283515,0
66191E4C,EAME,2022-07-14,95,cattle,0.02313222726224959,0
66191E4C,EAME,2022-07-14,95,wish_well,0.15659163949057933,0.4738585719280361
66191E4C,EAME,2022-07-14,50,wish_well,0.14094291053155988,0.4738585719280361
66191E4C,EAME,2022-07-14,95,off_field,0.06404704096926997,NA
66191E4C,EAME,2022-07-14,50,off_field,0.02416205225118206,NA
66191E4C,EAME,2022-07-23,95,pear_tree,0.5329970142160683,0.7550862144248457
66191E4C,EAME,2022-07-23,50,pear_tree,0.7646216132096486,0.7550862144248457
66191E4C,EAME,2022-07-23,95,underhill,0.08361951059863763,0.02380744435141536
66191E4C,EAME,2022-07-23,95,wheat,0.2378085992844108,0.2899908636092501
66191E4C,EAME,2022-07-23,50,wheat,0.1310198574113526,0.2899908636092501
66191E4C,EAME,2022-07-23,95,retired,0.02781133642742219,0
66191E4C,EAME,2022-07-23,95,off_field,0.11097475359154832,NA
66191E4C,EAME,2022-07-23,50,off_field,0.10057631926598393,NA
66191E4C,EAME,2022-07-11,95,alfalfa,0.02684086630778076,0.05894923561931013
66191E4C,EAME,2022-07-11,95,swale,0.6326013036115826,0.5961369342833991
66191E4C,EAME,2022-07-11,50,swale,0.7153841176661063,0.5961369342833991
66191E4C,EAME,2022-07-11,95,pond,0.16859012930576772,0.5533449497908733
66191E4C,EAME,2022-07-11,50,pond,0.17696658740674048,0.5533449497908733
66191E4C,EAME,2022-07-11,95,back_woods,0.127628652066073,0.22813595071352652
66191E4C,EAME,2022-07-11,50,back_woods,0.05523382161992919,0.22813595071352652
66191E4C,EAME,2022-07-11,95,off_field,0.0405262433925263,NA
66191E4C,EAME,2022-07-11,50,off_field,0.04941397647953376,NA
66191E4C,EAME,2022-06-11,95,blue_silo,0.19926755385083111,0.24648697794229515
66191E4C,EAME,2022-06-11,50,blue_silo,0.09329855072902614,0.24648697794229515
66191E4C,EAME,2022-06-11,95,bobolink,0.4510361463915703,0.856951540494177
66191E4C,EAME,2022-06-11,50,bobolink,0.7341958741892437,0.856951540494177
66191E4C,EAME,2022-06-11,95,swale,0.1730670287054206,0.05465683434273791
66191E4C,EAME,2022-06-11,50,swale,0.01796814070112092,0.05465683434273791
66191E4C,EAME,2022-06-11,95,pond,0.01017530935143094,0
66191E4C,EAME,2022-06-11,95,off_field,0.16066815463050482,NA
66191E4C,EAME,2022-06-11,50,off_field,0.15453743438060927,NA
66191E4C,EAME,2022-06-23,95,blue_silo,0.1066072875768067,0.01871520570626417
66191E4C,EAME,2022-06-23,95,bobolink,0.457183294097606,0.7405521220454703
66191E4C,EAME,2022-06-23,50,bobolink,0.6428010500586472,0.7405521220454703
66191E4C,EAME,2022-06-23,95,swale,0.15348883247557268,0.16465780760460397
66191E4C,EAME,2022-06-23,50,swale,0.04798325499549927,0.16465780760460397
66191E4C,EAME,2022-06-23,95,pond,0.06547895067438474,0.30332882405163886
66191E4C,EAME,2022-06-23,50,pond,0.03770908433108196,0.30332882405163886
66191E4C,EAME,2022-06-23,95,off_field,0.21032889381777925,NA
66191E4C,EAME,2022-06-23,50,off_field,0.26771859210068694,NA
66191E4C,EAME,2022-06-27,95,blue_silo,0.2697345293918202,0.6742837761226972
66191E4C,EAME,2022-06-27,50,blue_silo,0.3452327616452815,0.6742837761226972
66191E4C,EAME,2022-06-27,95,bobolink,0.4313342260640297,0.5880242994563143
66191E4C,EAME,2022-06-27,50,bobolink,0.4814397452562379,0.5880242994563143
66191E4C,EAME,2022-06-27,95,swale,0.03726448117786798,0
66191E4C,EAME,2022-06-27,95,retired,0.0706065789178615,0.521149636292283
66191E4C,EAME,2022-06-27,50,retired,0.06984580951420717,0.521149636292283
66191E4C,EAME,2022-06-27,95,front_hay,0.01418561959427199,0
66191E4C,EAME,2022-06-27,95,clydesdale,0.04379882606673464,0
66191E4C,EAME,2022-06-27,95,pond,0.00673852116552854,0
66191E4C,EAME,2022-06-27,95,off_field,0.12274600292805372,NA
66191E4C,EAME,2022-06-27,50,off_field,0.10348168358427344,NA
66191E4C,EAME,2022-07-20,95,blue_silo,0.10986429202051969,0
66191E4C,EAME,2022-07-20,95,pear_tree,0.39881290533482006,0.7867202104899378
66191E4C,EAME,2022-07-20,50,pear_tree,0.5959439518032607,0.7867202104899378
66191E4C,EAME,2022-07-20,95,swale,0.03262920527325869,0
66191E4C,EAME,2022-07-20,95,underhill,0.05967088828277544,0
66191E4C,EAME,2022-07-20,95,wheat,0.16826898806462187,0.4347556009342475
66191E4C,EAME,2022-07-20,50,wheat,0.13895211918890263,0.4347556009342475
66191E4C,EAME,2022-07-20,95,quarter,0.0051617092618063,0
66191E4C,EAME,2022-07-20,95,retired,0.05511276030208011,0.4957133152848085
66191E4C,EAME,2022-07-20,50,retired,0.05189179020927655,0.4957133152848085
66191E4C,EAME,2022-07-20,95,donkey,0.00940409468931807,0.7102685118870898
66191E4C,EAME,2022-07-20,50,donkey,0.01268689837320042,0.7102685118870898
66191E4C,EAME,2022-07-20,95,off_field,0.16107515677079978,NA
66191E4C,EAME,2022-07-20,50,off_field,0.20052524042535977,NA
66194C4C,EAME,2024-08-17,95,alfalfa,0.0118306992266178,0
66194C4C,EAME,2024-08-17,95,blue_silo,0.978437052220353,0.539717280132333
66194C4C,EAME,2024-08-17,50,blue_silo,0.9999999910437573,0.539717280132333
66194C4C,EAME,2024-08-17,95,swale,0.00980310665706049,0
66194C4C,EAME,2024-08-17,95,off_field,0,NA
66194C4C,EAME,2024-08-17,50,off_field,8.956242771761156e-9,NA
66194C4C,EAME,2024-08-23,95,blue_silo,0.2538568638251531,0.09347251846942838
66194C4C,EAME,2024-08-23,50,blue_silo,0.04504140680820284,0.09347251846942838
66194C4C,EAME,2024-08-23,95,swale,0.5118870270188006,0.7275001461248193
66194C4C,EAME,2024-08-23,50,swale,0.7068809861601472,0.7275001461248193
66194C4C,EAME,2024-08-23,95,off_field,0.2342561091560463,NA
66194C4C,EAME,2024-08-23,50,off_field,0.24807760703165,NA
66194C4C,EAME,2024-09-06,95,swale,0.9308136396943818,0.5726064873283028
66194C4C,EAME,2024-09-06,50,swale,0.9999999506467224,0.5726064873283028
66194C4C,EAME,2024-09-06,95,off_field,0.06918636030561821,NA
66194C4C,EAME,2024-09-06,50,off_field,4.9353277448994104e-8,NA
66194C4C,EAME,2024-08-11,95,blue_silo,0.9975624181642848,0.536474511568718
66194C4C,EAME,2024-08-11,50,blue_silo,1,0.536474511568718
66194C4C,EAME,2024-08-11,95,off_field,0,NA
66194C4C,EAME,2024-08-11,50,off_field,0,NA
66194C4C,EAME,2024-08-25,95,swale,0.6292192544479478,0.4298453381678829
66194C4C,EAME,2024-08-25,50,swale,0.5132912190962352,0.4298453381678829
66194C4C,EAME,2024-08-25,95,off_field,0.37005778244680393,NA
66194C4C,EAME,2024-08-25,50,off_field,0.4867087809037648,NA
66194C4C,EAME,2024-09-03,95,swale,0.7972149521647997,0.6613771190043574
66194C4C,EAME,2024-09-03,50,swale,0.9999823821908964,0.6613771190043574
66194C4C,EAME,2024-09-03,95,off_field,0.19840047399049837,NA
66194C4C,EAME,2024-09-03,50,off_field,1.7617809103537466e-5,NA
66194C4C,EAME,2024-08-31,95,swale,0.9489404546886582,0.5548996087201282
66194C4C,EAME,2024-08-31,50,swale,1.0000000229437191,0.5548996087201282
66194C4C,EAME,2024-08-31,95,off_field,0.05105954531134188,NA
66194C4C,EAME,2024-08-31,50,off_field,0,NA
66194C4C,EAME,2024-09-01,95,blue_silo,0.00833892374711312,0
66194C4C,EAME,2024-09-01,95,swale,0.8315627839251143,0.6072671729190929
66194C4C,EAME,2024-09-01,50,swale,0.9583037230345288,0.6072671729190929
66194C4C,EAME,2024-09-01,95,off_field,0.15979654619596845,NA
66194C4C,EAME,2024-09-01,50,off_field,0.04169627696547102,NA
66194C4C,EAME,2024-09-10,95,blue_silo,0.01112770952011083,0
66194C4C,EAME,2024-09-10,95,swale,0.3951427329473986,0.3981679761283205
66194C4C,EAME,2024-09-10,50,swale,0.29744842949338945,0.3981679761283205
66194C4C,EAME,2024-09-10,95,off_field,0.5937295575324906,NA
66194C4C,EAME,2024-09-10,50,off_field,0.7025515705066105,NA
66194C4C,EAME,2024-12-23,95,pear_tree,1.0000000034790832,0.5513265525537981
66194C4C,EAME,2024-12-23,50,pear_tree,1,0.5513265525537981
66194C4C,EAME,2024-12-23,95,off_field,0,NA
66194C4C,EAME,2024-12-23,50,off_field,0,NA
66194C4C,EAME,2024-09-08,95,swale,0.7171250165079268,0.5558354104087356
66194C4C,EAME,2024-09-08,50,swale,0.7571849271504308,0.5558354104087356
66194C4C,EAME,2024-09-08,95,off_field,0.28287498349207324,NA
66194C4C,EAME,2024-09-08,50,off_field,0.24281507284956913,NA
66194C4C,EAME,2024-08-13,95,blue_silo,0.9819816288234252,0.5525971283830615
66194C4C,EAME,2024-08-13,50,blue_silo,1.0000000125425357,0.5525971283830615
66194C4C,EAME,2024-08-13,95,swale,0.01775861048120709,0
66194C4C,EAME,2024-08-13,95,off_field,0,NA
66194C4C,EAME,2024-08-13,50,off_field,0,NA
66194C4C,EAME,2024-09-04,95,swale,0.8871830919233844,0.5957955507685903
66194C4C,EAME,2024-09-04,50,swale,1.000000020988231,0.5957955507685903
66194C4C,EAME,2024-09-04,95,off_field,0.11281690807661564,NA
66194C4C,EAME,2024-09-04,50,off_field,0,NA
66194C4C,EAME,2024-09-09,95,blue_silo,0.095910179412305,0
66194C4C,EAME,2024-09-09,95,swale,0.5145559327215006,0.6617750735842973
66194C4C,EAME,2024-09-09,50,swale,0.646505456282552,0.6617750735842973
66194C4C,EAME,2024-09-09,95,off_field,0.3895338878661944,NA
66194C4C,EAME,2024-09-09,50,off_field,0.35349454371744804,NA
66194C4C,EAME,2024-08-09,95,blue_silo,0.9999999747746328,0.5323820507824006
66194C4C,EAME,2024-08-09,50,blue_silo,1.000000041563228,0.5323820507824006
66194C4C,EAME,2024-08-09,95,off_field,2.5225367225662915e-8,NA
66194C4C,EAME,2024-08-09,50,off_field,0,NA
66194C4C,EAME,2024-08-10,95,blue_silo,0.9935727685760644,0.5305516466054453
66194C4C,EAME,2024-08-10,50,blue_silo,1.0000000332234549,0.5305516466054453
66194C4C,EAME,2024-08-10,95,off_field,0.00642723142393553,NA
66194C4C,EAME,2024-08-10,50,off_field,0,NA
66194C4C,EAME,2024-08-24,95,swale,0.6373979096196005,0.4511621503820159
66194C4C,EAME,2024-08-24,50,swale,0.5459702942962226,0.4511621503820159
66194C4C,EAME,2024-08-24,95,off_field,0.3619197807489211,NA
66194C4C,EAME,2024-08-24,50,off_field,0.45402970570377743,NA
66194C4C,EAME,2024-09-02,95,blue_silo,0.15475998331071508,0.18888978247648192
66194C4C,EAME,2024-09-02,50,blue_silo,0.05552120965599412,0.18888978247648192
66194C4C,EAME,2024-09-02,95,swale,0.18812109783763412,0.02720441642536579
66194C4C,EAME,2024-09-02,50,swale,0.00972005444567851,0.02720441642536579
66194C4C,EAME,2024-09-02,95,off_field,0.6571189188516509,NA
66194C4C,EAME,2024-09-02,50,off_field,0.9347587358983274,NA
66194C4C,EAME,2024-05-21,95,swale,0.09839625566801388,0
66194C4C,EAME,2024-05-21,95,back_woods,0.7521453388923237,0.6996688936800329
66194C4C,EAME,2024-05-21,50,back_woods,0.9936436264146185,0.6996688936800329
66194C4C,EAME,2024-05-21,95,off_field,0.1494584054396624,NA
66194C4C,EAME,2024-05-21,50,off_field,0.00635637358538155,NA
66194C4C,EAME,2024-08-14,95,blue_silo,0.9999999888517034,0.5270839325791723
66194C4C,EAME,2024-08-14,50,blue_silo,1.000000037259315,0.5270839325791723
66194C4C,EAME,2024-08-14,95,off_field,1.1148296661188597e-8,NA
66194C4C,EAME,2024-08-14,50,off_field,0,NA
66194C4C,EAME,2024-08-21,95,blue_silo,0.9167477241561908,0.5840491854176423
66194C4C,EAME,2024-08-21,50,blue_silo,1.000000015410266,0.5840491854176423
66194C4C,EAME,2024-08-21,95,swale,0.05627331172307048,0
66194C4C,EAME,2024-08-21,95,off_field,0.02697896412073878,NA
66194C4C,EAME,2024-08-21,50,off_field,0,NA
66194C4C,EAME,2024-05-20,95,alfalfa,0.13999968830502835,0.44265592378377794
66194C4C,EAME,2024-05-20,50,alfalfa,0.11773844961401746,0.44265592378377794
66194C4C,EAME,2024-05-20,95,bobolink,0.00949701405961561,0
66194C4C,EAME,2024-05-20,95,swale,0.11104264561893254,0.23265928999739385
66194C4C,EAME,2024-05-20,50,swale,0.04908345918548613,0.23265928999739385
66194C4C,EAME,2024-05-20,95,pond,0.0477290256676332,0.01402507062167496
66194C4C,EAME,2024-05-20,95,back_woods,0.4744936378378887,0.836522210770912
66194C4C,EAME,2024-05-20,50,back_woods,0.7541067594975782,0.836522210770912
66194C4C,EAME,2024-05-20,95,piano,0.0283376303280068,0
66194C4C,EAME,2024-05-20,95,off_field,0.18832603967083783,NA
66194C4C,EAME,2024-05-20,50,off_field,0.07779954995151549,NA
66194C4C,EAME,2024-08-29,95,blue_silo,0.1202636230491847,0.5457169206750951
66194C4C,EAME,2024-08-29,50,blue_silo,0.1244232129710186,0.5457169206750951
66194C4C,EAME,2024-08-29,95,swale,0.3041023743484483,0.427807912263913
66194C4C,EAME,2024-08-29,50,swale,0.2466427377115312,0.427807912263913
66194C4C,EAME,2024-08-29,95,off_field,0.575634002602367,NA
66194C4C,EAME,2024-08-29,50,off_field,0.6289340493174501,NA
66194C4C,EAME,2024-09-05,95,swale,0.8228757226636496,0.636966151165758
66194C4C,EAME,2024-09-05,50,swale,0.9940452472418128,0.636966151165758
66194C4C,EAME,2024-09-05,95,off_field,0.1743815470099718,NA
66194C4C,EAME,2024-09-05,50,off_field,0.00595475275818716,NA
66194C4C,EAME,2024-08-27,95,swale,0.6162166548212389,0.5236754269477892
66194C4C,EAME,2024-08-27,50,swale,0.6114377618921334,0.5236754269477892
66194C4C,EAME,2024-08-27,95,off_field,0.3802201416579706,NA
66194C4C,EAME,2024-08-27,50,off_field,0.38856223810786655,NA
66194C4C,EAME,2024-08-20,95,blue_silo,0.9429546680218602,0.5581428385894424
66194C4C,EAME,2024-08-20,50,blue_silo,0.9999999599103014,0.5581428385894424
66194C4C,EAME,2024-08-20,95,swale,0.02737518367524504,0
66194C4C,EAME,2024-08-20,95,off_field,0.02966803550316914,NA
66194C4C,EAME,2024-08-20,50,off_field,4.00896985575459e-8,NA
66194C4C,EAME,2024-08-22,95,blue_silo,0.9428450839691088,0.5588060250830427
66194C4C,EAME,2024-08-22,50,blue_silo,1.0000000308741188,0.5588060250830427
66194C4C,EAME,2024-08-22,95,swale,0.04341927287195533,0
66194C4C,EAME,2024-08-22,95,off_field,0.01373564315893581,NA
66194C4C,EAME,2024-08-22,50,off_field,0,NA
66194C4C,EAME,2024-12-27,95,pear_tree,0.24815577387405585,0.8595396398020244
66194C4C,EAME,2024-12-27,50,pear_tree,0.4050333535248853,0.8595396398020244
66194C4C,EAME,2024-12-27,95,underhill,0.14736672362345568,0.6972752651343086
66194C4C,EAME,2024-12-27,50,underhill,0.1951210753676191,0.6972752651343086
66194C4C,EAME,2024-12-27,95,retired,0.00542583252725334,0
66194C4C,EAME,2024-12-27,95,pond,0.11084980884438538,0.03889916667685927
66194C4C,EAME,2024-12-27,50,pond,0.00818796051188547,0.03889916667685927
66194C4C,EAME,2024-12-27,95,back_woods,0.01197215982710108,0
66194C4C,EAME,2024-12-27,95,off_field,0.4762297013037487,NA
66194C4C,EAME,2024-12-27,50,off_field,0.3916576105956101,NA
66194C4C,EAME,2024-08-12,95,blue_silo,0.9390290823690596,0.5647737352888659
66194C4C,EAME,2024-08-12,50,blue_silo,1.0000000232005353,0.5647737352888659
66194C4C,EAME,2024-08-12,95,swale,0.06097093196746944,0
66194C4C,EAME,2024-08-12,95,off_field,0,NA
66194C4C,EAME,2024-08-12,50,off_field,0,NA
66194C4C,EAME,2024-08-16,95,alfalfa,0.01673177726563438,0
66194C4C,EAME,2024-08-16,95,blue_silo,0.9732238632327056,0.5409424491829287
66194C4C,EAME,2024-08-16,50,blue_silo,1.0000000297884457,0.5409424491829287
66194C4C,EAME,2024-08-16,95,off_field,0.00998008198510473,NA
66194C4C,EAME,2024-08-16,50,off_field,0,NA
66194C4C,EAME,2024-08-28,95,swale,0.636288795278259,0.5267479107384356
66194C4C,EAME,2024-08-28,50,swale,0.6359881547881918,0.5267479107384356
66194C4C,EAME,2024-08-28,95,off_field,0.3604684161999532,NA
66194C4C,EAME,2024-08-28,50,off_field,0.36401184521180824,NA
66194C4C,EAME,2024-08-15,95,blue_silo,1.000000009258591,0.5272343891292679
66194C4C,EAME,2024-08-15,50,blue_silo,0.9999999883761286,0.5272343891292679
66194C4C,EAME,2024-08-15,95,off_field,0,NA
66194C4C,EAME,2024-08-15,50,off_field,1.1623871465926069e-8,NA
66194C4C,EAME,2024-08-26,95,swale,0.5834413711104974,0.5619910274891129
66194C4C,EAME,2024-08-26,50,swale,0.6228793746857909,0.5619910274891129
66194C4C,EAME,2024-08-26,95,off_field,0.41655862888950257,NA
66194C4C,EAME,2024-08-26,50,off_field,0.37712062531420903,NA
6666344C,EAME,2022-07-28,95,blue_silo,0.00927841160193637,0
6666344C,EAME,2022-07-28,95,horse,0.17510940932917277,0.692168387247377
6666344C,EAME,2022-07-28,50,horse,0.23022967047674264,0.692168387247377
6666344C,EAME,2022-07-28,95,pear_tree,0.02296917044330653,0.02172959351943279
6666344C,EAME,2022-07-28,95,wheat,0.2420278473257394,0.7024055708929847
6666344C,EAME,2022-07-28,50,wheat,0.3229188029926183,0.7024055708929847
6666344C,EAME,2022-07-28,95,quarter,0.1971778032081201,0.5332278153809047
6666344C,EAME,2022-07-28,50,quarter,0.19971508440806643,0.5332278153809047
6666344C,EAME,2022-07-28,95,cat_barn,0.03421183713508578,0.38308753864999606
6666344C,EAME,2022-07-28,50,cat_barn,0.0248951340776346,0.38308753864999606
6666344C,EAME,2022-07-28,95,gi,0.01133019067552157,0
6666344C,EAME,2022-07-28,95,native_ws,0.0493095635650081,0.22442478376501332
6666344C,EAME,2022-07-28,50,native_ws,0.02102045065456996,0.22442478376501332
6666344C,EAME,2022-07-28,95,cattle,0.0304218997819798,0
6666344C,EAME,2022-07-28,95,wish_well,0.0488325763118883,0
6666344C,EAME,2022-07-28,95,off_field,0.17704258223616567,NA
6666344C,EAME,2022-07-28,50,off_field,0.2002727949064166,NA
6666344C,EAME,2022-07-30,95,blue_silo,0.0058143059387706,0
6666344C,EAME,2022-07-30,95,frog,0.0678121688647328,0.6640322455920548
6666344C,EAME,2022-07-30,50,frog,0.08555298283562789,0.6640322455920548
6666344C,EAME,2022-07-30,95,horse,0.1918959531590544,0.8145416546203974
6666344C,EAME,2022-07-30,50,horse,0.296973342040026,0.8145416546203974
6666344C,EAME,2022-07-30,95,pear_tree,0.02191449367317943,0
6666344C,EAME,2022-07-30,95,wheat,0.3041089071286204,0.6022625969678991
6666344C,EAME,2022-07-30,50,wheat,0.3479792797033022,0.6022625969678991
6666344C,EAME,2022-07-30,95,quarter,0.1161030164853314,0.6087433183886233
6666344C,EAME,2022-07-30,50,quarter,0.13428146247464265,0.6087433183886233
6666344C,EAME,2022-07-30,95,cat_barn,0.0249571452237555,0.10929060771553004
6666344C,EAME,2022-07-30,50,cat_barn,0.00518222301616666,0.10929060771553004
6666344C,EAME,2022-07-30,95,gi,0.01216389381475213,0
6666344C,EAME,2022-07-30,95,native_ws,0.06516984309748133,0.3240774199301641
6666344C,EAME,2022-07-30,50,native_ws,0.04012673278345392,0.3240774199301641
6666344C,EAME,2022-07-30,95,cattle,0.04812813867281045,0
6666344C,EAME,2022-07-30,95,wish_well,0.04141400958021984,0
6666344C,EAME,2022-07-30,95,off_field,0.09970097504196215,NA
6666344C,EAME,2022-07-30,50,off_field,0.08990397714678067,NA
6666344C,EAME,2022-07-26,95,blue_silo,0.03021814789780143,0.19239551966168852
6666344C,EAME,2022-07-26,50,blue_silo,0.01104132783342082,0.19239551966168852
6666344C,EAME,2022-07-26,95,frog,0.0172874589169077,0.05551928737126595
6666344C,EAME,2022-07-26,95,horse,0.06078446144691463,0.7254815460842534
6666344C,EAME,2022-07-26,50,horse,0.08374857982140604,0.7254815460842534
6666344C,EAME,2022-07-26,95,pear_tree,0.05252033401318608,0.17813014254773346
6666344C,EAME,2022-07-26,50,pear_tree,0.01776738049292076,0.17813014254773346
6666344C,EAME,2022-07-26,95,underhill,0.02443373255991798,0
6666344C,EAME,2022-07-26,95,wheat,0.02677480940876813,0.2137885089764892
6666344C,EAME,2022-07-26,50,wheat,0.01087099396350111,0.2137885089764892
6666344C,EAME,2022-07-26,95,quarter,0.0828513073723409,0.8596860408265774
6666344C,EAME,2022-07-26,50,quarter,0.1352688347572898,0.8596860408265774
6666344C,EAME,2022-07-26,95,retired,0.00928257766915897,0
6666344C,EAME,2022-07-26,95,cat_barn,0.02076325493728601,0.4473571749083935
6666344C,EAME,2022-07-26,50,cat_barn,0.01764039687286912,0.4473571749083935
6666344C,EAME,2022-07-26,95,gi,0.0087969076900143,0.14226616060081496
6666344C,EAME,2022-07-26,95,native_ws,0.13695419546153012,0.741504883883137
6666344C,EAME,2022-07-26,50,native_ws,0.19286253237060655,0.741504883883137
6666344C,EAME,2022-07-26,95,cattle,0.06751774521280363,0.6133150792463444
6666344C,EAME,2022-07-26,50,cattle,0.07864300160941536,0.6133150792463444
6666344C,EAME,2022-07-26,95,wish_well,0.16191349355850143,0.8929378070000767
6666344C,EAME,2022-07-26,50,wish_well,0.2745761195342251,0.8929378070000767
6666344C,EAME,2022-07-26,95,off_field,0.29276123340662824,NA
6666344C,EAME,2022-07-26,50,off_field,0.17070377876305823,NA
6666344C,EAME,2022-07-31,95,frog,0.02160518599081289,0
6666344C,EAME,2022-07-31,95,horse,0.3635969760112375,0.6248125349920718
6666344C,EAME,2022-07-31,50,horse,0.4313598367347677,0.6248125349920718
6666344C,EAME,2022-07-31,95,wheat,0.33887315341276414,0.5969345111384714
6666344C,EAME,2022-07-31,50,wheat,0.3840904965877354,0.5969345111384714
6666344C,EAME,2022-07-31,95,quarter,0.2398255219778332,0.39764199763330926
6666344C,EAME,2022-07-31,50,quarter,0.18107452517929692,0.39764199763330926
6666344C,EAME,2022-07-31,95,cattle,0.00754037584000489,0
6666344C,EAME,2022-07-31,95,wish_well,0.01847974387432025,0
6666344C,EAME,2022-07-31,95,off_field,0.01006922633426003,NA
6666344C,EAME,2022-07-31,50,off_field,0.00347514149819995,NA
6666344C,EAME,2022-08-01,95,frog,0.01557030224743873,0
6666344C,EAME,2022-08-01,95,horse,0.46424759234046065,0.6342654732449898
6666344C,EAME,2022-08-01,50,horse,0.558725794728686,0.6342654732449898
6666344C,EAME,2022-08-01,95,wheat,0.05266307989160389,0
6666344C,EAME,2022-08-01,95,quarter,0.3249948486690372,0.7008277044447185
6666344C,EAME,2022-08-01,50,quarter,0.4321810594709405,0.7008277044447185
6666344C,EAME,2022-08-01,95,cattle,0.05248696106871977,0
6666344C,EAME,2022-08-01,95,wish_well,0.03104632698564719,0
6666344C,EAME,2022-08-01,95,off_field,0.05585826646667426,NA
6666344C,EAME,2022-08-01,50,off_field,0.00909314580037356,NA
6666344C,EAME,2022-07-29,95,blue_silo,0.04078695703366909,0
6666344C,EAME,2022-07-29,95,frog,0.00536174516805013,0
6666344C,EAME,2022-07-29,95,horse,0.2136850885047676,0.7778309305395543
6666344C,EAME,2022-07-29,50,horse,0.3157373373749879,0.7778309305395543
6666344C,EAME,2022-07-29,95,pear_tree,0.02711215979023553,0
6666344C,EAME,2022-07-29,95,wheat,0.3440636869647175,0.7203975365554094
6666344C,EAME,2022-07-29,50,wheat,0.4708445785863791,0.7203975365554094
6666344C,EAME,2022-07-29,95,quarter,0.18633824017268633,0.4974159141436819
6666344C,EAME,2022-07-29,50,quarter,0.17607114223412526,0.4974159141436819
6666344C,EAME,2022-07-29,95,cat_barn,0.00855411959377089,0
6666344C,EAME,2022-07-29,95,gi,0.00927118458273059,0
6666344C,EAME,2022-07-29,95,native_ws,0.00949934158387976,0
6666344C,EAME,2022-07-29,95,cattle,0.01836492448935741,0
6666344C,EAME,2022-07-29,95,wish_well,0.02738955014156502,0.00153481666713849
6666344C,EAME,2022-07-29,95,off_field,0.10525447737182932,NA
6666344C,EAME,2022-07-29,50,off_field,0.03726708573652553,NA
66667855,EAME,2023-06-12,95,blue_silo,0.00642180994699852,0
66667855,EAME,2023-06-12,95,frog,0.2837304341483529,0.8780040902933189
66667855,EAME,2023-06-12,50,frog,0.472843727987688,0.8780040902933189
66667855,EAME,2023-06-12,95,horse,0.0202023445450172,0
66667855,EAME,2023-06-12,95,pear_tree,0.01799994269658245,0
66667855,EAME,2023-06-12,95,wheat,0.2319219299101732,0.4229550608076535
66667855,EAME,2023-06-12,50,wheat,0.1861877969099773,0.4229550608076535
66667855,EAME,2023-06-12,95,quarter,0.02863527725464892,0
66667855,EAME,2023-06-12,95,cattle,0.31728510637450563,0.5780939638658728
66667855,EAME,2023-06-12,50,cattle,0.34814750904008723,0.5780939638658728
66667855,EAME,2023-06-12,95,wish_well,0.01674578862872377,0
66667855,EAME,2023-06-12,95,off_field,0.07527867483891282,NA
66667855,EAME,2023-06-12,50,off_field,0,NA
66667855,EAME,2023-06-02,95,blue_silo,0.01005952055356464,0
66667855,EAME,2023-06-02,95,frog,0.18010766322172125,0.9317395662687614
66667855,EAME,2023-06-02,50,frog,0.3186908615454464,0.9317395662687614
66667855,EAME,2023-06-02,95,horse,0.03841496664016027,0.465405039228339
66667855,EAME,2023-06-02,50,horse,0.0339527082965377,0.465405039228339
66667855,EAME,2023-06-02,95,pear_tree,0.07783257023065931,0.34127094820188014
66667855,EAME,2023-06-02,50,pear_tree,0.05044330946309471,0.34127094820188014
66667855,EAME,2023-06-02,95,wheat,0.27440504667734184,0.8469896169488341
66667855,EAME,2023-06-02,50,wheat,0.4413804177043318,0.8469896169488341
66667855,EAME,2023-06-02,95,quarter,0.05662134402402819,0.39547686152829487
66667855,EAME,2023-06-02,50,quarter,0.04252498151615265,0.39547686152829487
66667855,EAME,2023-06-02,95,cattle,0.1917076098209072,0.2639773108385949
66667855,EAME,2023-06-02,50,cattle,0.0961056307519418,0.2639773108385949
66667855,EAME,2023-06-02,95,wish_well,0.02703902177308213,0
66667855,EAME,2023-06-02,95,off_field,0.138500043683659,NA
66667855,EAME,2023-06-02,50,off_field,0.01690209072249503,NA
66667855,EAME,2023-06-04,95,frog,0.20580251770124977,0.9255482703244028
66667855,EAME,2023-06-04,50,frog,0.3617408612814458,0.9255482703244028
66667855,EAME,2023-06-04,95,horse,0.02269688057863052,0.02795482650566519
66667855,EAME,2023-06-04,95,pear_tree,0.04837766391620961,0
66667855,EAME,2023-06-04,95,wheat,0.30583925583988475,0.753178363827812
66667855,EAME,2023-06-04,50,wheat,0.43746053059237255,0.753178363827812
66667855,EAME,2023-06-04,95,quarter,0.0119123447259883,0
66667855,EAME,2023-06-04,95,cattle,0.2714564010603039,0.40719207641394983
66667855,EAME,2023-06-04,50,cattle,0.2099168093802047,0.40719207641394983
66667855,EAME,2023-06-04,95,wish_well,0.01862947190248595,0
66667855,EAME,2023-06-04,95,off_field,0.10985135110674732,NA
66667855,EAME,2023-06-04,50,off_field,0,NA
66667855,EAME,2023-06-05,95,frog,0.16937613342710842,0.9032337717287864
66667855,EAME,2023-06-05,50,frog,0.290664824176483,0.9032337717287864
66667855,EAME,2023-06-05,95,horse,0.0119020146592565,0
66667855,EAME,2023-06-05,95,pear_tree,0.04477224807202207,0
66667855,EAME,2023-06-05,95,wheat,0.17542687332967458,0.2815629610894708
66667855,EAME,2023-06-05,50,wheat,0.09384513042625432,0.2815629610894708
66667855,EAME,2023-06-05,95,quarter,0.00507730360203103,0
66667855,EAME,2023-06-05,95,cattle,0.3867625312809973,0.7762956951015061
66667855,EAME,2023-06-05,50,cattle,0.5704422276670531,0.7762956951015061
66667855,EAME,2023-06-05,95,wish_well,0.00949543396200055,0
66667855,EAME,2023-06-05,95,off_field,0.1966486744060102,NA
66667855,EAME,2023-06-05,50,off_field,0.0450478177302096,NA
66667855,EAME,2023-06-06,95,blue_silo,0.01273232693648064,0
66667855,EAME,2023-06-06,95,frog,0.20051376953501523,0.9091720380221746
66667855,EAME,2023-06-06,50,frog,0.346334789538207,0.9091720380221746
66667855,EAME,2023-06-06,95,horse,0.04885273707836485,0.370313952226517
66667855,EAME,2023-06-06,50,horse,0.03436883595466271,0.370313952226517
66667855,EAME,2023-06-06,95,pear_tree,0.02552537270725504,0
66667855,EAME,2023-06-06,95,wheat,0.32949398500257093,0.7661308055281866
66667855,EAME,2023-06-06,50,wheat,0.4795746993309723,0.7661308055281866
66667855,EAME,2023-06-06,95,quarter,0.07835693141591878,0.3902995306947548
66667855,EAME,2023-06-06,50,quarter,0.05810069080120374,0.3902995306947548
66667855,EAME,2023-06-06,95,cat_barn,0.0077195404064857,0
66667855,EAME,2023-06-06,95,cattle,0.1598972725419199,0.297083479140609
66667855,EAME,2023-06-06,50,cattle,0.0902454685462818,0.297083479140609
66667855,EAME,2023-06-06,95,wish_well,0.0172334690418189,0
66667855,EAME,2023-06-06,95,off_field,0.11146342815760808,NA
66667855,EAME,2023-06-06,50,off_field,0,NA
66667855,EAME,2023-06-08,95,blue_silo,0.01064312002311594,0
66667855,EAME,2023-06-08,95,frog,0.19289210348200275,0.8034313992175826
66667855,EAME,2023-06-08,50,frog,0.29416744235391057,0.8034313992175826
66667855,EAME,2023-06-08,95,horse,0.10248897910646113,0.635665379326865
66667855,EAME,2023-06-08,50,horse,0.12366223198344928,0.635665379326865
66667855,EAME,2023-06-08,95,pear_tree,0.01849204322294382,0
66667855,EAME,2023-06-08,95,wheat,0.2548071073218299,0.6125908158420877
66667855,EAME,2023-06-08,50,wheat,0.2962875302804941,0.6125908158420877
66667855,EAME,2023-06-08,95,quarter,0.20267089805035984,0.7130300419765384
66667855,EAME,2023-06-08,50,quarter,0.2743030111448019,0.7130300419765384
66667855,EAME,2023-06-08,95,cat_barn,0.00873966511563127,0
66667855,EAME,2023-06-08,95,cattle,0.14590198719885647,0.05230782049006356
66667855,EAME,2023-06-08,50,cattle,0.01448635709709686,0.05230782049006356
66667855,EAME,2023-06-08,95,wish_well,0.00672696786351947,0
66667855,EAME,2023-06-08,95,off_field,0.05477884722819991,NA
66667855,EAME,2023-06-08,50,off_field,0,NA
66667855,EAME,2023-06-11,95,frog,0.26394425904990837,0.762362462487007
66667855,EAME,2023-06-11,50,frog,0.3821906400224083,0.762362462487007
66667855,EAME,2023-06-11,95,horse,0.01223185043026434,0
66667855,EAME,2023-06-11,95,pear_tree,0.01483150331101462,0
66667855,EAME,2023-06-11,95,wheat,0.2848041762085052,0.4139932802091403
66667855,EAME,2023-06-11,50,wheat,0.22394737050159583,0.4139932802091403
66667855,EAME,2023-06-11,95,quarter,0.02789652431362995,0
66667855,EAME,2023-06-11,95,cattle,0.3396815940624748,0.6302618943203208
66667855,EAME,2023-06-11,50,cattle,0.4066299730515462,0.6302618943203208
66667855,EAME,2023-06-11,95,off_field,0.05596234029506974,NA
66667855,EAME,2023-06-11,50,off_field,0,NA
66667855,EAME,2023-06-13,95,frog,0.2700875074707309,0.8713306033335738
66667855,EAME,2023-06-13,50,frog,0.4469193779563584,0.8713306033335738
66667855,EAME,2023-06-13,95,horse,0.09727955857926668,0.4486880140181637
66667855,EAME,2023-06-13,50,horse,0.08289107659320699,0.4486880140181637
66667855,EAME,2023-06-13,95,wheat,0.2253713283436626,0.5913374658329126
66667855,EAME,2023-06-13,50,wheat,0.2530904634622781,0.5913374658329126
66667855,EAME,2023-06-13,95,quarter,0.11246470066268388,0.3712219312085405
66667855,EAME,2023-06-13,50,quarter,0.07928509999300193,0.3712219312085405
66667855,EAME,2023-06-13,95,cattle,0.24097360175234803,0.32293796685187426
66667855,EAME,2023-06-13,50,cattle,0.14778497978805932,0.32293796685187426
66667855,EAME,2023-06-13,95,wish_well,0.02013669789346965,0
66667855,EAME,2023-06-13,95,off_field,0.03134172132759596,NA
66667855,EAME,2023-06-13,50,off_field,0,NA
66667855,EAME,2023-05-29,95,blue_silo,0.01746162457259896,0
66667855,EAME,2023-05-29,95,frog,0.08964457525728703,0.8209404911747601
66667855,EAME,2023-05-29,50,frog,0.1397897818814483,0.8209404911747601
66667855,EAME,2023-05-29,95,horse,0.00884070663788127,0
66667855,EAME,2023-05-29,95,pear_tree,0.03809081767394794,0
66667855,EAME,2023-05-29,95,wheat,0.18724409897995137,0.779473827817204
66667855,EAME,2023-05-29,50,wheat,0.2772358657565256,0.779473827817204
66667855,EAME,2023-05-29,95,quarter,0.02131130353672107,0
66667855,EAME,2023-05-29,95,cattle,0.2520592832076467,0.5759295212466193
66667855,EAME,2023-05-29,50,cattle,0.27574762069687075,0.5759295212466193
66667855,EAME,2023-05-29,95,wish_well,0.01603827561672059,0
66667855,EAME,2023-05-29,95,off_field,0.3637172586970199,NA
66667855,EAME,2023-05-29,50,off_field,0.30722673166515535,NA
66667855,EAME,2023-05-25,95,alfalfa,0.02401700399297567,0
66667855,EAME,2023-05-25,95,blue_silo,0.04820126309625869,0
66667855,EAME,2023-05-25,95,pear_tree,0.02520275205966097,0
66667855,EAME,2023-05-25,95,swale,0.09509266337975564,0
66667855,EAME,2023-05-25,95,underhill,0.03765282040414714,0
66667855,EAME,2023-05-25,95,wheat,0.03111644995234913,0.04935552647236407
66667855,EAME,2023-05-25,95,retired,0.00577249071623898,0
66667855,EAME,2023-05-25,95,off_field,0.7329445563986138,NA
66667855,EAME,2023-05-25,50,off_field,0.9970821641633122,NA
66667855,EAME,2023-05-28,95,blue_silo,0.0205973020681244,0.02245129917446537
66667855,EAME,2023-05-28,95,frog,0.04891357090495321,0.06980196006010934
66667855,EAME,2023-05-28,50,frog,0.00648703023865827,0.06980196006010934
66667855,EAME,2023-05-28,95,horse,0.00769987560861758,0
66667855,EAME,2023-05-28,95,pear_tree,0.10015372735254574,0.6404975174925372
66667855,EAME,2023-05-28,50,pear_tree,0.121880296659066,0.6404975174925372
66667855,EAME,2023-05-28,95,wheat,0.2531814048980197,0.9239798547936836
66667855,EAME,2023-05-28,50,wheat,0.44447080844929887,0.9239798547936836
66667855,EAME,2023-05-28,95,quarter,0.0308352384894701,0.08751292805390908
66667855,EAME,2023-05-28,50,quarter,0.00512706073073892,0.08751292805390908
66667855,EAME,2023-05-28,95,cat_barn,0.00767572566715176,0
66667855,EAME,2023-05-28,95,gi,0.00657252934499198,0
66667855,EAME,2023-05-28,95,cattle,0.20897053733003212,0.49190850613064974
66667855,EAME,2023-05-28,50,cattle,0.19530723288681712,0.49190850613064974
66667855,EAME,2023-05-28,95,wish_well,0.04437433191527047,0.01859231337321574
66667855,EAME,2023-05-28,95,off_field,0.2598057784875282,NA
66667855,EAME,2023-05-28,50,off_field,0.22422756466457924,NA
66667855,EAME,2023-05-31,95,frog,0.15533916571850534,0.6260850478806959
66667855,EAME,2023-05-31,50,frog,0.184687709285758,0.6260850478806959
66667855,EAME,2023-05-31,95,horse,0.00712483130293056,0
66667855,EAME,2023-05-31,95,pear_tree,0.03863503306905185,0
66667855,EAME,2023-05-31,95,wheat,0.2308550887743899,0.6015338384896941
66667855,EAME,2023-05-31,50,wheat,0.26370794198555997,0.6015338384896941
66667855,EAME,2023-05-31,95,cattle,0.312783686583338,0.631408507903078
66667855,EAME,2023-05-31,50,cattle,0.3750405421502253,0.631408507903078
66667855,EAME,2023-05-31,95,off_field,0.2520800283854732,NA
66667855,EAME,2023-05-31,50,off_field,0.17656380657845672,NA
66667855,EAME,2023-06-10,95,blue_silo,0.01323975080123454,0
66667855,EAME,2023-06-10,95,frog,0.2645341335812582,0.8765938385633222
66667855,EAME,2023-06-10,50,frog,0.4401153831464783,0.8765938385633222
66667855,EAME,2023-06-10,95,horse,0.01414425306298405,0
66667855,EAME,2023-06-10,95,pear_tree,0.0209162296484055,0
66667855,EAME,2023-06-10,95,wheat,0.2722509042429567,0.5381168196547517
66667855,EAME,2023-06-10,50,wheat,0.27805602774412697,0.5381168196547517
66667855,EAME,2023-06-10,95,quarter,0.02800019802221416,0
66667855,EAME,2023-06-10,95,cattle,0.2737399914270774,0.5274616078266946
66667855,EAME,2023-06-10,50,cattle,0.2740409851811089,0.5274616078266946
66667855,EAME,2023-06-10,95,off_field,0.10652835932413483,NA
66667855,EAME,2023-06-10,50,off_field,0.00778760392828575,NA
66667855,EAME,2023-06-01,95,blue_silo,0.01358731919167018,0
66667855,EAME,2023-06-01,95,frog,0.20718618377865228,0.916998030206125
66667855,EAME,2023-06-01,50,frog,0.3609516594208103,0.916998030206125
66667855,EAME,2023-06-01,95,horse,0.04597202091860426,0.4829457688870545
66667855,EAME,2023-06-01,50,horse,0.04218050841190578,0.4829457688870545
66667855,EAME,2023-06-01,95,pear_tree,0.02856949162564094,0
66667855,EAME,2023-06-01,95,wheat,0.31393714622160684,0.8048342130021992
66667855,EAME,2023-06-01,50,wheat,0.4800306684421142,0.8048342130021992
66667855,EAME,2023-06-01,95,quarter,0.02267313939268915,0.05561791538886246
66667855,EAME,2023-06-01,95,native_ws,0.01064051303598755,0
66667855,EAME,2023-06-01,95,cattle,0.13564181479425544,0.32740939187100604
66667855,EAME,2023-06-01,50,cattle,0.08437321029351917,0.32740939187100604
66667855,EAME,2023-06-01,95,wish_well,0.04643466494488756,0
66667855,EAME,2023-06-01,95,off_field,0.16974327831725802,NA
66667855,EAME,2023-06-01,50,off_field,0.03006817740949255,NA
66667855,EAME,2023-06-09,95,blue_silo,0.00905116135547588,0
66667855,EAME,2023-06-09,95,frog,0.19278988053070417,0.8976643961443951
66667855,EAME,2023-06-09,50,frog,0.3285408490136724,0.8976643961443951
66667855,EAME,2023-06-09,95,horse,0.04999523272903912,0.4353292262709923
66667855,EAME,2023-06-09,50,horse,0.04131783528738896,0.4353292262709923
66667855,EAME,2023-06-09,95,pear_tree,0.07432116896574376,0
66667855,EAME,2023-06-09,95,wheat,0.3767210681892512,0.7928231711197322
66667855,EAME,2023-06-09,50,wheat,0.5670056466903403,0.7928231711197322
66667855,EAME,2023-06-09,95,quarter,0.06082761348098295,0.34060236155193546
66667855,EAME,2023-06-09,50,quarter,0.03933141519108049,0.34060236155193546
66667855,EAME,2023-06-09,95,cattle,0.06849562888266053,0.237846105379379
66667855,EAME,2023-06-09,50,cattle,0.03092787223399477,0.237846105379379
66667855,EAME,2023-06-09,95,wish_well,0.00582177104073554,0
66667855,EAME,2023-06-09,95,off_field,0.15491293653552254,NA
66667855,EAME,2023-06-09,50,off_field,0,NA
66667855,EAME,2023-06-07,95,blue_silo,0.00514675088363366,0
66667855,EAME,2023-06-07,95,frog,0.2073035090397572,0.7547389431341993
66667855,EAME,2023-06-07,50,frog,0.29693675628027916,0.7547389431341993
66667855,EAME,2023-06-07,95,horse,0.14232362852569233,0.6578744295069621
66667855,EAME,2023-06-07,50,horse,0.1776971903721461,0.6578744295069621
66667855,EAME,2023-06-07,95,pear_tree,0.01053999311447637,0
66667855,EAME,2023-06-07,95,wheat,0.2508052595517386,0.5284657328161203
66667855,EAME,2023-06-07,50,wheat,0.25154403235585227,0.5284657328161203
66667855,EAME,2023-06-07,95,quarter,0.20556505987968743,0.6674636435088821
66667855,EAME,2023-06-07,50,quarter,0.2603978901464086,0.6674636435088821
66667855,EAME,2023-06-07,95,cattle,0.1116515070276328,0.07614640708362333
66667855,EAME,2023-06-07,50,cattle,0.0161352074248017,0.07614640708362333
66667855,EAME,2023-06-07,95,wish_well,0.02447207492620892,0
66667855,EAME,2023-06-07,95,off_field,0.03888794363940402,NA
66667855,EAME,2023-06-07,50,off_field,0,NA
66667855,EAME,2023-05-27,95,blue_silo,0.03337418940981506,0.3922528094323236
66667855,EAME,2023-05-27,50,blue_silo,0.02486537548340381,0.3922528094323236
66667855,EAME,2023-05-27,95,frog,0.0183255015321728,0.05079569446674511
66667855,EAME,2023-05-27,95,horse,0.04839047190429324,0.9004806686321098
66667855,EAME,2023-05-27,50,horse,0.08276609855367581,0.9004806686321098
66667855,EAME,2023-05-27,95,pear_tree,0.12539467755810185,0.8486830654612507
66667855,EAME,2023-05-27,50,pear_tree,0.20213562980561753,0.8486830654612507
66667855,EAME,2023-05-27,95,underhill,0.00694049017590224,0
66667855,EAME,2023-05-27,95,wheat,0.15851627818738906,0.8072487350579384
66667855,EAME,2023-05-27,50,wheat,0.24305215309860848,0.8072487350579384
66667855,EAME,2023-05-27,95,quarter,0.08612652742380732,0.9978689794385888
66667855,EAME,2023-05-27,50,quarter,0.1632407914032123,0.9978689794385888
66667855,EAME,2023-05-27,95,retired,0.00578867836269559,0.11175547032168832
66667855,EAME,2023-05-27,95,cat_barn,0.0137867189296111,0
66667855,EAME,2023-05-27,95,native_ws,0.05835346102104055,0.0974652638504778
66667855,EAME,2023-05-27,50,native_ws,0.01080275968692864,0.0974652638504778
66667855,EAME,2023-05-27,95,cattle,0.05382703311353999,0.04607101398335522
66667855,EAME,2023-05-27,95,wish_well,0.10346580879127593,0.6399051767965399
66667855,EAME,2023-05-27,50,wish_well,0.12575657857486358,0.6399051767965399
66667855,EAME,2023-05-27,95,off_field,0.27745812985660484,NA
66667855,EAME,2023-05-27,50,off_field,0.13474736164992107,NA
66667855,EAME,2023-06-03,95,blue_silo,0.00566376806979819,0
66667855,EAME,2023-06-03,95,frog,0.2064032264413115,0.8837162243625393
66667855,EAME,2023-06-03,50,frog,0.3465111759706803,0.8837162243625393
66667855,EAME,2023-06-03,95,horse,0.04713451376618836,0.3883180954739779
66667855,EAME,2023-06-03,50,horse,0.03477079307909027,0.3883180954739779
66667855,EAME,2023-06-03,95,pear_tree,0.0193880927665333,0
66667855,EAME,2023-06-03,95,wheat,0.3447629966711697,0.8075094701089767
66667855,EAME,2023-06-03,50,wheat,0.5288788592446706,0.8075094701089767
66667855,EAME,2023-06-03,95,quarter,0.04911889039311733,0.3130664157711252
66667855,EAME,2023-06-03,50,quarter,0.02921278516162851,0.3130664157711252
66667855,EAME,2023-06-03,95,cattle,0.1502782696860486,0.24322669670478483
66667855,EAME,2023-06-03,50,cattle,0.06943770585443935,0.24322669670478483
66667855,EAME,2023-06-03,95,wish_well,0.02364973342900057,0
66667855,EAME,2023-06-03,95,off_field,0.1520699239259247,NA
66667855,EAME,2023-06-03,50,off_field,0,NA
66667855,EAME,2023-05-30,95,frog,0.15095277429999832,0.912464950098364
66667855,EAME,2023-05-30,50,frog,0.2616764323095696,0.912464950098364
66667855,EAME,2023-05-30,95,horse,0.0059105603806415,0
66667855,EAME,2023-05-30,95,pear_tree,0.05916780708988282,0.13423770194106907
66667855,EAME,2023-05-30,50,pear_tree,0.01508923776512295,0.13423770194106907
66667855,EAME,2023-05-30,95,wheat,0.2613460129980315,0.8526413409602664
66667855,EAME,2023-05-30,50,wheat,0.4233402721070581,0.8526413409602664
66667855,EAME,2023-05-30,95,quarter,0.01404128903877734,0
66667855,EAME,2023-05-30,95,cattle,0.172595578974967,0.61057065441747
66667855,EAME,2023-05-30,50,cattle,0.20020407543785596,0.61057065441747
66667855,EAME,2023-05-30,95,off_field,0.32591243089847505,NA
66667855,EAME,2023-05-30,50,off_field,0.0996899823803934,NA
78343334,EAME,2024-05-28,95,cattle,0.0684011469193139,0
78343334,EAME,2024-05-28,95,off_field,0.931598853080686,NA
78343334,EAME,2024-05-28,50,off_field,1,NA
78343334,EAME,2024-06-14,95,frog,0.29208184394871517,0.1474612662456977
78343334,EAME,2024-06-14,50,frog,0.0817931243818615,0.1474612662456977
78343334,EAME,2024-06-14,95,wheat,0.04209536024202057,0.05818409100640024
78343334,EAME,2024-06-14,95,cattle,0.6341445316717617,0.7479442082099307
78343334,EAME,2024-06-14,50,cattle,0.9007239957289304,0.7479442082099307
78343334,EAME,2024-06-14,95,off_field,0.03167826413750261,NA
78343334,EAME,2024-06-14,50,off_field,0.01283159691695192,NA
78343334,EAME,2024-05-23,95,frog,0.08451041825421896,0
78343334,EAME,2024-05-23,95,cattle,0.933175703271176,0.5671510589247614
78343334,EAME,2024-05-23,50,cattle,1.000000020136513,0.5671510589247614
78343334,EAME,2024-05-23,95,off_field,0,NA
78343334,EAME,2024-05-23,50,off_field,0,NA
78343334,EAME,2024-06-12,95,cattle,0.6455845114228006,0.6494124101563319
78343334,EAME,2024-06-12,50,cattle,0.7960647950685742,0.6494124101563319
78343334,EAME,2024-06-12,95,off_field,0.3544154885771994,NA
78343334,EAME,2024-06-12,50,off_field,0.20393520493142583,NA
78343334,EAME,2024-05-22,95,frog,0.5199915849055239,0.4463715271341156
78343334,EAME,2024-05-22,50,frog,0.44099348203269617,0.4463715271341156
78343334,EAME,2024-05-22,95,wheat,0.06236010894640918,0.18178102493631185
78343334,EAME,2024-05-22,50,wheat,0.02153747487572778,0.18178102493631185
78343334,EAME,2024-05-22,95,cattle,0.3808808688040984,0.6888611651963117
78343334,EAME,2024-05-22,50,cattle,0.49849434026648304,0.6888611651963117
78343334,EAME,2024-05-22,95,off_field,0.03676743734396853,NA
78343334,EAME,2024-05-22,50,off_field,0.03897470282509301,NA
78343334,EAME,2024-05-29,95,cattle,0.22703684827371673,0
78343334,EAME,2024-05-29,95,off_field,0.7729631517262833,NA
78343334,EAME,2024-05-29,50,off_field,1,NA
78343334,EAME,2024-06-08,95,cattle,0.4974539724058099,0.6488067079704625
78343334,EAME,2024-06-08,50,cattle,0.6125327162796405,0.6488067079704625
78343334,EAME,2024-06-08,95,off_field,0.5025460275941901,NA
78343334,EAME,2024-06-08,50,off_field,0.3874672837203595,NA
78343334,EAME,2024-05-31,95,cattle,0.8291960881420317,0.5180727064376134
78343334,EAME,2024-05-31,50,cattle,0.8161878010083271,0.5180727064376134
78343334,EAME,2024-05-31,95,off_field,0.17080391185796823,NA
78343334,EAME,2024-05-31,50,off_field,0.1838121989916729,NA
78343334,EAME,2024-05-27,95,cattle,0.01124574178353153,0
78343334,EAME,2024-05-27,95,off_field,0.9887542582164685,NA
78343334,EAME,2024-05-27,50,off_field,1,NA
78343334,EAME,2024-05-26,95,off_field,1,NA
78343334,EAME,2024-05-26,50,off_field,1,NA
78343334,EAME,2024-05-24,95,off_field,0.998850326387108,NA
78343334,EAME,2024-05-24,50,off_field,1,NA
78343334,EAME,2024-06-07,95,cattle,0.46859485203838824,0.6230991976159738
78343334,EAME,2024-06-07,50,cattle,0.5520963892057528,0.6230991976159738
78343334,EAME,2024-06-07,95,off_field,0.5314051479616118,NA
78343334,EAME,2024-06-07,50,off_field,0.4479036107942472,NA
784B1955,EAME,2025-07-12,95,frog,0.02480423482696445,0
784B1955,EAME,2025-07-12,95,horse,0.02366074520000955,0
784B1955,EAME,2025-07-12,95,wheat,0.0920207384090012,0
784B1955,EAME,2025-07-12,95,quarter,0.01276781831117475,0
784B1955,EAME,2025-07-12,95,cat_barn,0.01162224708255596,0
784B1955,EAME,2025-07-12,95,gi,0.00699308015416627,0
784B1955,EAME,2025-07-12,95,appendix,0.02059228443949381,0.17056063199115462
784B1955,EAME,2025-07-12,50,appendix,0.00667166342060557,0.17056063199115462
784B1955,EAME,2025-07-12,95,native_ws,0.2284623126034176,0.7339391860676737
784B1955,EAME,2025-07-12,50,native_ws,0.3185117424316144,0.7339391860676737
784B1955,EAME,2025-07-12,95,wish_well,0.07821018292323674,0.03185534245638877
784B1955,EAME,2025-07-12,95,off_field,0.4925141212754728,NA
784B1955,EAME,2025-07-12,50,off_field,0.6700840313737072,NA
784B1955,EAME,2025-07-14,95,frog,0.2401527694563488,0.5434053482601938
784B1955,EAME,2025-07-14,50,frog,0.2474285661494179,0.5434053482601938
784B1955,EAME,2025-07-14,95,horse,0.2263606570467528,0.5410827316359588
784B1955,EAME,2025-07-14,50,horse,0.23222178038262528,0.5410827316359588
784B1955,EAME,2025-07-14,95,wheat,0.356955387165897,0.5251938054498013
784B1955,EAME,2025-07-14,50,wheat,0.35544455551289483,0.5251938054498013
784B1955,EAME,2025-07-14,95,quarter,0.1655908421193233,0.5236953189626347
784B1955,EAME,2025-07-14,50,quarter,0.16441950537109956,0.5236953189626347
784B1955,EAME,2025-07-14,95,cattle,0.0117206164680567,0
784B1955,EAME,2025-07-14,95,off_field,0,NA
784B1955,EAME,2025-07-14,50,off_field,4.855925839624001e-4,NA
784B1955,EAME,2025-07-20,95,frog,0.3904917946191674,0.840871568727583
784B1955,EAME,2025-07-20,50,frog,0.623162647996475,0.840871568727583
784B1955,EAME,2025-07-20,95,horse,0.04344074196452832,0.06380383414928652
784B1955,EAME,2025-07-20,50,horse,0.0052602192335485,0.06380383414928652
784B1955,EAME,2025-07-20,95,wheat,0.21538446600531835,0.48264803360870706
784B1955,EAME,2025-07-20,50,wheat,0.19728985428520185,0.48264803360870706
784B1955,EAME,2025-07-20,95,quarter,0.04253011565627059,0.0991420956703064
784B1955,EAME,2025-07-20,50,quarter,0.0080022937886915,0.0991420956703064
784B1955,EAME,2025-07-20,95,native_ws,0.01205126900339643,0
784B1955,EAME,2025-07-20,95,cattle,0.2542092073677085,0.3812487642076228
784B1955,EAME,2025-07-20,50,cattle,0.18393295757195088,0.3812487642076228
784B1955,EAME,2025-07-20,95,off_field,0.04160944573389482,NA
784B1955,EAME,2025-07-20,50,off_field,0,NA
784B1955,EAME,2025-08-17,95,frog,0.3696158105066524,0.5979675006701382
784B1955,EAME,2025-08-17,50,frog,0.4195362622085009,0.5979675006701382
784B1955,EAME,2025-08-17,95,wheat,0.44393128308765983,0.7113114897261767
784B1955,EAME,2025-08-17,50,wheat,0.5994003022181007,0.7113114897261767
784B1955,EAME,2025-08-17,95,cattle,0.19251803343578852,0
784B1955,EAME,2025-08-17,95,off_field,0,NA
784B1955,EAME,2025-08-17,50,off_field,0,NA
784B1955,EAME,2025-08-30,95,frog,0.07513624577356817,0.2639077073200656
784B1955,EAME,2025-08-30,50,frog,0.0375438293735185,0.2639077073200656
784B1955,EAME,2025-08-30,95,horse,0.2875509009880242,0.6170361457707293
784B1955,EAME,2025-08-30,50,horse,0.3359404816053297,0.6170361457707293
784B1955,EAME,2025-08-30,95,wheat,0.37105076214301663,0.46644924811201977
784B1955,EAME,2025-08-30,50,wheat,0.3276987067739793,0.46644924811201977
784B1955,EAME,2025-08-30,95,quarter,0.25254614396037384,0.6135940620124588
784B1955,EAME,2025-08-30,50,quarter,0.29339917754396116,0.6135940620124588
784B1955,EAME,2025-08-30,95,off_field,0.01371594713501714,NA
784B1955,EAME,2025-08-30,50,off_field,0.00541780470321141,NA
784B1955,EAME,2025-09-23,95,blue_silo,0.11046484901226115,0.38306107725744465
784B1955,EAME,2025-09-23,50,blue_silo,0.08038666025234406,0.38306107725744465
784B1955,EAME,2025-09-23,95,frog,0.10036533455852124,0.23502197629440705
784B1955,EAME,2025-09-23,50,frog,0.04481094136127666,0.23502197629440705
784B1955,EAME,2025-09-23,95,horse,0.046772157227392,0.05992305319916281
784B1955,EAME,2025-09-23,50,horse,0.00532443085146475,0.05992305319916281
784B1955,EAME,2025-09-23,95,pear_tree,0.00665027531844679,0
784B1955,EAME,2025-09-23,95,wheat,0.3958431300860934,0.7484718454284718
784B1955,EAME,2025-09-23,50,wheat,0.5628471061152112,0.7484718454284718
784B1955,EAME,2025-09-23,95,quarter,0.14465292109132127,0.34870121257211983
784B1955,EAME,2025-09-23,50,quarter,0.09582360876716256,0.34870121257211983
784B1955,EAME,2025-09-23,95,retired,0.01122146497517887,0
784B1955,EAME,2025-09-23,95,donkey,0.01143041005933303,0.01255433961771361
784B1955,EAME,2025-09-23,95,cattle,0.00998894397311989,0
784B1955,EAME,2025-09-23,95,off_field,0.16261051369833235,NA
784B1955,EAME,2025-09-23,50,off_field,0.21053463903832453,NA
784B1955,EAME,2025-06-17,95,alfalfa,0.01611032394269734,0
784B1955,EAME,2025-06-17,95,blue_silo,0.10568551386455056,0.7366640130344461
784B1955,EAME,2025-06-17,50,blue_silo,0.1478935825771854,0.7366640130344461
784B1955,EAME,2025-06-17,95,frog,0.02038693530654235,0
784B1955,EAME,2025-06-17,95,horse,0.06962256005825561,0.53862888726881
784B1955,EAME,2025-06-17,50,horse,0.07123674077447191,0.53862888726881
784B1955,EAME,2025-06-17,95,pear_tree,0.01561548587318588,0.00205082035575598
784B1955,EAME,2025-06-17,95,swale,0.07809033711606093,0.3787627375244916
784B1955,EAME,2025-06-17,50,swale,0.05618610881793221,0.3787627375244916
784B1955,EAME,2025-06-17,95,wheat,0.13248645525850936,0.4444742842629299
784B1955,EAME,2025-06-17,50,wheat,0.1118619874751514,0.4444742842629299
784B1955,EAME,2025-06-17,95,quarter,0.13344159476261763,0.9039575289196858
784B1955,EAME,2025-06-17,50,quarter,0.2291414523295615,0.9039575289196858
784B1955,EAME,2025-06-17,95,cat_barn,0.06854644947043427,0.7845259393750762
784B1955,EAME,2025-06-17,50,cat_barn,0.10215430735346756,0.7845259393750762
784B1955,EAME,2025-06-17,95,gi,0.07802519803534859,0.23959541011987637
784B1955,EAME,2025-06-17,50,gi,0.03551221695310619,0.23959541011987637
784B1955,EAME,2025-06-17,95,native_ws,0.02076031051870112,0.31915557869491573
784B1955,EAME,2025-06-17,50,native_ws,0.0125863758606929,0.31915557869491573
784B1955,EAME,2025-06-17,95,cattle,0.01222451567331959,0
784B1955,EAME,2025-06-17,95,wish_well,0.00649223340964932,0
784B1955,EAME,2025-06-17,95,off_field,0.23825429319697727,NA
784B1955,EAME,2025-06-17,50,off_field,0.2333663936960408,NA
784B1955,EAME,2025-07-19,95,frog,0.02103277394697732,0
784B1955,EAME,2025-07-19,95,horse,0.02969759930090588,0.0035925858626643
784B1955,EAME,2025-07-19,95,wheat,0.03998420100790618,0
784B1955,EAME,2025-07-19,95,quarter,0.01958467251516437,0
784B1955,EAME,2025-07-19,95,cat_barn,0.01382887444371826,0
784B1955,EAME,2025-07-19,95,gi,0.02109789411047333,0
784B1955,EAME,2025-07-19,95,appendix,0.02034830333823943,0.18687115262908932
784B1955,EAME,2025-07-19,50,appendix,0.00722154566544226,0.18687115262908932
784B1955,EAME,2025-07-19,95,native_ws,0.1914252440891327,0.9075260427163891
784B1955,EAME,2025-07-19,50,native_ws,0.32992710818144155,0.9075260427163891
784B1955,EAME,2025-07-19,95,cattle,0.04639460829121783,0
784B1955,EAME,2025-07-19,95,wish_well,0.16062729025098904,0.6967083442141386
784B1955,EAME,2025-07-19,50,wish_well,0.21253479441093795,0.6967083442141386
784B1955,EAME,2025-07-19,95,off_field,0.42882568879781,NA
784B1955,EAME,2025-07-19,50,off_field,0.4501139289974265,NA
784B1955,EAME,2025-08-29,95,frog,0.3005786509982767,0.5219575891275546
784B1955,EAME,2025-08-29,50,frog,0.29789863570012265,0.5219575891275546
784B1955,EAME,2025-08-29,95,wheat,0.318799708902428,0.5365486199084879
784B1955,EAME,2025-08-29,50,wheat,0.32478963791497434,0.5365486199084879
784B1955,EAME,2025-08-29,95,quarter,0.0079321665344804,0
784B1955,EAME,2025-08-29,95,cattle,0.3336070412237026,0.5266081050159126
784B1955,EAME,2025-08-29,50,cattle,0.33357839459859207,0.5266081050159126
784B1955,EAME,2025-08-29,95,off_field,0.03849387801217616,NA
784B1955,EAME,2025-08-29,50,off_field,0.0437333317863109,NA
784B1955,EAME,2025-09-04,95,frog,0.2991129780778925,0.6254399315804019
784B1955,EAME,2025-09-04,50,frog,0.35541592245290166,0.6254399315804019
784B1955,EAME,2025-09-04,95,pear_tree,0.01872597826659531,0
784B1955,EAME,2025-09-04,95,wheat,0.5644391444551476,0.6130227015719579
784B1955,EAME,2025-09-04,50,wheat,0.6573697270772383,0.6130227015719579
784B1955,EAME,2025-09-04,95,cattle,0.06112161789348109,0
784B1955,EAME,2025-09-04,95,off_field,0.05341120681005919,NA
784B1955,EAME,2025-09-04,50,off_field,0,NA
784B1955,EAME,2025-09-12,95,frog,0.24704845658967745,0.599880500214792
784B1955,EAME,2025-09-12,50,frog,0.2814244072467598,0.599880500214792
784B1955,EAME,2025-09-12,95,horse,0.05213640198586156,0.00278752428365415
784B1955,EAME,2025-09-12,95,wheat,0.4479929694162912,0.7829113185624925
784B1955,EAME,2025-09-12,50,wheat,0.6660374359255841,0.7829113185624925
784B1955,EAME,2025-09-12,95,quarter,0.12185957407041018,0.26418220649286384
784B1955,EAME,2025-09-12,50,quarter,0.06113333508268599,0.26418220649286384
784B1955,EAME,2025-09-12,95,cattle,0.05486154058296442,0
784B1955,EAME,2025-09-12,95,off_field,0.07117849137078579,NA
784B1955,EAME,2025-09-12,50,off_field,0,NA
784B1955,EAME,2025-07-04,95,blue_silo,0.03466631656627226,0
784B1955,EAME,2025-07-04,95,frog,0.0359300636853721,0.00555597186122534
784B1955,EAME,2025-07-04,95,horse,0.05126556516775377,0
784B1955,EAME,2025-07-04,95,pear_tree,0.03861826556329454,0.28907614438664125
784B1955,EAME,2025-07-04,50,pear_tree,0.02120142775521469,0.28907614438664125
784B1955,EAME,2025-07-04,95,swale,0.00746829654334427,0
784B1955,EAME,2025-07-04,95,wheat,0.5368737742826989,0.8894993489758077
784B1955,EAME,2025-07-04,50,wheat,0.9069386586345168,0.8894993489758077
784B1955,EAME,2025-07-04,95,quarter,0.07579312210424044,0
784B1955,EAME,2025-07-04,95,cattle,0.0685398351849902,0
784B1955,EAME,2025-07-04,95,wish_well,0.02608699168770455,0
784B1955,EAME,2025-07-04,95,off_field,0.11355467070938448,NA
784B1955,EAME,2025-07-04,50,off_field,0.07148079237163316,NA
784B1955,EAME,2025-07-18,95,frog,0.00684512218595592,0
784B1955,EAME,2025-07-18,95,horse,0.00505658322626376,0
784B1955,EAME,2025-07-18,95,gi,0.0053368812314937,0
784B1955,EAME,2025-07-18,95,appendix,0.0151596138684582,0
784B1955,EAME,2025-07-18,95,native_ws,0.1828043102085562,0.3532789351690968
784B1955,EAME,2025-07-18,50,native_ws,0.12258635143855594,0.3532789351690968
784B1955,EAME,2025-07-18,95,cattle,0.00742823701929724,0
784B1955,EAME,2025-07-18,95,wish_well,0.02976686865475386,0
784B1955,EAME,2025-07-18,95,off_field,0.7403755699703998,NA
784B1955,EAME,2025-07-18,50,off_field,0.8774136485614441,NA
784B1955,EAME,2025-07-31,95,frog,0.09626824011101856,0.7546313336185316
784B1955,EAME,2025-07-31,50,frog,0.13797201005120668,0.7546313336185316
784B1955,EAME,2025-07-31,95,horse,0.03136544997621474,0.08886348694711008
784B1955,EAME,2025-07-31,50,horse,0.0052935619268729,0.08886348694711008
784B1955,EAME,2025-07-31,95,pear_tree,0.0612960877663292,0.39365987978800104
784B1955,EAME,2025-07-31,50,pear_tree,0.04582759189636998,0.39365987978800104
784B1955,EAME,2025-07-31,95,wheat,0.3772595983771838,0.994093005575146
784B1955,EAME,2025-07-31,50,wheat,0.7122630927548027,0.994093005575146
784B1955,EAME,2025-07-31,95,quarter,0.04953649994360254,0.3153497494029014
784B1955,EAME,2025-07-31,50,quarter,0.02966818189146826,0.3153497494029014
784B1955,EAME,2025-07-31,95,cat_barn,0.00504727079634329,0
784B1955,EAME,2025-07-31,95,gi,0.00664733801990176,0
784B1955,EAME,2025-07-31,95,native_ws,0.03745356246692984,0
784B1955,EAME,2025-07-31,95,cattle,0.07358301743238,0
784B1955,EAME,2025-07-31,95,wish_well,0.03358435002446409,0
784B1955,EAME,2025-07-31,95,off_field,0.21883165641873664,NA
784B1955,EAME,2025-07-31,50,off_field,0.06897556147927944,NA
784B1955,EAME,2025-08-01,95,frog,0.42313610101432486,0.6259226814329791
784B1955,EAME,2025-08-01,50,frog,0.503028128193914,0.6259226814329791
784B1955,EAME,2025-08-01,95,horse,0.03877310552954361,0.08386954744851756
784B1955,EAME,2025-08-01,50,horse,0.0061762716334556,0.08386954744851756
784B1955,EAME,2025-08-01,95,wheat,0.443303203597532,0.5965646134374181
784B1955,EAME,2025-08-01,50,wheat,0.5022845962980343,0.5965646134374181
784B1955,EAME,2025-08-01,95,quarter,0.02415065424205235,0.04105051121440242
784B1955,EAME,2025-08-01,95,cattle,0.07924240994418172,0
784B1955,EAME,2025-08-01,95,off_field,0,NA
784B1955,EAME,2025-08-01,50,off_field,0,NA
784B1955,EAME,2025-07-02,95,frog,0.15642481305700198,0.46273986378144
784B1955,EAME,2025-07-02,50,frog,0.137439700712756,0.46273986378144
784B1955,EAME,2025-07-02,95,horse,0.27328617669585165,0.514824386709357
784B1955,EAME,2025-07-02,50,horse,0.26714461078541835,0.514824386709357
784B1955,EAME,2025-07-02,95,wheat,0.31943273009189077,0.5264995941896609
784B1955,EAME,2025-07-02,50,wheat,0.31933542263069264,0.5264995941896609
784B1955,EAME,2025-07-02,95,quarter,0.2501439169888715,0.5766152435088633
784B1955,EAME,2025-07-02,50,quarter,0.27387078536090576,0.5766152435088633
784B1955,EAME,2025-07-02,95,off_field,7.123631663841187e-4,NA
784B1955,EAME,2025-07-02,50,off_field,0.00220948051022727,NA
784B1955,EAME,2025-07-17,95,frog,0.04871193375017895,0.17854965643743598
784B1955,EAME,2025-07-17,50,frog,0.01652052881483403,0.17854965643743598
784B1955,EAME,2025-07-17,95,horse,0.03069248941828181,0.01840367465646204
784B1955,EAME,2025-07-17,95,pear_tree,0.01473946289516571,0
784B1955,EAME,2025-07-17,95,wheat,0.10508259396535438,0.2636089824027501
784B1955,EAME,2025-07-17,50,wheat,0.05261632906675484,0.2636089824027501
784B1955,EAME,2025-07-17,95,quarter,0.0190903372753762,0
784B1955,EAME,2025-07-17,95,cat_barn,0.00728089289924497,0
784B1955,EAME,2025-07-17,95,native_ws,0.2004299746820371,0.8973888876793242
784B1955,EAME,2025-07-17,50,native_ws,0.3416433050108827,0.8973888876793242
784B1955,EAME,2025-07-17,95,cattle,0.06019205060349853,0
784B1955,EAME,2025-07-17,95,wish_well,0.16014581408613862,0.7620212979995894
784B1955,EAME,2025-07-17,50,wish_well,0.2317993729375052,0.7620212979995894
784B1955,EAME,2025-07-17,95,off_field,0.3451781320160799,NA
784B1955,EAME,2025-07-17,50,off_field,0.35634754694560805,NA
784B1955,EAME,2025-08-25,95,frog,0.17174227942722026,0.6117020168702841
784B1955,EAME,2025-08-25,50,frog,0.19938099306706963,0.6117020168702841
784B1955,EAME,2025-08-25,95,horse,0.21293931451166048,0.8061371914703804
784B1955,EAME,2025-08-25,50,horse,0.32578525872131375,0.8061371914703804
784B1955,EAME,2025-08-25,95,wheat,0.47715667322358746,0.33780541437423584
784B1955,EAME,2025-08-25,50,wheat,0.3059103900824846,0.33780541437423584
784B1955,EAME,2025-08-25,95,quarter,0.12436774249610633,0.711140209411069
784B1955,EAME,2025-08-25,50,quarter,0.16785319261699078,0.711140209411069
784B1955,EAME,2025-08-25,95,cattle,0.00528417027831118,0
784B1955,EAME,2025-08-25,95,off_field,0.00627291940874942,NA
784B1955,EAME,2025-08-25,50,off_field,0.00107016551214123,NA
784B1955,EAME,2025-06-23,95,frog,0.145353727552824,0.6636229571269566
784B1955,EAME,2025-06-23,50,frog,0.18324374821486689,0.6636229571269566
784B1955,EAME,2025-06-23,95,horse,0.1792665356643565,0.94426767441615
784B1955,EAME,2025-06-23,50,horse,0.3215703067259026,0.94426767441615
784B1955,EAME,2025-06-23,95,wheat,0.16372787152017143,0.14069402193517924
784B1955,EAME,2025-06-23,50,wheat,0.04376025582881984,0.14069402193517924
784B1955,EAME,2025-06-23,95,quarter,0.1560935235200727,0.7815816298700805
784B1955,EAME,2025-06-23,50,quarter,0.23176124700339065,0.7815816298700805
784B1955,EAME,2025-06-23,95,cat_barn,0.02038444353732318,0
784B1955,EAME,2025-06-23,95,native_ws,0.00916302585019577,0
784B1955,EAME,2025-06-23,95,cattle,0.20659762484892055,0.40185638654657513
784B1955,EAME,2025-06-23,50,cattle,0.15771673965876182,0.40185638654657513
784B1955,EAME,2025-06-23,95,wish_well,0.04563475929956205,0.3118447704841761
784B1955,EAME,2025-06-23,50,wish_well,0.0270343431008468,0.3118447704841761
784B1955,EAME,2025-06-23,95,off_field,0.07128695315090876,NA
784B1955,EAME,2025-06-23,50,off_field,0.03491335946741143,NA
784B1955,EAME,2025-07-27,95,blue_silo,0.4121243881807091,0.8431227198060524
784B1955,EAME,2025-07-27,50,blue_silo,0.6593612458291007,0.8431227198060524
784B1955,EAME,2025-07-27,95,bobolink,0.0734100274356256,0.2949467821940764
784B1955,EAME,2025-07-27,50,bobolink,0.04108689845391854,0.2949467821940764
784B1955,EAME,2025-07-27,95,frog,0.01719916169085402,0
784B1955,EAME,2025-07-27,95,horse,0.00534699882852849,0
784B1955,EAME,2025-07-27,95,swale,0.205515177432409,0.4577820020892987
784B1955,EAME,2025-07-27,50,swale,0.17852824033265188,0.4577820020892987
784B1955,EAME,2025-07-27,95,underhill,0.00713875845661299,0
784B1955,EAME,2025-07-27,95,wheat,0.03308662002669507,0
784B1955,EAME,2025-07-27,95,retired,0.05818804452091795,0.379924777541079
784B1955,EAME,2025-07-27,50,retired,0.04195035981089968,0.379924777541079
784B1955,EAME,2025-07-27,95,pond,0.05614163129524446,0
784B1955,EAME,2025-07-27,95,cat_barn,0.01005710604462916,0
784B1955,EAME,2025-07-27,95,off_field,0.11029865563586634,NA
784B1955,EAME,2025-07-27,50,off_field,0.07907325557342915,NA
784B1955,EAME,2025-08-07,95,blue_silo,0.01644827412367112,0
784B1955,EAME,2025-08-07,95,frog,0.06589968745242028,0.0171855143639901
784B1955,EAME,2025-08-07,95,pear_tree,0.2865814505170606,0.6667577058551707
784B1955,EAME,2025-08-07,50,pear_tree,0.3629108341891614,0.6667577058551707
784B1955,EAME,2025-08-07,95,underhill,0.04785092718515874,0
784B1955,EAME,2025-08-07,95,wheat,0.3933511906297615,0.7352808564827363
784B1955,EAME,2025-08-07,50,wheat,0.5493100458951997,0.7352808564827363
784B1955,EAME,2025-08-07,95,quarter,0.01566496300468207,0
784B1955,EAME,2025-08-07,95,retired,0.01586844720051041,0
784B1955,EAME,2025-08-07,95,cattle,0.01801984246435822,0
784B1955,EAME,2025-08-07,95,off_field,0.13202543790775956,NA
784B1955,EAME,2025-08-07,50,off_field,0.0856281729447449,NA
784B1955,EAME,2025-08-10,95,frog,0.3909371856608316,0.6978563460427587
784B1955,EAME,2025-08-10,50,frog,0.5175227237105868,0.6978563460427587
784B1955,EAME,2025-08-10,95,horse,0.00500141171879942,0
784B1955,EAME,2025-08-10,95,wheat,0.4779216117633775,0.5394720937264074
784B1955,EAME,2025-08-10,50,wheat,0.4890824323641807,0.5394720937264074
784B1955,EAME,2025-08-10,95,cattle,0.12747875405111583,0.03324414148938557
784B1955,EAME,2025-08-10,50,cattle,0.00803913536789941,0.03324414148938557
784B1955,EAME,2025-08-10,95,off_field,0,NA
784B1955,EAME,2025-08-10,50,off_field,0,NA
784B1955,EAME,2025-08-12,95,frog,0.2253770645785741,0.550993696428468
784B1955,EAME,2025-08-12,50,frog,0.23540640283595377,0.550993696428468
784B1955,EAME,2025-08-12,95,horse,0.21371769939177235,0.5309135079688425
784B1955,EAME,2025-08-12,50,horse,0.21509295607714,0.5309135079688425
784B1955,EAME,2025-08-12,95,wheat,0.3984079390085951,0.5233691790674108
784B1955,EAME,2025-08-12,50,wheat,0.39527381939825207,0.5233691790674108
784B1955,EAME,2025-08-12,95,quarter,0.14898071471002694,0.5457533615245328
784B1955,EAME,2025-08-12,50,quarter,0.154130431889055,0.5457533615245328
784B1955,EAME,2025-08-12,95,cattle,0.01255498859037034,0
784B1955,EAME,2025-08-12,95,off_field,0,NA
784B1955,EAME,2025-08-12,50,off_field,9.63897995991719e-5,NA
784B1955,EAME,2025-08-18,95,frog,0.3197138345798021,0.7366503076924851
784B1955,EAME,2025-08-18,50,frog,0.44741791664892056,0.7366503076924851
784B1955,EAME,2025-08-18,95,horse,0.01474831514145208,0
784B1955,EAME,2025-08-18,95,wheat,0.4074420040081693,0.6207901759746599
784B1955,EAME,2025-08-18,50,wheat,0.4805086411265617,0.6207901759746599
784B1955,EAME,2025-08-18,95,cattle,0.2355859793819687,0.19240674049658285
784B1955,EAME,2025-08-18,50,cattle,0.0861113286204973,0.19240674049658285
784B1955,EAME,2025-08-18,95,wish_well,0.00560896420738295,0
784B1955,EAME,2025-08-18,95,off_field,0.01225331398298384,NA
784B1955,EAME,2025-08-18,50,off_field,0,NA
784B1955,EAME,2025-08-31,95,frog,0.11441461516589112,0.03755092637526305
784B1955,EAME,2025-08-31,50,frog,0.00815892902172724,0.03755092637526305
784B1955,EAME,2025-08-31,95,horse,0.1433494038530462,0.2122047007715144
784B1955,EAME,2025-08-31,50,horse,0.0577672757045878,0.2122047007715144
784B1955,EAME,2025-08-31,95,wheat,0.5211503168233413,0.6932319504336537
784B1955,EAME,2025-08-31,50,wheat,0.6860765449466087,0.6932319504336537
784B1955,EAME,2025-08-31,95,quarter,0.2188917383940232,0.58837734629393
784B1955,EAME,2025-08-31,50,quarter,0.2445773915682002,0.58837734629393
784B1955,EAME,2025-08-31,95,off_field,0.00219392576369814,NA
784B1955,EAME,2025-08-31,50,off_field,0.00341985875887602,NA
784B1955,EAME,2025-07-01,95,blue_silo,0.04899667597495361,0.00335499462080124
784B1955,EAME,2025-07-01,95,frog,0.05447934503226141,0.5975655582582269
784B1955,EAME,2025-07-01,50,frog,0.06183171365339139,0.5975655582582269
784B1955,EAME,2025-07-01,95,horse,0.1367427970015118,0.9481696646583084
784B1955,EAME,2025-07-01,50,horse,0.24625460613536743,0.9481696646583084
784B1955,EAME,2025-07-01,95,pear_tree,0.03301411498672748,0
784B1955,EAME,2025-07-01,95,swale,0.00742969586798165,0
784B1955,EAME,2025-07-01,95,wheat,0.1443519840188389,0.4450269243462435
784B1955,EAME,2025-07-01,50,wheat,0.12201209698483884,0.4450269243462435
784B1955,EAME,2025-07-01,95,quarter,0.17846245073560585,0.9998498346558604
784B1955,EAME,2025-07-01,50,quarter,0.3389030512135778,0.9998498346558604
784B1955,EAME,2025-07-01,95,cat_barn,0.02098615188645148,0
784B1955,EAME,2025-07-01,95,gi,0.00941952497536293,0
784B1955,EAME,2025-07-01,95,native_ws,0.01686343690521934,0
784B1955,EAME,2025-07-01,95,cattle,0.15006597984480052,0.3369556331834831
784B1955,EAME,2025-07-01,50,cattle,0.09603926256003388,0.3369556331834831
784B1955,EAME,2025-07-01,95,wish_well,0.08405521652535533,0.42590187236929206
784B1955,EAME,2025-07-01,50,wish_well,0.06799360496303582,0.42590187236929206
784B1955,EAME,2025-07-01,95,off_field,0.10317817964569788,NA
784B1955,EAME,2025-07-01,50,off_field,0.0666534505475347,NA
784B1955,EAME,2025-07-10,95,frog,0.23873112747943664,0.7009111219493495
784B1955,EAME,2025-07-10,50,frog,0.3176584816796159,0.7009111219493495
784B1955,EAME,2025-07-10,95,horse,0.23980554637150303,0.7884947963693774
784B1955,EAME,2025-07-10,50,horse,0.3589603751046608,0.7884947963693774
784B1955,EAME,2025-07-10,95,wheat,0.06289205022996654,0.3241429645501904
784B1955,EAME,2025-07-10,50,wheat,0.03870087708777459,0.3241429645501904
784B1955,EAME,2025-07-10,95,quarter,0.16384486189608344,0.37946434508703336
784B1955,EAME,2025-07-10,50,quarter,0.11802995926737568,0.37946434508703336
784B1955,EAME,2025-07-10,95,native_ws,0.01054069856820478,0
784B1955,EAME,2025-07-10,95,cattle,0.1669010940832138,0.5561437829658455
784B1955,EAME,2025-07-10,50,cattle,0.17621169371189058,0.5561437829658455
784B1955,EAME,2025-07-10,95,wish_well,0.04795557629301997,0.0157934714474187
784B1955,EAME,2025-07-10,95,off_field,0.05928322480599423,NA
784B1955,EAME,2025-07-10,50,off_field,0,NA
784B1955,EAME,2025-07-11,95,blue_silo,0.0140501158727685,0
784B1955,EAME,2025-07-11,95,frog,0.04154803584774579,0
784B1955,EAME,2025-07-11,95,horse,0.12590143824116504,0.8805333685083008
784B1955,EAME,2025-07-11,50,horse,0.21061830968651388,0.8805333685083008
784B1955,EAME,2025-07-11,95,swale,0.00650511802940734,0
784B1955,EAME,2025-07-11,95,wheat,0.06020146081985415,0
784B1955,EAME,2025-07-11,95,quarter,0.07345020854136175,0.2960202682777464
784B1955,EAME,2025-07-11,50,quarter,0.04130799294956099,0.2960202682777464
784B1955,EAME,2025-07-11,95,cat_barn,0.03354054963446218,0.13928243437852916
784B1955,EAME,2025-07-11,50,cat_barn,0.00887536325531131,0.13928243437852916
784B1955,EAME,2025-07-11,95,gi,0.01177067194230553,0
784B1955,EAME,2025-07-11,95,native_ws,0.24398619901029403,0.8363768019394473
784B1955,EAME,2025-07-11,50,native_ws,0.3876920121212979,0.8363768019394473
784B1955,EAME,2025-07-11,95,cattle,0.06499966125669378,0.02328046846283566
784B1955,EAME,2025-07-11,95,wish_well,0.17666315327988252,0.7164274124179308
784B1955,EAME,2025-07-11,50,wish_well,0.24045720010243185,0.7164274124179308
784B1955,EAME,2025-07-11,95,off_field,0.1455121428490435,NA
784B1955,EAME,2025-07-11,50,off_field,0.1081742240110466,NA
784B1955,EAME,2025-07-30,95,alfalfa,0.03224300092673571,0
784B1955,EAME,2025-07-30,95,blue_silo,0.3115171722155507,0.6992903257809187
784B1955,EAME,2025-07-30,50,blue_silo,0.4138191248322449,0.6992903257809187
784B1955,EAME,2025-07-30,95,bobolink,0.02856119399319596,0.04232410715080231
784B1955,EAME,2025-07-30,95,swale,0.43859090421595515,0.6201463109397983
784B1955,EAME,2025-07-30,50,swale,0.5166837836170022,0.6201463109397983
784B1955,EAME,2025-07-30,95,pond,0.02629040854742118,0
784B1955,EAME,2025-07-30,95,cat_barn,0.02494916366986743,0
784B1955,EAME,2025-07-30,95,gi,0.02758122359353086,0
784B1955,EAME,2025-07-30,95,off_field,0.10402864512637187,NA
784B1955,EAME,2025-07-30,50,off_field,0.06720075673627916,NA
784B1955,EAME,2025-08-02,95,frog,0.44919352761854625,0.7255847332259655
784B1955,EAME,2025-08-02,50,frog,0.6191009705119345,0.7255847332259655
784B1955,EAME,2025-08-02,95,wheat,0.3511250592967905,0.5264754987431931
784B1955,EAME,2025-08-02,50,wheat,0.3511396313187211,0.5264754987431931
784B1955,EAME,2025-08-02,95,cattle,0.1890656220521529,0.1312295428038184
784B1955,EAME,2025-08-02,50,cattle,0.0471285461162217,0.1312295428038184
784B1955,EAME,2025-08-02,95,off_field,0.00433636013573555,NA
784B1955,EAME,2025-08-02,50,off_field,0,NA
784B1955,EAME,2025-08-03,95,frog,0.34016188169368217,0.6257218140343856
784B1955,EAME,2025-08-03,50,frog,0.4041472031749788,0.6257218140343856
784B1955,EAME,2025-08-03,95,wheat,0.4233831287220636,0.6923356946896546
784B1955,EAME,2025-08-03,50,wheat,0.5565739911126302,0.6923356946896546
784B1955,EAME,2025-08-03,95,cattle,0.21606990132948237,0.05728875317907782
784B1955,EAME,2025-08-03,50,cattle,0.02350370246903218,0.05728875317907782
784B1955,EAME,2025-08-03,95,off_field,0.02038508825477183,NA
784B1955,EAME,2025-08-03,50,off_field,0.01577510324335882,NA
784B1955,EAME,2025-08-15,95,frog,0.30998904674363414,0.5688758367727226
784B1955,EAME,2025-08-15,50,frog,0.33451778810750404,0.5688758367727226
784B1955,EAME,2025-08-15,95,wheat,0.5681971071542699,0.6314327004280071
784B1955,EAME,2025-08-15,50,wheat,0.6805835817788304,0.6314327004280071
784B1955,EAME,2025-08-15,95,cattle,0.12978280876614282,0
784B1955,EAME,2025-08-15,95,off_field,0,NA
784B1955,EAME,2025-08-15,50,off_field,0,NA
784B1955,EAME,2025-08-22,95,frog,0.24162078608624948,0.6845031406357672
784B1955,EAME,2025-08-22,50,frog,0.3139409449849983,0.6845031406357672
784B1955,EAME,2025-08-22,95,horse,0.01974088346306696,0
784B1955,EAME,2025-08-22,95,wheat,0.5136507267177223,0.7118186000015788
784B1955,EAME,2025-08-22,50,wheat,0.6940255550359068,0.7118186000015788
784B1955,EAME,2025-08-22,95,quarter,0.00686686758376293,0
784B1955,EAME,2025-08-22,95,native_ws,0.05181594031426317,0
784B1955,EAME,2025-08-22,95,cattle,0.06376967857822625,0
784B1955,EAME,2025-08-22,95,wish_well,0.04044682973511527,0
784B1955,EAME,2025-08-22,95,off_field,0.05818159493029129,NA
784B1955,EAME,2025-08-22,50,off_field,0,NA
784B1955,EAME,2025-08-27,95,frog,0.03587646402360042,0.07945161297313942
784B1955,EAME,2025-08-27,50,frog,0.00540639656696357,0.07945161297313942
784B1955,EAME,2025-08-27,95,horse,0.39149831374184063,0.7419600822031538
784B1955,EAME,2025-08-27,50,horse,0.550942130653027,0.7419600822031538
784B1955,EAME,2025-08-27,95,wheat,0.3289024152625343,0.2354338818444133
784B1955,EAME,2025-08-27,50,wheat,0.14686948560277016,0.2354338818444133
784B1955,EAME,2025-08-27,95,quarter,0.2268260145608878,0.6735103329929037
784B1955,EAME,2025-08-27,50,quarter,0.2897561569253865,0.6735103329929037
784B1955,EAME,2025-08-27,95,off_field,0.01689638479223734,NA
784B1955,EAME,2025-08-27,50,off_field,0.00702583025185279,NA
784B1955,EAME,2025-06-20,95,frog,0.05039841348807464,0.00612237291016686
784B1955,EAME,2025-06-20,95,horse,0.26706861205723575,0.7648427172537218
784B1955,EAME,2025-06-20,50,horse,0.38800713142910503,0.7648427172537218
784B1955,EAME,2025-06-20,95,wheat,0.16908462900596824,0.02811605882763014
784B1955,EAME,2025-06-20,50,wheat,0.00903032321519255,0.02811605882763014
784B1955,EAME,2025-06-20,95,quarter,0.3583951551716331,0.7432509804102685
784B1955,EAME,2025-06-20,50,quarter,0.5059904774035596,0.7432509804102685
784B1955,EAME,2025-06-20,95,cat_barn,0.02639578504852571,0
784B1955,EAME,2025-06-20,95,gi,0.00532067000240825,0
784B1955,EAME,2025-06-20,95,native_ws,0.02643368622237663,0
784B1955,EAME,2025-06-20,95,off_field,0.09593405917584694,NA
784B1955,EAME,2025-06-20,50,off_field,0.09638595493519787,NA
784B1955,EAME,2025-07-09,95,blue_silo,0.03372946565465978,0
784B1955,EAME,2025-07-09,95,frog,0.06255203217820073,0.776141799711164
784B1955,EAME,2025-07-09,50,frog,0.09217641194607194,0.776141799711164
784B1955,EAME,2025-07-09,95,horse,0.07886280409230216,1
784B1955,EAME,2025-07-09,50,horse,0.1497302387126983,1
784B1955,EAME,2025-07-09,95,pear_tree,0.02843514893450117,0
784B1955,EAME,2025-07-09,95,swale,0.0175088024338473,0
784B1955,EAME,2025-07-09,95,wheat,0.14695347958612093,0.7580671612911926
784B1955,EAME,2025-07-09,50,wheat,0.21150705567169384,0.7580671612911926
784B1955,EAME,2025-07-09,95,quarter,0.0836840908320741,0.9601290248815588
784B1955,EAME,2025-07-09,50,quarter,0.15254915376298164,0.9601290248815588
784B1955,EAME,2025-07-09,95,cat_barn,0.03059648149442096,0.14182440054352857
784B1955,EAME,2025-07-09,50,cat_barn,0.00823872003879885,0.14182440054352857
784B1955,EAME,2025-07-09,95,gi,0.03494764571226852,0
784B1955,EAME,2025-07-09,95,appendix,0.00815617537455919,0
784B1955,EAME,2025-07-09,95,native_ws,0.1004525497529902,0.6295560390448671
784B1955,EAME,2025-07-09,50,native_ws,0.12006948862580571,0.6295560390448671
784B1955,EAME,2025-07-09,95,cattle,0.08351932150792825,0.4279736532744069
784B1955,EAME,2025-07-09,50,cattle,0.06786428744458872,0.4279736532744069
784B1955,EAME,2025-07-09,95,wish_well,0.1043264754318164,0.683259726323137
784B1955,EAME,2025-07-09,50,wish_well,0.1353373473744551,0.683259726323137
784B1955,EAME,2025-07-09,95,off_field,0.17729889108530592,NA
784B1955,EAME,2025-07-09,50,off_field,0.06252729642290589,NA
784B1955,EAME,2025-08-14,95,frog,0.3131939271099479,0.6605653225912674
784B1955,EAME,2025-08-14,50,frog,0.3928434984096113,0.6605653225912674
784B1955,EAME,2025-08-14,95,wheat,0.4896213362345715,0.6421585541730208
784B1955,EAME,2025-08-14,50,wheat,0.5970257646143995,0.6421585541730208
784B1955,EAME,2025-08-14,95,cattle,0.19513856155960888,0.06662438583698692
784B1955,EAME,2025-08-14,50,cattle,0.02468691288141248,0.06662438583698692
784B1955,EAME,2025-08-14,95,off_field,6.49060980785185e-4,NA
784B1955,EAME,2025-08-14,50,off_field,0,NA
784B1955,EAME,2025-06-24,95,frog,0.18987787096697195,0.8315334012634531
784B1955,EAME,2025-06-24,50,frog,0.2999733898298044,0.8315334012634531
784B1955,EAME,2025-06-24,95,horse,0.13202954715113155,0.5663502700256103
784B1955,EAME,2025-06-24,50,horse,0.14206428967835852,0.5663502700256103
784B1955,EAME,2025-06-24,95,wheat,0.3020729888805744,0.6285536711725334
784B1955,EAME,2025-06-24,50,wheat,0.36073056220850186,0.6285536711725334
784B1955,EAME,2025-06-24,95,quarter,0.16882837749849194,0.5593040363848085
784B1955,EAME,2025-06-24,50,quarter,0.1793998513743408,0.5593040363848085
784B1955,EAME,2025-06-24,95,cattle,0.14911315915395468,0.07993054111892961
784B1955,EAME,2025-06-24,50,cattle,0.02264422195305998,0.07993054111892961
784B1955,EAME,2025-06-24,95,wish_well,0.02106156738329031,0
784B1955,EAME,2025-06-24,95,off_field,0.03092587042414537,NA
784B1955,EAME,2025-06-24,50,off_field,0,NA
784B1955,EAME,2025-07-07,95,blue_silo,0.01572585003028098,0
784B1955,EAME,2025-07-07,95,frog,0.16104750798010342,0.6236810587545015
784B1955,EAME,2025-07-07,50,frog,0.19084190002038423,0.6236810587545015
784B1955,EAME,2025-07-07,95,horse,0.04840386598573083,0
784B1955,EAME,2025-07-07,95,pear_tree,0.02047100890202531,0
784B1955,EAME,2025-07-07,95,wheat,0.5015549470369028,0.8545671300483757
784B1955,EAME,2025-07-07,50,wheat,0.8143701949471255,0.8545671300483757
784B1955,EAME,2025-07-07,95,quarter,0.04716750361058067,0
784B1955,EAME,2025-07-07,95,cat_barn,0.01251884651098661,0
784B1955,EAME,2025-07-07,95,gi,0.00551752105531786,0
784B1955,EAME,2025-07-07,95,native_ws,0.01482798276141568,0
784B1955,EAME,2025-07-07,95,cattle,0.06410286635465592,0
784B1955,EAME,2025-07-07,95,wish_well,0.04661005048600163,0
784B1955,EAME,2025-07-07,95,off_field,0.05855132624224583,NA
784B1955,EAME,2025-07-07,50,off_field,0,NA
784B1955,EAME,2025-06-19,95,blue_silo,0.0177172797740338,0
784B1955,EAME,2025-06-19,95,frog,0.00780737767605144,9.487110232565791e-4
784B1955,EAME,2025-06-19,95,horse,0.07172993080856474,0.9649285033741272
784B1955,EAME,2025-06-19,50,horse,0.1315078608048161,0.9649285033741272
784B1955,EAME,2025-06-19,95,pear_tree,0.05902925117629459,0.2957476652776989
784B1955,EAME,2025-06-19,50,pear_tree,0.0331699460251715,0.2957476652776989
784B1955,EAME,2025-06-19,95,underhill,0.01882750379519277,0
784B1955,EAME,2025-06-19,95,wheat,0.02130198125472857,0
784B1955,EAME,2025-06-19,95,quarter,0.058043843470396,0.8187264613013626
784B1955,EAME,2025-06-19,50,quarter,0.09029239136282594,0.8187264613013626
784B1955,EAME,2025-06-19,95,retired,0.00505438854535364,0
784B1955,EAME,2025-06-19,95,cat_barn,0.06604121572361224,0.9670860282085249
784B1955,EAME,2025-06-19,50,cat_barn,0.12134903704119084,0.9670860282085249
784B1955,EAME,2025-06-19,95,gi,0.09523897997930551,0.7701765621848684
784B1955,EAME,2025-06-19,50,gi,0.13936740049325028,0.7701765621848684
784B1955,EAME,2025-06-19,95,native_ws,0.07292422287090543,0.8469175471494728
784B1955,EAME,2025-06-19,50,native_ws,0.11734622060340484,0.8469175471494728
784B1955,EAME,2025-06-19,95,cattle,0.04667341535216589,0.00669541888188409
784B1955,EAME,2025-06-19,95,wish_well,0.04144772018129836,0.5502826454177034
784B1955,EAME,2025-06-19,50,wish_well,0.04333538205469169,0.5502826454177034
784B1955,EAME,2025-06-19,95,off_field,0.4101385589660378,NA
784B1955,EAME,2025-06-19,50,off_field,0.32302393850247196,NA
784B1955,EAME,2025-07-15,95,blue_silo,0.01192326412909994,0
784B1955,EAME,2025-07-15,95,frog,0.19747266863436588,0.92183197878897
784B1955,EAME,2025-07-15,50,frog,0.34573283470507477,0.92183197878897
784B1955,EAME,2025-07-15,95,horse,0.09328387805220992,0.6527187370242353
784B1955,EAME,2025-07-15,50,horse,0.11564171777296116,0.6527187370242353
784B1955,EAME,2025-07-15,95,wheat,0.1122062077875528,0.3906100353781561
784B1955,EAME,2025-07-15,50,wheat,0.08324193048515442,0.3906100353781561
784B1955,EAME,2025-07-15,95,quarter,0.08847484635846721,0.22865626067175449
784B1955,EAME,2025-07-15,50,quarter,0.03842242539237288,0.22865626067175449
784B1955,EAME,2025-07-15,95,cat_barn,0.01718637021498666,0
784B1955,EAME,2025-07-15,95,gi,0.00773218214407328,0
784B1955,EAME,2025-07-15,95,appendix,0.00528981367152873,0
784B1955,EAME,2025-07-15,95,native_ws,0.03557633681131414,0
784B1955,EAME,2025-07-15,95,cattle,0.28266866680638614,0.7799378969412653
784B1955,EAME,2025-07-15,50,cattle,0.418715999059942,0.7799378969412653
784B1955,EAME,2025-07-15,95,wish_well,0.08733541102904097,0.04999556280408843
784B1955,EAME,2025-07-15,50,wish_well,0.00829284774703545,0.04999556280408843
784B1955,EAME,2025-07-15,95,off_field,0.05840873494926243,NA
784B1955,EAME,2025-07-15,50,off_field,0,NA
784B1955,EAME,2025-07-29,95,blue_silo,0.6136738925328679,0.6465677740816452
784B1955,EAME,2025-07-29,50,blue_silo,0.7516529458875606,0.6465677740816452
784B1955,EAME,2025-07-29,95,frog,0.00700367812190029,0
784B1955,EAME,2025-07-29,95,swale,0.26985067098118765,0.33989601329402935
784B1955,EAME,2025-07-29,50,swale,0.1737541692800517,0.33989601329402935
784B1955,EAME,2025-07-29,95,wheat,0.01367503782439638,0
784B1955,EAME,2025-07-29,95,retired,0.00980044304012544,0
784B1955,EAME,2025-07-29,95,off_field,0.07257842864372743,NA
784B1955,EAME,2025-07-29,50,off_field,0.07459288483238773,NA
784B1955,EAME,2025-08-24,95,frog,0.31370862886048123,0.5613970490058934
784B1955,EAME,2025-08-24,50,frog,0.33372839298858803,0.5613970490058934
784B1955,EAME,2025-08-24,95,pear_tree,0.00523793549110407,0
784B1955,EAME,2025-08-24,95,wheat,0.608955455389994,0.5851840280088028
784B1955,EAME,2025-08-24,50,wheat,0.6752654921679793,0.5851840280088028
784B1955,EAME,2025-08-24,95,cattle,0.06249593860496751,0
784B1955,EAME,2025-08-24,95,wish_well,0.00620267185816925,0
784B1955,EAME,2025-08-24,95,off_field,0,NA
784B1955,EAME,2025-08-24,50,off_field,0,NA
784B1955,EAME,2025-06-22,95,blue_silo,0.0086796542117297,0
784B1955,EAME,2025-06-22,95,frog,0.14662917831200548,0.6905387597528776
784B1955,EAME,2025-06-22,50,frog,0.19237764522963585,0.6905387597528776
784B1955,EAME,2025-06-22,95,horse,0.23730578536991617,0.8011279815032467
784B1955,EAME,2025-06-22,50,horse,0.3612071764602165,0.8011279815032467
784B1955,EAME,2025-06-22,95,wheat,0.10909838512767996,0.2604252956709173
784B1955,EAME,2025-06-22,50,wheat,0.05398183350100764,0.2604252956709173
784B1955,EAME,2025-06-22,95,quarter,0.1881244656739057,0.6855872099475707
784B1955,EAME,2025-06-22,50,quarter,0.24504967429236388,0.6855872099475707
784B1955,EAME,2025-06-22,95,cat_barn,0.03288671564842348,0.10780059861871698
784B1955,EAME,2025-06-22,50,cat_barn,0.00673577883552385,0.10780059861871698
784B1955,EAME,2025-06-22,95,native_ws,0.01937698594291783,0
784B1955,EAME,2025-06-22,95,cattle,0.1062718614068138,0.05491093624063939
784B1955,EAME,2025-06-22,50,cattle,0.01108723567896413,0.05491093624063939
784B1955,EAME,2025-06-22,95,wish_well,0.05337578643061631,0
784B1955,EAME,2025-06-22,95,off_field,0.09490968741569744,NA
784B1955,EAME,2025-06-22,50,off_field,0.12956065600228817,NA
784B1955,EAME,2025-06-26,95,frog,0.2084392847054364,0.5855714763057932
784B1955,EAME,2025-06-26,50,frog,0.23168388515511393,0.5855714763057932
784B1955,EAME,2025-06-26,95,horse,0.24225740799491496,0.5795915745656461
784B1955,EAME,2025-06-26,50,horse,0.26652347636896134,0.5795915745656461
784B1955,EAME,2025-06-26,95,wheat,0.30482167871910815,0.4514439314967495
784B1955,EAME,2025-06-26,50,wheat,0.26120772063818,0.4514439314967495
784B1955,EAME,2025-06-26,95,quarter,0.22371240775531295,0.5656112833835478
784B1955,EAME,2025-06-26,50,quarter,0.24018422282521265,0.5656112833835478
784B1955,EAME,2025-06-26,95,cattle,0.00908308302683133,0
784B1955,EAME,2025-06-26,95,off_field,0.00838369252083493,NA
784B1955,EAME,2025-06-26,50,off_field,4.006950125320896e-4,NA
784B1955,EAME,2025-06-27,95,frog,0.1843797564010404,0.5420713444208123
784B1955,EAME,2025-06-27,50,frog,0.1896711048608983,0.5420713444208123
784B1955,EAME,2025-06-27,95,horse,0.25470356164026875,0.5276625804090194
784B1955,EAME,2025-06-27,50,horse,0.25504851682994484,0.5276625804090194
784B1955,EAME,2025-06-27,95,wheat,0.3549444410197633,0.5427195703514103
784B1955,EAME,2025-06-27,50,wheat,0.36556730636448914,0.5427195703514103
784B1955,EAME,2025-06-27,95,quarter,0.18494187609388535,0.5400467804054945
784B1955,EAME,2025-06-27,50,quarter,0.18953880040407653,0.5400467804054945
784B1955,EAME,2025-06-27,95,cattle,0.01292148671035745,0
784B1955,EAME,2025-06-27,95,wish_well,0.00854857698427603,0
784B1955,EAME,2025-06-27,95,off_field,0,NA
784B1955,EAME,2025-06-27,50,off_field,1.742715405912195e-4,NA
784B1955,EAME,2025-07-13,95,alfalfa,0.0156719747137445,0.02555414163125317
784B1955,EAME,2025-07-13,95,blue_silo,0.09036111885277497,0.8029574637676457
784B1955,EAME,2025-07-13,50,blue_silo,0.13781531006254008,0.8029574637676457
784B1955,EAME,2025-07-13,95,frog,0.01945796870837307,0.11604244243485087
784B1955,EAME,2025-07-13,95,horse,0.03375456330857532,0.9851429076403272
784B1955,EAME,2025-07-13,50,horse,0.06316188117296316,0.9851429076403272
784B1955,EAME,2025-07-13,95,pear_tree,0.04655849677046355,0.43761218673724533
784B1955,EAME,2025-07-13,50,pear_tree,0.03870006416787583,0.43761218673724533
784B1955,EAME,2025-07-13,95,swale,0.05413308298161942,0.5360276970256581
784B1955,EAME,2025-07-13,50,swale,0.05511544519440466,0.5360276970256581
784B1955,EAME,2025-07-13,95,underhill,0.01502950443882961,0
784B1955,EAME,2025-07-13,95,wheat,0.07031754592874971,0.5619988229862428
784B1955,EAME,2025-07-13,50,wheat,0.075062398754673465,0.5619988229862428
784B1955,EAME,2025-07-13,95,quarter,0.05479590704580158,1
784B1955,EAME,2025-07-13,50,quarter,0.10408099795693436,1
784B1955,EAME,2025-07-13,95,retired,0.013225214331765,0.6084232343182705
784B1955,EAME,2025-07-13,50,retired,0.01528381727751954,0.6084232343182705
784B1955,EAME,2025-07-13,95,piano,0.0065007464608242,0
784B1955,EAME,2025-07-13,95,cat_barn,0.03403789246963051,1
784B1955,EAME,2025-07-13,50,cat_barn,0.06465259921017044,1
784B1955,EAME,2025-07-13,95,gi,0.07593601790018027,0.8008065327190299
784B1955,EAME,2025-07-13,50,gi,0.1155044598931835,0.8008065327190299
784B1955,EAME,2025-07-13,95,appendix,0.03278133371022595,0.20111954084305805
784B1955,EAME,2025-07-13,50,appendix,0.01252287988963371,0.20111954084305805
784B1955,EAME,2025-07-13,95,native_ws,0.04987243420682325,0.7084316533917464
784B1955,EAME,2025-07-13,50,native_ws,0.06710916746594908,0.7084316533917464
784B1955,EAME,2025-07-13,95,cattle,0.03525049271994519,0.02497704470925833
784B1955,EAME,2025-07-13,95,wish_well,0.03859786649734133,0.3285523905626094
784B1955,EAME,2025-07-13,50,wish_well,0.02408747398193116,0.3285523905626094
784B1955,EAME,2025-07-13,95,off_field,0.30872814052533265,NA
784B1955,EAME,2025-07-13,50,off_field,0.21663260509127585,NA
784B1955,EAME,2025-07-22,95,blue_silo,0.10852699818558274,0
784B1955,EAME,2025-07-22,95,horse,0.095013431978567,0.6851063181706197
784B1955,EAME,2025-07-22,50,horse,0.12364776550134256,0.6851063181706197
784B1955,EAME,2025-07-22,95,swale,0.01344900031439413,0
784B1955,EAME,2025-07-22,95,quarter,0.05280244706128544,0.00780897237550379
784B1955,EAME,2025-07-22,95,cat_barn,0.01682948476207744,0
784B1955,EAME,2025-07-22,95,native_ws,0.36198642874246784,0.8328907851209741
784B1955,EAME,2025-07-22,50,native_ws,0.5726953278747418,0.8328907851209741
784B1955,EAME,2025-07-22,95,wish_well,0.15206781364520977,0.604898717842365
784B1955,EAME,2025-07-22,50,wish_well,0.17472830346084856,0.604898717842365
784B1955,EAME,2025-07-22,95,off_field,0.19233758519826097,NA
784B1955,EAME,2025-07-22,50,off_field,0.12814536970641277,NA
784B1955,EAME,2025-08-04,95,frog,0.3007276452080777,0.5470078083182912
784B1955,EAME,2025-08-04,50,frog,0.3123396084193107,0.5470078083182912
784B1955,EAME,2025-08-04,95,wheat,0.5412577170024816,0.6807827182602769
784B1955,EAME,2025-08-04,50,wheat,0.699637059898342,0.6807827182602769
784B1955,EAME,2025-08-04,95,cattle,0.15545216521234237,0
784B1955,EAME,2025-08-04,95,off_field,0.00127096400937827,NA
784B1955,EAME,2025-08-04,50,off_field,0,NA
784B1955,EAME,2025-08-11,95,frog,0.3245466879746354,0.6794824495822259
784B1955,EAME,2025-08-11,50,frog,0.41895694813327455,0.6794824495822259
784B1955,EAME,2025-08-11,95,horse,0.01600322457257123,0
784B1955,EAME,2025-08-11,95,wheat,0.4879210327194424,0.6402450201132459
784B1955,EAME,2025-08-11,50,wheat,0.5934849643461003,0.6402450201132459
784B1955,EAME,2025-08-11,95,quarter,0.0124522844680061,0
784B1955,EAME,2025-08-11,95,cattle,0.14347490369284835,0
784B1955,EAME,2025-08-11,95,wish_well,0.00685260040861266,0
784B1955,EAME,2025-08-11,95,off_field,0.00788101551777029,NA
784B1955,EAME,2025-08-11,50,off_field,0,NA
784B1955,EAME,2025-08-13,95,frog,0.20306999962982256,0.6822507781620242
784B1955,EAME,2025-08-13,50,frog,0.26322648472148813,0.6822507781620242
784B1955,EAME,2025-08-13,95,horse,0.11342838683234524,0.4351815437979919
784B1955,EAME,2025-08-13,50,horse,0.09378470148660822,0.4351815437979919
784B1955,EAME,2025-08-13,95,wheat,0.3892523111768228,0.6759887176794501
784B1955,EAME,2025-08-13,50,wheat,0.4999314099861102,0.6759887176794501
784B1955,EAME,2025-08-13,95,quarter,0.15262316233372775,0.49986093424716127
784B1955,EAME,2025-08-13,50,quarter,0.14494706327242393,0.49986093424716127
784B1955,EAME,2025-08-13,95,native_ws,0.016654218437865,0
784B1955,EAME,2025-08-13,95,cattle,0.08428493287867622,0
784B1955,EAME,2025-08-13,95,wish_well,0.02122866500788987,0
784B1955,EAME,2025-08-13,95,off_field,0.01726857098104502,NA
784B1955,EAME,2025-08-13,50,off_field,0,NA
784B1955,EAME,2025-08-23,95,frog,0.00975688727675508,0
784B1955,EAME,2025-08-23,95,horse,0.04844558077227692,0.2117149945349508
784B1955,EAME,2025-08-23,50,horse,0.0194697669399669,0.2117149945349508
784B1955,EAME,2025-08-23,95,wheat,0.00807050560357602,0
784B1955,EAME,2025-08-23,95,quarter,0.01982378584536531,0
784B1955,EAME,2025-08-23,95,cat_barn,0.00975424368966885,0
784B1955,EAME,2025-08-23,95,gi,0.01299253405193122,0
784B1955,EAME,2025-08-23,95,appendix,0.01505491837605799,0
784B1955,EAME,2025-08-23,95,native_ws,0.21539172584783528,0.8735600965027607
784B1955,EAME,2025-08-23,50,native_ws,0.3571714791258064,0.8735600965027607
784B1955,EAME,2025-08-23,95,cattle,0.07457368171959107,0.03663139736411133
784B1955,EAME,2025-08-23,50,cattle,0.00518554060443,0.03663139736411133
784B1955,EAME,2025-08-23,95,wish_well,0.2326348055400569,0.8287429077643601
784B1955,EAME,2025-08-23,50,wish_well,0.36597337020215176,0.8287429077643601
784B1955,EAME,2025-08-23,95,off_field,0.346284470152195,NA
784B1955,EAME,2025-08-23,50,off_field,0.252199843127645,NA
784B1955,EAME,2025-09-13,95,frog,0.20236647733370464,0.3843847678190247
784B1955,EAME,2025-09-13,50,frog,0.14773445138123945,0.3843847678190247
784B1955,EAME,2025-09-13,95,wheat,0.619304919434397,0.7295677576816656
784B1955,EAME,2025-09-13,50,wheat,0.8581183816213599,0.7295677576816656
784B1955,EAME,2025-09-13,95,quarter,0.01908569045586464,3.9453411557153985e-4
784B1955,EAME,2025-09-13,95,cattle,0.01377848199485104,0
784B1955,EAME,2025-09-13,95,off_field,0.14503621893596555,NA
784B1955,EAME,2025-09-13,50,off_field,0,NA
784B1955,EAME,2025-07-05,95,blue_silo,0.03846575770865387,0.00655753375391198
784B1955,EAME,2025-07-05,95,frog,0.07044810065764491,0.710402534655936
784B1955,EAME,2025-07-05,50,frog,0.09508635143080392,0.710402534655936
784B1955,EAME,2025-07-05,95,horse,0.06993142002187587,0.9937783137966169
784B1955,EAME,2025-07-05,50,horse,0.13204022473641353,0.9937783137966169
784B1955,EAME,2025-07-05,95,pear_tree,0.03752219572130506,0
784B1955,EAME,2025-07-05,95,swale,0.01974411333775243,1.5719002440684634e-4
784B1955,EAME,2025-07-05,95,wheat,0.17289472822053575,0.7308737031582327
784B1955,EAME,2025-07-05,50,wheat,0.2400869087902911,0.7308737031582327
784B1955,EAME,2025-07-05,95,quarter,0.09121541254924471,0.9308154664752044
784B1955,EAME,2025-07-05,50,quarter,0.16131554140303692,0.9308154664752044
784B1955,EAME,2025-07-05,95,cat_barn,0.06797586507860638,0.971605264159755
784B1955,EAME,2025-07-05,50,cat_barn,0.12548418513189033,0.971605264159755
784B1955,EAME,2025-07-05,95,gi,0.0560869188043506,0.33468819581641096
784B1955,EAME,2025-07-05,50,gi,0.03566534012442946,0.33468819581641096
784B1955,EAME,2025-07-05,95,native_ws,0.06698200450538976,0.5091367038629613
784B1955,EAME,2025-07-05,50,native_ws,0.06479432040711086,0.5091367038629613
784B1955,EAME,2025-07-05,95,cattle,0.08519583916006043,0.01087607347190051
784B1955,EAME,2025-07-05,95,wish_well,0.06205048566234248,0.1234945836967061
784B1955,EAME,2025-07-05,50,wish_well,0.01455919919206756,0.1234945836967061
784B1955,EAME,2025-07-05,95,off_field,0.15354152426351583,NA
784B1955,EAME,2025-07-05,50,off_field,0.12872228985178125,NA
784B1955,EAME,2025-07-08,95,frog,0.2600437559508063,0.9305455150535746
784B1955,EAME,2025-07-08,50,frog,0.45936154075118946,0.9305455150535746
784B1955,EAME,2025-07-08,95,horse,0.03969293367679,0
784B1955,EAME,2025-07-08,95,wheat,0.32663353338932716,0.6996109665322318
784B1955,EAME,2025-07-08,50,wheat,0.4337984129567953,0.6996109665322318
784B1955,EAME,2025-07-08,95,quarter,0.02057046004218567,0
784B1955,EAME,2025-07-08,95,native_ws,0.01327729290010437,0
784B1955,EAME,2025-07-08,95,cattle,0.1688481165773889,0.30621717509403384
784B1955,EAME,2025-07-08,50,cattle,0.0981513659036445,0.30621717509403384
784B1955,EAME,2025-07-08,95,wish_well,0.03673387628690239,0
784B1955,EAME,2025-07-08,95,off_field,0.12558375594841287,NA
784B1955,EAME,2025-07-08,50,off_field,0.00868868038837075,NA
784B1955,EAME,2025-07-24,95,frog,0.3134272748857904,0.8670395117675929
784B1955,EAME,2025-07-24,50,frog,0.5159311821062367,0.8670395117675929
784B1955,EAME,2025-07-24,95,horse,0.13982894316673233,0.6643623206385754
784B1955,EAME,2025-07-24,50,horse,0.1763673419404609,0.6643623206385754
784B1955,EAME,2025-07-24,95,wheat,0.1878444280012062,0.3123585829908939
784B1955,EAME,2025-07-24,50,wheat,0.11139555513805093,0.3123585829908939
784B1955,EAME,2025-07-24,95,quarter,0.00665175179132966,0
784B1955,EAME,2025-07-24,95,native_ws,0.06968388773489494,0.05346394142399788
784B1955,EAME,2025-07-24,50,native_ws,0.00707309425818423,0.05346394142399788
784B1955,EAME,2025-07-24,95,cattle,0.09231264112019598,0.5187442723046879
784B1955,EAME,2025-07-24,50,cattle,0.0909139635585408,0.5187442723046879
784B1955,EAME,2025-07-24,95,wish_well,0.08734845097053473,0.3954029187959534
784B1955,EAME,2025-07-24,50,wish_well,0.0655709052577061,0.3954029187959534
784B1955,EAME,2025-07-24,95,off_field,0.10256916204015572,NA
784B1955,EAME,2025-07-24,50,off_field,0.03274795774082043,NA
784B1955,EAME,2025-08-05,95,frog,0.07540516154065763,0
784B1955,EAME,2025-08-05,95,pear_tree,0.3502543197041893,0.6725775092312755
784B1955,EAME,2025-08-05,50,pear_tree,0.44708849684850166,0.6725775092312755
784B1955,EAME,2025-08-05,95,wheat,0.4416262059733933,0.5163005562285088
784B1955,EAME,2025-08-05,50,wheat,0.4327380509023034,0.5163005562285088
784B1955,EAME,2025-08-05,95,cattle,0.01642732420640236,0
784B1955,EAME,2025-08-05,95,off_field,0.11005195888871938,NA
784B1955,EAME,2025-08-05,50,off_field,0.120173452249195,NA
784B1955,EAME,2025-08-19,95,frog,0.28565409637701616,0.8142372675970138
784B1955,EAME,2025-08-19,50,frog,0.44161790650902777,0.8142372675970138
784B1955,EAME,2025-08-19,95,horse,0.03299354455962763,0
784B1955,EAME,2025-08-19,95,wheat,0.40473812720075886,0.6522006502402539
784B1955,EAME,2025-08-19,50,wheat,0.501199451896814,0.6522006502402539
784B1955,EAME,2025-08-19,95,quarter,0.00787611226371564,0
784B1955,EAME,2025-08-19,95,cattle,0.22770378110489792,0.1653869036499236
784B1955,EAME,2025-08-19,50,cattle,0.07150338482469897,0.1653869036499236
784B1955,EAME,2025-08-19,95,wish_well,0.00996695035457386,0
784B1955,EAME,2025-08-19,95,off_field,0.02636187416858131,NA
784B1955,EAME,2025-08-19,50,off_field,0,NA
784B1955,EAME,2025-06-28,95,blue_silo,0.04663154172499215,0
784B1955,EAME,2025-06-28,95,frog,0.09684501943527744,0.6531208884863334
784B1955,EAME,2025-06-28,50,frog,0.1201484794750521,0.6531208884863334
784B1955,EAME,2025-06-28,95,horse,0.11935349061512349,0.8793364155039629
784B1955,EAME,2025-06-28,50,horse,0.19935980408341944,0.8793364155039629
784B1955,EAME,2025-06-28,95,pear_tree,0.04552590302910152,0
784B1955,EAME,2025-06-28,95,swale,0.00947459349748894,0
784B1955,EAME,2025-06-28,95,wheat,0.23918630777646327,0.718724021897266
784B1955,EAME,2025-06-28,50,wheat,0.32654714409506286,0.718724021897266
784B1955,EAME,2025-06-28,95,quarter,0.13322558182872696,0.8095330239448193
784B1955,EAME,2025-06-28,50,quarter,0.2048658689354352,0.8095330239448193
784B1955,EAME,2025-06-28,95,cat_barn,0.0125178003300253,0
784B1955,EAME,2025-06-28,95,native_ws,0.00509292825331673,0
784B1955,EAME,2025-06-28,95,cattle,0.14066967181273896,0.3790825156443613
784B1955,EAME,2025-06-28,50,cattle,0.10129351519985771,0.3790825156443613
784B1955,EAME,2025-06-28,95,wish_well,0.07351516718809475,0.3766217341878276
784B1955,EAME,2025-06-28,50,wish_well,0.05259321774891906,0.3766217341878276
784B1955,EAME,2025-06-28,95,off_field,0.07068341131957909,NA
784B1955,EAME,2025-06-28,50,off_field,0,NA
784B1955,EAME,2025-06-29,95,frog,0.17547891317500944,0.4881338174389039
784B1955,EAME,2025-06-29,50,frog,0.1626143486216777,0.4881338174389039
784B1955,EAME,2025-06-29,95,horse,0.2770933833631209,0.7256472786188599
784B1955,EAME,2025-06-29,50,horse,0.38172161982606534,0.7256472786188599
784B1955,EAME,2025-06-29,95,wheat,0.2447447070103327,0.35542127085897823
784B1955,EAME,2025-06-29,50,wheat,0.16513980041977402,0.35542127085897823
784B1955,EAME,2025-06-29,95,quarter,0.24876496139103055,0.6126094892889224
784B1955,EAME,2025-06-29,50,quarter,0.28931300836948226,0.6126094892889224
784B1955,EAME,2025-06-29,95,cattle,0.03176294390065468,0
784B1955,EAME,2025-06-29,95,wish_well,0.00707702552237564,0
784B1955,EAME,2025-06-29,95,off_field,0.01285920603830361,NA
784B1955,EAME,2025-06-29,50,off_field,0.0012112227630007,NA
784B1955,EAME,2025-06-30,95,frog,0.2100743799649683,0.6820479517741049
784B1955,EAME,2025-06-30,50,frog,0.2720412435536385,0.6820479517741049
784B1955,EAME,2025-06-30,95,horse,0.24286844305774288,0.6903718850584757
784B1955,EAME,2025-06-30,50,horse,0.3183471288914657,0.6903718850584757
784B1955,EAME,2025-06-30,95,wheat,0.2806116161156345,0.4930312517174806
784B1955,EAME,2025-06-30,50,wheat,0.262679902060923,0.4930312517174806
784B1955,EAME,2025-06-30,95,quarter,0.15940524756921318,0.4832462876706115
784B1955,EAME,2025-06-30,50,quarter,0.1462574147443517,0.4832462876706115
784B1955,EAME,2025-06-30,95,cattle,0.08984537818426966,0.00802458855710667
784B1955,EAME,2025-06-30,95,wish_well,0.02066407349858177,0
784B1955,EAME,2025-06-30,95,off_field,0,NA
784B1955,EAME,2025-06-30,50,off_field,0,NA
784B1955,EAME,2025-07-06,95,frog,0.05324170436741236,0.15065213230596614
784B1955,EAME,2025-07-06,50,frog,0.01522751282580929,0.15065213230596614
784B1955,EAME,2025-07-06,95,horse,0.02730967788299552,0
784B1955,EAME,2025-07-06,95,pear_tree,0.03766704041069094,0.04449397699237536
784B1955,EAME,2025-07-06,95,swale,0.00592915547800175,0
784B1955,EAME,2025-07-06,95,wheat,0.5000016016130319,0.9013091160910576
784B1955,EAME,2025-07-06,50,wheat,0.8555529645912268,0.9013091160910576
784B1955,EAME,2025-07-06,95,quarter,0.06282607936929815,3.5903737505607565e-4
784B1955,EAME,2025-07-06,95,cat_barn,0.06150100182296617,0.4479856185175386
784B1955,EAME,2025-07-06,50,cat_barn,0.05230557779723261,0.4479856185175386
784B1955,EAME,2025-07-06,95,gi,0.02832058530536843,0
784B1955,EAME,2025-07-06,95,native_ws,0.03673868359138661,0.1150158765735861
784B1955,EAME,2025-07-06,50,native_ws,0.00802200864745677,0.1150158765735861
784B1955,EAME,2025-07-06,95,cattle,0.03164542484416453,0
784B1955,EAME,2025-07-06,95,wish_well,0.01903770895445607,0
784B1955,EAME,2025-07-06,95,off_field,0.1315112576054742,NA
784B1955,EAME,2025-07-06,50,off_field,0.0656673743476468,NA
784B1955,EAME,2025-07-23,95,frog,0.0990457144587952,0.8012036438614636
784B1955,EAME,2025-07-23,50,frog,0.1507750553446548,0.8012036438614636
784B1955,EAME,2025-07-23,95,horse,0.10744129734814478,0.8105513265529721
784B1955,EAME,2025-07-23,50,horse,0.16546367135367282,0.8105513265529721
784B1955,EAME,2025-07-23,95,pear_tree,0.00919847186442948,0
784B1955,EAME,2025-07-23,95,wheat,0.11947702868893928,0.2841198277527435
784B1955,EAME,2025-07-23,50,wheat,0.0644966039890745,0.2841198277527435
784B1955,EAME,2025-07-23,95,quarter,0.04730132328613361,0.16173957797390753
784B1955,EAME,2025-07-23,50,quarter,0.01453585184539949,0.16173957797390753
784B1955,EAME,2025-07-23,95,cat_barn,0.00811508843563803,0
784B1955,EAME,2025-07-23,95,native_ws,0.17349784116850714,0.6403688957781266
784B1955,EAME,2025-07-23,50,native_ws,0.21109366296355056,0.6403688957781266
784B1955,EAME,2025-07-23,95,cattle,0.1134344013790504,0.525093424760817
784B1955,EAME,2025-07-23,50,cattle,0.11317024478474492,0.525093424760817
784B1955,EAME,2025-07-23,95,wish_well,0.16822396810451629,0.7712898634073855
784B1955,EAME,2025-07-23,50,wish_well,0.24652240072966927,0.7712898634073855
784B1955,EAME,2025-07-23,95,off_field,0.14742287930256534,NA
784B1955,EAME,2025-07-23,50,off_field,0.03394250898923364,NA
784B1955,EAME,2025-08-08,95,blue_silo,0.2891891142712024,0.7115779478387773
784B1955,EAME,2025-08-08,50,blue_silo,0.3908225326488243,0.7115779478387773
784B1955,EAME,2025-08-08,95,bobolink,0.01219576821310134,0
784B1955,EAME,2025-08-08,95,pear_tree,0.1881458874138477,0.2877506060882913
784B1955,EAME,2025-08-08,50,pear_tree,0.10282202431997704,0.2877506060882913
784B1955,EAME,2025-08-08,95,underhill,0.106545361592631,0.31371104578825615
784B1955,EAME,2025-08-08,50,underhill,0.06348038195343879,0.31371104578825615
784B1955,EAME,2025-08-08,95,wheat,0.09880631711378925,0
784B1955,EAME,2025-08-08,95,retired,0.16325398452121384,0.937338613511778
784B1955,EAME,2025-08-08,50,retired,0.2906266734771146,0.937338613511778
784B1955,EAME,2025-08-08,95,donkey,0.00809988416818136,1
784B1955,EAME,2025-08-08,50,donkey,0.01538345839728316,1
784B1955,EAME,2025-08-08,95,front_hay,0.01216930993503744,0
784B1955,EAME,2025-08-08,95,off_field,0.11669154973320008,NA
784B1955,EAME,2025-08-08,50,off_field,0.13686492920336213,NA
784B1955,EAME,2025-08-16,95,blue_silo,0.01158671472137574,0
784B1955,EAME,2025-08-16,95,frog,0.05636999217690217,0.4942653660903046
784B1955,EAME,2025-08-16,50,frog,0.0529330603579258,0.4942653660903046
784B1955,EAME,2025-08-16,95,horse,0.09398288214439318,0.9704715745243788
784B1955,EAME,2025-08-16,50,horse,0.17328079342054314,0.9704715745243788
784B1955,EAME,2025-08-16,95,pear_tree,0.11506135848983916,0.5105483397030465
784B1955,EAME,2025-08-16,50,pear_tree,0.11160540166065504,0.5105483397030465
784B1955,EAME,2025-08-16,95,underhill,0.01252831450985366,0
784B1955,EAME,2025-08-16,95,wheat,0.23609475289753865,0.828865611933567
784B1955,EAME,2025-08-16,50,wheat,0.3717828107494297,0.828865611933567
784B1955,EAME,2025-08-16,95,quarter,0.1096658903653506,0.8639833393345667
784B1955,EAME,2025-08-16,50,quarter,0.18000964942154749,0.8639833393345667
784B1955,EAME,2025-08-16,95,cat_barn,0.00561482489716141,0
784B1955,EAME,2025-08-16,95,native_ws,0.04919081992191149,0
784B1955,EAME,2025-08-16,95,cattle,0.06131811304708291,0.06938640473697773
784B1955,EAME,2025-08-16,50,cattle,0.00808317564781274,0.06938640473697773
784B1955,EAME,2025-08-16,95,wish_well,0.07265433319180276,0.34488202669707785
784B1955,EAME,2025-08-16,50,wish_well,0.04760482056677258,0.34488202669707785
784B1955,EAME,2025-08-16,95,off_field,0.17095218673951235,NA
784B1955,EAME,2025-08-16,50,off_field,0.05470028817531353,NA
784B1955,EAME,2025-09-05,95,frog,0.33303663524324595,0.7495273813623112
784B1955,EAME,2025-09-05,50,frog,0.474037475386561,0.7495273813623112
784B1955,EAME,2025-09-05,95,horse,0.00597766056974409,0
784B1955,EAME,2025-09-05,95,pear_tree,0.03850996398597937,0
784B1955,EAME,2025-09-05,95,wheat,0.45020653964786744,0.5394051970143452
784B1955,EAME,2025-09-05,50,wheat,0.4611689819812847,0.5394051970143452
784B1955,EAME,2025-09-05,95,quarter,0.00665827583497345,0
784B1955,EAME,2025-09-05,95,cattle,0.14081659464608937,0.30570953926136635
784B1955,EAME,2025-09-05,50,cattle,0.08175154925418877,0.30570953926136635
784B1955,EAME,2025-09-05,95,off_field,0.02041300510706724,NA
784B1955,EAME,2025-09-05,50,off_field,0,NA
784B1955,EAME,2025-07-16,95,frog,0.05548716239445935,0.16609860319799533
784B1955,EAME,2025-07-16,50,frog,0.01750003631449987,0.16609860319799533
784B1955,EAME,2025-07-16,95,horse,0.02144217199422859,0
784B1955,EAME,2025-07-16,95,pear_tree,0.01551967745980233,0
784B1955,EAME,2025-07-16,95,wheat,0.1419348293626201,0.4245531171478534
784B1955,EAME,2025-07-16,50,wheat,0.11441987470932148,0.4245531171478534
784B1955,EAME,2025-07-16,95,quarter,0.00663554817421587,0
784B1955,EAME,2025-07-16,95,native_ws,0.1799328538998034,0.8607592443116785
784B1955,EAME,2025-07-16,50,native_ws,0.29408482686465176,0.8607592443116785
784B1955,EAME,2025-07-16,95,cattle,0.0647244096555623,0
784B1955,EAME,2025-07-16,95,wish_well,0.10708002266904068,0.31435552819822365
784B1955,EAME,2025-07-16,50,wish_well,0.0639160621870334,0.31435552819822365
784B1955,EAME,2025-07-16,95,off_field,0.4040813501158163,NA
784B1955,EAME,2025-07-16,50,off_field,0.5100791999244935,NA
784B1955,EAME,2025-07-25,95,blue_silo,0.39406586130203847,0.6306210208044126
784B1955,EAME,2025-07-25,50,blue_silo,0.4720509406543764,0.6306210208044126
784B1955,EAME,2025-07-25,95,bobolink,0.02522559024473656,0
784B1955,EAME,2025-07-25,95,frog,0.0145297887920002,0
784B1955,EAME,2025-07-25,95,horse,0.00820000454376308,0
784B1955,EAME,2025-07-25,95,swale,0.3454773142135584,0.7073941769670913
784B1955,EAME,2025-07-25,50,swale,0.464229384478018,0.7073941769670913
784B1955,EAME,2025-07-25,95,wheat,0.01576082792641221,0
784B1955,EAME,2025-07-25,95,quarter,0.02239222286667088,0
784B1955,EAME,2025-07-25,95,retired,0.01563128397458842,0
784B1955,EAME,2025-07-25,95,pond,0.04808485713478218,0.1057799258661074
784B1955,EAME,2025-07-25,50,pond,0.00966191471831621,0.1057799258661074
784B1955,EAME,2025-07-25,95,off_field,0.0992817002394512,NA
784B1955,EAME,2025-07-25,50,off_field,0.0540577601492894,NA
784B1955,EAME,2025-07-26,95,frog,0.42142851563661776,0.7158376555478893
784B1955,EAME,2025-07-26,50,frog,0.5719455098813412,0.7158376555478893
784B1955,EAME,2025-07-26,95,wheat,0.33543588036197935,0.5300856374905832
784B1955,EAME,2025-07-26,50,wheat,0.33711008828346095,0.5300856374905832
784B1955,EAME,2025-07-26,95,cattle,0.23588667246504152,0.246315829426507
784B1955,EAME,2025-07-26,50,cattle,0.11015695512219456,0.246315829426507
784B1955,EAME,2025-07-26,95,off_field,0.00724893153636138,NA
784B1955,EAME,2025-07-26,50,off_field,0,NA
784B1955,EAME,2025-08-09,95,blue_silo,0.06787501638222612,0.1205880304740765
784B1955,EAME,2025-08-09,50,blue_silo,0.01554056033141346,0.1205880304740765
784B1955,EAME,2025-08-09,95,frog,0.21048764451955537,0.688075846629264
784B1955,EAME,2025-08-09,50,frog,0.27498907842327996,0.688075846629264
784B1955,EAME,2025-08-09,95,horse,0.01630399692868532,0
784B1955,EAME,2025-08-09,95,pear_tree,0.1016971862734556,0.22689993329910524
784B1955,EAME,2025-08-09,50,pear_tree,0.04381227748743633,0.22689993329910524
784B1955,EAME,2025-08-09,95,wheat,0.44155169529066074,0.7299792230291524
784B1955,EAME,2025-08-09,50,wheat,0.6119903582660976,0.7299792230291524
784B1955,EAME,2025-08-09,95,quarter,0.02199405505259566,0
784B1955,EAME,2025-08-09,95,retired,0.02439164057117622,0.09726257822871304
784B1955,EAME,2025-08-09,95,donkey,0.00805254177307623,0.6506605968260918
784B1955,EAME,2025-08-09,50,donkey,0.00994809715209077,0.6506605968260918
784B1955,EAME,2025-08-09,95,cattle,0.03511401537737011,0
784B1955,EAME,2025-08-09,95,off_field,0.071655632348951,NA
784B1955,EAME,2025-08-09,50,off_field,0.03921520382245637,NA
784B1955,EAME,2025-08-26,95,frog,0.22538629743721209,0.5978832528623316
784B1955,EAME,2025-08-26,50,frog,0.2558762273274682,0.5978832528623316
784B1955,EAME,2025-08-26,95,horse,0.0447947329815325,0
784B1955,EAME,2025-08-26,95,wheat,0.5752548753026202,0.6896724403036534
784B1955,EAME,2025-08-26,50,wheat,0.7533368653469826,0.6896724403036534
784B1955,EAME,2025-08-26,95,quarter,0.0350999157011529,0
784B1955,EAME,2025-08-26,95,cattle,0.0958631959509362,0
784B1955,EAME,2025-08-26,95,wish_well,0.0130061422553378,0
784B1955,EAME,2025-08-26,95,off_field,0.00690609844197207,NA
784B1955,EAME,2025-08-26,50,off_field,0,NA
784B1955,EAME,2025-07-03,95,blue_silo,0.05586301972199566,0.02926403688878254
784B1955,EAME,2025-07-03,95,frog,0.06805367162698167,0.5080296217977489
784B1955,EAME,2025-07-03,50,frog,0.06568009576384808,0.5080296217977489
784B1955,EAME,2025-07-03,95,horse,0.12219932655708296,0.9727163646182492
784B1955,EAME,2025-07-03,50,horse,0.22581262299150331,0.9727163646182492
784B1955,EAME,2025-07-03,95,swale,0.00940898303754359,0
784B1955,EAME,2025-07-03,95,wheat,0.10737525037035411,0.339277957074865
784B1955,EAME,2025-07-03,50,wheat,0.06920747659207252,0.339277957074865
784B1955,EAME,2025-07-03,95,quarter,0.142140069476644,0.983617548805493
784B1955,EAME,2025-07-03,50,quarter,0.26560483246759026,0.983617548805493
784B1955,EAME,2025-07-03,95,cat_barn,0.01739081381362382,0
784B1955,EAME,2025-07-03,95,native_ws,0.02269941568441957,0
784B1955,EAME,2025-07-03,95,cattle,0.1819518112291944,0.43772741338667737
784B1955,EAME,2025-07-03,50,cattle,0.15130501034069851,0.43772741338667737
784B1955,EAME,2025-07-03,95,wish_well,0.1400316933202959,0.6394809690002666
784B1955,EAME,2025-07-03,50,wish_well,0.1701167767744759,0.6394809690002666
784B1955,EAME,2025-07-03,95,off_field,0.12378307142175872,NA
784B1955,EAME,2025-07-03,50,off_field,0.04916753997378486,NA
784B1955,EAME,2025-08-06,95,frog,0.1292096583971887,0.28090729613424503
784B1955,EAME,2025-08-06,50,frog,0.06890341044645132,0.28090729613424503
784B1955,EAME,2025-08-06,95,horse,0.01159985265371027,0
784B1955,EAME,2025-08-06,95,pear_tree,0.17302544271623982,0.4295565845533787
784B1955,EAME,2025-08-06,50,pear_tree,0.14109546990300847,0.4295565845533787
784B1955,EAME,2025-08-06,95,wheat,0.515924984713646,0.7534725632528754
784B1955,EAME,2025-08-06,50,wheat,0.737966628603769,0.7534725632528754
784B1955,EAME,2025-08-06,95,quarter,0.03497757877175295,0
784B1955,EAME,2025-08-06,95,cattle,0.03212873016104872,0
784B1955,EAME,2025-08-06,95,off_field,0.09731980400192704,NA
784B1955,EAME,2025-08-06,50,off_field,0.0520344910467712,NA
784B1955,EAME,2025-08-20,95,frog,0.27125759286657,0.7700081466903402
784B1955,EAME,2025-08-20,50,frog,0.3962984855096912,0.7700081466903402
784B1955,EAME,2025-08-20,95,horse,0.03094918639726789,0
784B1955,EAME,2025-08-20,95,pear_tree,0.01525287968102982,0
784B1955,EAME,2025-08-20,95,wheat,0.4030740084250757,0.6366200496555775
784B1955,EAME,2025-08-20,50,wheat,0.48686695132089775,0.6366200496555775
784B1955,EAME,2025-08-20,95,quarter,0.01396592671767594,0
784B1955,EAME,2025-08-20,95,cattle,0.19863258463418,0.3161051401425502
784B1955,EAME,2025-08-20,50,cattle,0.11913167299465008,0.3161051401425502
784B1955,EAME,2025-08-20,95,wish_well,0.00705636944927713,0
784B1955,EAME,2025-08-20,95,off_field,0.05981145182892354,NA
784B1955,EAME,2025-08-20,50,off_field,0,NA
784B1955,EAME,2025-08-21,95,frog,0.2761555192859168,0.3184247253901335
784B1955,EAME,2025-08-21,50,frog,0.16691055505255772,0.3184247253901335
784B1955,EAME,2025-08-21,95,wheat,0.6800166461571043,0.653348810838114
784B1955,EAME,2025-08-21,50,wheat,0.8433113390365459,0.653348810838114
784B1955,EAME,2025-08-21,95,cattle,0.03823989886719587,0
784B1955,EAME,2025-08-21,95,off_field,0,NA
784B1955,EAME,2025-08-21,50,off_field,0,NA
784B1955,EAME,2025-09-03,95,blue_silo,0.01372959532224652,0
784B1955,EAME,2025-09-03,95,frog,0.16889806062240986,0.33796230669949434
784B1955,EAME,2025-09-03,50,frog,0.10837835036908972,0.33796230669949434
784B1955,EAME,2025-09-03,95,horse,0.0231733642724783,0
784B1955,EAME,2025-09-03,95,pear_tree,0.00516316574747515,0
784B1955,EAME,2025-09-03,95,wheat,0.665663842580336,0.7114983745237788
784B1955,EAME,2025-09-03,50,wheat,0.8992459442718123,0.7114983745237788
784B1955,EAME,2025-09-03,95,quarter,0.05112782051852146,0
784B1955,EAME,2025-09-03,95,cat_barn,0.00536420842223316,0
784B1955,EAME,2025-09-03,95,cattle,0.01457644456044708,0
784B1955,EAME,2025-09-03,95,off_field,0.05155484983492571,NA
784B1955,EAME,2025-09-03,50,off_field,0,NA
784B1955,EAME,2025-06-16,95,frog,0.0092792394408913,0
784B1955,EAME,2025-06-16,95,horse,0.43807714236660034,0.6602136103564928
784B1955,EAME,2025-06-16,50,horse,0.5493028775012209,0.6602136103564928
784B1955,EAME,2025-06-16,95,wheat,0.02588608240221472,0
784B1955,EAME,2025-06-16,95,quarter,0.23163994314324984,0.527776048791905
784B1955,EAME,2025-06-16,50,quarter,0.23218808762641552,0.527776048791905
784B1955,EAME,2025-06-16,95,cat_barn,0.07308473535370653,4.040492083208797e-4
784B1955,EAME,2025-06-16,95,gi,0.02493556477185872,0
784B1955,EAME,2025-06-16,95,native_ws,0.02255468912365774,0
784B1955,EAME,2025-06-16,95,off_field,0.17454260339782082,NA
784B1955,EAME,2025-06-16,50,off_field,0.2184529510317633,NA
784B1955,EAME,2025-06-21,95,frog,0.00971454230492352,0
784B1955,EAME,2025-06-21,95,horse,0.3323820708205687,0.732850639871667
784B1955,EAME,2025-06-21,50,horse,0.46243174495658507,0.732850639871667
784B1955,EAME,2025-06-21,95,wheat,0.12906281905088535,0
784B1955,EAME,2025-06-21,95,quarter,0.32934653428999183,0.6731631494381188
784B1955,EAME,2025-06-21,50,quarter,0.420889421580234,0.6731631494381188
784B1955,EAME,2025-06-21,95,cat_barn,0.02421672341366533,0
784B1955,EAME,2025-06-21,95,gi,0.00692733712708495,0
784B1955,EAME,2025-06-21,95,native_ws,0.01389448209168126,0
784B1955,EAME,2025-06-21,95,cattle,0.02477274781009576,0
784B1955,EAME,2025-06-21,95,wish_well,0.00701141409958684,0
784B1955,EAME,2025-06-21,95,off_field,0.1203377165134992,NA
784B1955,EAME,2025-06-21,50,off_field,0.11667883346318088,NA
784B1955,EAME,2025-06-25,95,frog,0.1946675416819177,0.7517284228994844
784B1955,EAME,2025-06-25,50,frog,0.27793715111444856,0.7517284228994844
784B1955,EAME,2025-06-25,95,horse,0.1307720303322027,0.5745168153069191
784B1955,EAME,2025-06-25,50,horse,0.1426953091811186,0.5745168153069191
784B1955,EAME,2025-06-25,95,pear_tree,0.00888061502721149,0
784B1955,EAME,2025-06-25,95,wheat,0.4352500710295792,0.6304706368457266
784B1955,EAME,2025-06-25,50,wheat,0.5211896723373668,0.6304706368457266
784B1955,EAME,2025-06-25,95,quarter,0.0875841254576533,0.3653785248421146
784B1955,EAME,2025-06-25,50,quarter,0.06077997285085528,0.3653785248421146
784B1955,EAME,2025-06-25,95,cattle,0.09459362374842945,1.3394575492247246e-5
784B1955,EAME,2025-06-25,95,wish_well,0.03976049623286327,0
784B1955,EAME,2025-06-25,95,off_field,0.00847010278013689,NA
784B1955,EAME,2025-06-25,50,off_field,0,NA
784B1955,EAME,2025-07-21,95,frog,0.448639513105076,0.6512855712081547
784B1955,EAME,2025-07-21,50,frog,0.55516484206172,0.6512855712081547
784B1955,EAME,2025-07-21,95,wheat,0.41978908528819303,0.5763932810538507
784B1955,EAME,2025-07-21,50,wheat,0.4597301957068251,0.5763932810538507
784B1955,EAME,2025-07-21,95,cattle,0.12440572054285566,0.00274729935221076
784B1955,EAME,2025-07-21,95,off_field,0,NA
784B1955,EAME,2025-07-21,50,off_field,0,NA
784B1955,EAME,2025-07-28,95,blue_silo,0.2293692341246412,0.833016569317335
784B1955,EAME,2025-07-28,50,blue_silo,0.36289315219172136,0.833016569317335
784B1955,EAME,2025-07-28,95,bobolink,0.01521990750871587,0
784B1955,EAME,2025-07-28,95,frog,0.04033673690450566,0.2378810802244137
784B1955,EAME,2025-07-28,50,frog,0.0182242906512547,0.2378810802244137
784B1955,EAME,2025-07-28,95,horse,0.00907253222510381,0
784B1955,EAME,2025-07-28,95,pear_tree,0.04935894406408051,0
784B1955,EAME,2025-07-28,95,swale,0.25333838808934617,0.8910254245961831
784B1955,EAME,2025-07-28,50,swale,0.42872723010827335,0.8910254245961831
784B1955,EAME,2025-07-28,95,underhill,0.05756243704737797,0.17575436518290302
784B1955,EAME,2025-07-28,50,underhill,0.01921477315454953,0.17575436518290302
784B1955,EAME,2025-07-28,95,wheat,0.10820237972611456,0.3735494370438553
784B1955,EAME,2025-07-28,50,wheat,0.07676705274640483,0.3735494370438553
784B1955,EAME,2025-07-28,95,quarter,0.01839996519993703,0
784B1955,EAME,2025-07-28,95,retired,0.02290594257972632,0
784B1955,EAME,2025-07-28,95,front_hay,0.05480223794710357,0.23554277496513765
784B1955,EAME,2025-07-28,50,front_hay,0.02451647629340937,0.23554277496513765
784B1955,EAME,2025-07-28,95,cat_barn,0.02156482482072967,0.07319513745326246
784B1955,EAME,2025-07-28,95,cattle,0.01026513222873569,0
784B1955,EAME,2025-07-28,95,off_field,0.093104553414798,NA
784B1955,EAME,2025-07-28,50,off_field,0.06665911800773053,NA
784B1955,EAME,2025-09-09,95,blue_silo,0.00506924133968607,0
784B1955,EAME,2025-09-09,95,frog,0.24718976870627957,0.7115445135125352
784B1955,EAME,2025-09-09,50,frog,0.3339694913552046,0.7115445135125352
784B1955,EAME,2025-09-09,95,pear_tree,0.01541927429940115,0
784B1955,EAME,2025-09-09,95,wheat,0.5142086547145118,0.6914665706435733
784B1955,EAME,2025-09-09,50,wheat,0.6751259485202706,0.6914665706435733
784B1955,EAME,2025-09-09,95,quarter,0.00974769421563174,0
784B1955,EAME,2025-09-09,95,cattle,0.0716855347977174,0
784B1955,EAME,2025-09-09,95,off_field,0.13281524827243307,NA
784B1955,EAME,2025-09-09,50,off_field,0,NA
78786133,EAME,2025-08-14,95,blue_silo,0.00638393563377858,0
78786133,EAME,2025-08-14,95,frog,0.11250379465135438,0.8104599001920131
78786133,EAME,2025-08-14,50,frog,0.17315391673441083,0.8104599001920131
78786133,EAME,2025-08-14,95,pear_tree,0.08113724752691621,0.318323455473898
78786133,EAME,2025-08-14,50,pear_tree,0.049048138356149,0.318323455473898
78786133,EAME,2025-08-14,95,wheat,0.29146226945343184,0.8135723735944256
78786133,EAME,2025-08-14,50,wheat,0.4503105812122477,0.8135723735944256
78786133,EAME,2025-08-14,95,retired,0.00875769389196365,0
78786133,EAME,2025-08-14,95,cattle,0.10851598879740544,0.28529399023004515
78786133,EAME,2025-08-14,50,cattle,0.0587922352590496,0.28529399023004515
78786133,EAME,2025-08-14,95,off_field,0.3862971098037888,NA
78786133,EAME,2025-08-14,50,off_field,0.26869512843814286,NA
78786133,EAME,2025-06-18,95,horse,0.2992240802435314,0.27236286776035884
78786133,EAME,2025-06-18,50,horse,0.15475701855924,0.27236286776035884
78786133,EAME,2025-06-18,95,quarter,0.6574532638729775,0.6654864236900637
78786133,EAME,2025-06-18,50,quarter,0.83082585100973,0.6654864236900637
78786133,EAME,2025-06-18,95,cattle,0.01358965657673611,0
78786133,EAME,2025-06-18,95,wish_well,0.02082077722945845,0
78786133,EAME,2025-06-18,95,off_field,0.00891222207729644,NA
78786133,EAME,2025-06-18,50,off_field,0.01441713043102994,NA
78786133,EAME,2025-07-26,95,alfalfa,0.05099986064913919,0.1705634425550547
78786133,EAME,2025-07-26,50,alfalfa,0.01652651047333126,0.1705634425550547
78786133,EAME,2025-07-26,95,blue_silo,0.20328799217073465,0.9987515051501736
78786133,EAME,2025-07-26,50,blue_silo,0.38574063762342514,0.9987515051501736
78786133,EAME,2025-07-26,95,bobolink,0.02946949433210662,0.10605430051191882
78786133,EAME,2025-07-26,50,bobolink,0.00593782219162489,0.10605430051191882
78786133,EAME,2025-07-26,95,frog,0.00814125283855974,0
78786133,EAME,2025-07-26,95,horse,0.0050523575091235,0
78786133,EAME,2025-07-26,95,pear_tree,0.06247233076614862,0.49510446648729334
78786133,EAME,2025-07-26,50,pear_tree,0.0587639220863184,0.49510446648729334
78786133,EAME,2025-07-26,95,swale,0.1650457072748419,0.9473663684713752
78786133,EAME,2025-07-26,50,swale,0.29706290043854966,0.9473663684713752
78786133,EAME,2025-07-26,95,underhill,0.05433195653285317,0.3307454134197933
78786133,EAME,2025-07-26,50,underhill,0.03414093381680819,0.3307454134197933
78786133,EAME,2025-07-26,95,wheat,0.03680774009431185,0.04082543360940874
78786133,EAME,2025-07-26,95,quarter,0.0232057013034704,0.20748671009076733
78786133,EAME,2025-07-26,50,quarter,0.00914768503950802,0.20748671009076733
78786133,EAME,2025-07-26,95,retired,0.03346760441161774,0.946926519795568
78786133,EAME,2025-07-26,50,retired,0.06020979206489088,0.946926519795568
78786133,EAME,2025-07-26,50,donkey,0.00513054843321544,1
78786133,EAME,2025-07-26,95,front_hay,0.02569289447308267,0
78786133,EAME,2025-07-26,95,pond,0.0310924360303246,0.23085363801848577
78786133,EAME,2025-07-26,50,pond,0.01363696397483379,0.23085363801848577
78786133,EAME,2025-07-26,95,back_woods,0.03908614973415884,0
78786133,EAME,2025-07-26,95,piano,0.00739347526299312,0
78786133,EAME,2025-07-26,95,cat_barn,0.00738021991361432,0
78786133,EAME,2025-07-26,95,cattle,0.0209261790128717,0
78786133,EAME,2025-07-26,95,off_field,0.1823221073970027,NA
78786133,EAME,2025-07-26,50,off_field,0.1108473491491139,NA
78786133,EAME,2025-08-09,95,frog,0.10006699821948888,0.8369420774380159
78786133,EAME,2025-08-09,50,frog,0.15906593919153209,0.8369420774380159
78786133,EAME,2025-08-09,95,horse,0.01535484685142174,0
78786133,EAME,2025-08-09,95,pear_tree,0.01175351015825247,0
78786133,EAME,2025-08-09,95,wheat,0.12142775968653503,0.5290640808592133
78786133,EAME,2025-08-09,50,wheat,0.12201611115043988,0.5290640808592133
78786133,EAME,2025-08-09,95,quarter,0.01447467381994198,0
78786133,EAME,2025-08-09,95,cat_barn,0.01441832292408969,0
78786133,EAME,2025-08-09,95,gi,0.00852339271845075,0
78786133,EAME,2025-08-09,95,native_ws,0.01140531505910724,0
78786133,EAME,2025-08-09,95,cattle,0.16394304014688937,0.6778354548262485
78786133,EAME,2025-08-09,50,cattle,0.2110610940017953,0.6778354548262485
78786133,EAME,2025-08-09,95,wish_well,0.00876536132979512,0
78786133,EAME,2025-08-09,95,off_field,0.5248036139064671,NA
78786133,EAME,2025-08-09,50,off_field,0.5078568556562327,NA
78786133,EAME,2025-06-19,95,blue_silo,0.01344165095223907,0
78786133,EAME,2025-06-19,95,horse,0.2459199199680999,0.684309537323597
78786133,EAME,2025-06-19,50,horse,0.3194849801570629,0.684309537323597
78786133,EAME,2025-06-19,95,wheat,0.04455634867030587,0
78786133,EAME,2025-06-19,95,quarter,0.4960761343499603,0.6542227106013129
78786133,EAME,2025-06-19,50,quarter,0.6161381413858102,0.6542227106013129
78786133,EAME,2025-06-19,95,cat_barn,0.01998048451689696,0
78786133,EAME,2025-06-19,95,native_ws,0.03770855372996162,0
78786133,EAME,2025-06-19,95,off_field,0.13768461320956202,NA
78786133,EAME,2025-06-19,50,off_field,0.06437687845712689,NA
78786133,EAME,2025-06-16,95,horse,0.2758726048371572,0.5363184764054119
78786133,EAME,2025-06-16,50,horse,0.28102714253713884,0.5363184764054119
78786133,EAME,2025-06-16,95,quarter,0.23352117559646168,0.4089047942198666
78786133,EAME,2025-06-16,50,quarter,0.1813699794966727,0.4089047942198666
78786133,EAME,2025-06-16,95,cat_barn,0.07630737731285242,0.02470614886249087
78786133,EAME,2025-06-16,95,native_ws,0.02060749480214384,0
78786133,EAME,2025-06-16,95,wish_well,0.03318202257833631,0
78786133,EAME,2025-06-16,95,off_field,0.35995673015634544,NA
78786133,EAME,2025-06-16,50,off_field,0.5340220083010266,NA
